date,street_number,postcode,property_type,sale_value,house_number,house_number2,street_name,num_bedrooms
03-04-2017,4 Sharman Drive,NN18 9FD,NA,NA,4,NA,Sharman Drive,NA
03-04-2017,29 Willow Lane,NN14 1DT,NA,NA,29,NA,Willow Lane,NA
08-05-2017,2 Dovedale Road,NN17 1LP,NA,NA,2,NA,Dovedale Road,NA
22-05-2017,8 Leonardo Crescent,NN18 0RZ,NA,NA,8,NA,Leonardo Crescent,NA
22-05-2017,19 Hogarthe Walk,NN18 0SN,NA,NA,19,NA,Hogarthe Walk,NA
22-05-2017,8 Browning Walk,NN17 2NF,NA,NA,8,NA,Browning Walk,NA
05-06-2017,47 Newark Drive,NN18 0ET,NA,NA,47,NA,Newark Drive,NA
03-07-2017,60 Sandby Road,NN18 9LP,NA,NA,60,NA,Sandby Road,NA
17-07-2017,37 Dorking Walk,NN18 9JL,NA,NA,37,NA,Dorking Walk,NA
31-07-2017,3 Shetland Way,NN17 2HW,NA,NA,3,NA,Shetland Way,NA
31-07-2017,45 Steyning Close,NN18 ONE,NA,NA,45,NA,Steyning Close,NA
18-08-2017,3 Croyde Avenue,NN18 8EG,NA,NA,3,NA,Croyde Avenue,NA
21-08-2017,19 Willow Lane,NN14 1DT,NA,NA,19,NA,Willow Lane,NA
15-09-2017,53 Woodnewton Way,NN17 2NS,NA,NA,53,NA,Woodnewton Way,NA
25-09-2017,12 Lynmouth Place,NN18 8BT,NA,NA,12,NA,Lynmouth Place,NA
25-09-2017,43 Llewellyn Walk,NN18 ORY,NA,NA,43,NA,Llewellyn Walk,NA
16-10-2017,179 Rockingham Road,NN17 2AA,NA,NA,179,NA,Rockingham Road,NA
30-10-2017,78 Dreseden Close,NN18 9EN,NA,NA,78,NA,Dreseden Close,NA
06-11-2017,29 Bamburg Close,NN18 9PA,NA,NA,29,NA,Bamburg Close,NA
18-12-2017,8 Birling Place,NN18 0LZ,NA,NA,8,NA,Birling Place,NA
18-12-2017,9 Llewellyn Walk,NN18 OLZ,NA,NA,9,NA,Llewellyn Walk,NA
18-12-2017,4 Gainsborough Road,NN18 0RJ,NA,NA,4,NA,Gainsborough Road,NA
18-12-2017,73 Dorking Walk,NN18 9JL,NA,NA,73,NA,Dorking Walk,NA
08-01-2018,13 Westfields Road,NN17 IHE,NA,NA,13,NA,Westfields Road,NA
05-02-2018,79 Westfields Road,NN17 1HG,NA,NA,79,NA,Westfields Road,NA
05-02-2018,66 Kingsthorpe Avenue,NN17 2PX,NA,NA,66,NA,Kingsthorpe Avenue,NA
05-02-2018,71 Northbrook,NN18 9AU,NA,NA,71,NA,Northbrook,NA
05-02-2018,13 Malcolm Court,NN17 1RY,NA,NA,13,NA,Malcolm Court,NA
12-02-2018,7 Tanfields Grove,NN17 1HH,NA,NA,7,NA,Tanfields Grove,NA
26-02-2018,18 Westbury Walk,NN18 OAE,NA,NA,18,NA,Westbury Walk,NA
12-03-2018,59 Epsom Walk,NN18 9JJ,NA,NA,59,NA,Epsom Walk,NA
12-03-2018,37 Stour Road,NN17 2HX,NA,NA,37,NA,Stour Road,NA
09-04-2018,47 Burghley Drive,NA,NA,NA,47,NA,Burghley Drive,NA
18-04-2018,6 Tromso Close,NA,NA,NA,6,NA,Tromso Close,NA
30-04-2018,32 Westglebe Road,NA,NA,NA,32,NA,Westglebe Road,NA
14-05-2018,12 Gunnell Road,NA,NA,NA,12,NA,Gunnell Road,NA
21-05-2018,12 Blackmoor Avenue,NA,NA,NA,12,NA,Blackmoor Avenue,NA
21-05-2018,39 Lapland Walk,NA,NA,NA,39,NA,Lapland Walk,NA
25-06-2018,29 Brookes Grove,NA,NA,NA,29,NA,Brookes Grove,NA
09-07-2018,32 Westminister Walk,NA,NA,NA,32,NA,Westminister Walk,NA
23-07-2018,320 Willowbrook Road,NA,NA,NA,320,NA,Willowbrook Road,NA
30-07-2018,70 Culross Walk,NA,NA,NA,70,NA,Culross Walk,NA
06-08-2018,3 Skipton Close,NA,NA,NA,3,NA,Skipton Close,NA
27-08-2018,3 Wilby Close,NA,NA,NA,3,NA,Wilby Close,NA
26-11-2018,9 Stephenson Way,NA,NA,NA,9,NA,Stephenson Way,NA
26-11-2018,27 Occupation Road,NA,NA,NA,27,NA,Occupation Road,NA
03-12-2018,32 Sandby Road,NA,NA,NA,32,NA,Sandby Road,NA
10-12-2018,8 Brookes Grove,NA,NA,NA,8,NA,Brookes Grove,NA
17-12-2018,330 Gainsborough Road,NA,NA,NA,330,NA,Gainsborough Road,NA
17-12-2018,8 Wedmore Court,NA,NA,NA,8,NA,Wedmore Court,NA
14-01-2019,27 Deveron Walk,NA,NA,NA,27,NA,Deveron Walk,NA
28-01-2019,31 Sheffield Walk,NA,NA,NA,31,NA,Sheffield Walk,NA
28-01-2019,9 West Glebe Road,NA,NA,NA,9,NA,West Glebe Road,NA
21-01-2019,51 Farndale Road,NA,NA,NA,51,NA,Farndale Road,NA
28-01-2019,31 Sheffield Walk,NA,NA,NA,31,NA,Sheffield Walk,NA
28-01-2019,9 West Glebe Road,NA,NA,NA,9,NA,West Glebe Road,NA
04-02-2019,4 Maidford Road,NA,NA,NA,4,NA,Maidford Road,NA
04-02-2019,15 Station Road,NA,NA,NA,15,NA,Station Road,NA
18-02-2019,4 Brigg Court,NA,NA,NA,4,NA,Brigg Court,NA
18-02-2019,79 Culross Walk,NA,NA,NA,79,NA,Culross Walk,NA
25-02-2019,12 East Crescent,NA,NA,NA,12,NA,East Crescent,NA
25-02-2019,218 Rowlett Road,NA,NA,NA,218,NA,Rowlett Road,NA
04-03-2019,87 Newark Drive,NA,NA,NA,87,NA,Newark Drive,NA
04-03-2019,4 Ollis Close,NA,NA,NA,4,NA,Ollis Close,NA
04-03-2019,19 Tollgate Place,NA,NA,NA,19,NA,Tollgate Place,NA
25-03-2019,19 Tavistock Square,NA,NA,NA,19,NA,Tavistock Square,NA
25-03-2019,55 Steyning Close,NA,NA,NA,55,NA,Steyning Close,NA
25-05-2019,8 Butterwick Walk,NA,NA,NA,8,NA,Butterwick Walk,NA
25-05-2019,106 Orkney Walk,NA,NA,NA,106,NA,Orkney Walk,NA
01-04-2019,112 Oakley Road,NA,NA,NA,112,NA,Oakley Road,NA
01-04-2019,17 Eastbrook,NA,NA,NA,17,NA,Eastbrook,NA
01-04-2019,26 Atgyll Street,NA,NA,NA,26,NA,Atgyll Street,NA
29-04-2019,26 Culross Walk,NA,NA,NA,26,NA,Culross Walk,NA
13-05-2019,5 Herford Close,NA,NA,NA,5,NA,Herford Close,NA
20-05-2019,20 Isaly Walk,NA,NA,NA,20,NA,Isaly Walk,NA
20-05-2019,43 Hefford Close,NA,NA,NA,43,NA,Hefford Close,NA
03-06-2019,4 Spinney Road,NA,NA,NA,4,NA,Spinney Road,NA
03-06-2019,10 Warehan Green,NA,NA,NA,10,NA,Warehan Green,NA
03-06-2019,24 Capmpell Road,NA,NA,NA,24,NA,Capmpell Road,NA
03-06-2019,65 Willowbrook Road,NA,NA,NA,65,NA,Willowbrook Road,NA
10-06-2019,77 James Watt Avenue,NA,NA,NA,77,NA,James Watt Avenue,NA
10-06-2019,10 Blake Road,NA,NA,NA,10,NA,Blake Road,NA
10-06-2019,39 Thetford Close,NA,NA,NA,39,NA,Thetford Close,NA
17-06-2019,91 Elizabeth Street,NA,NA,NA,91,NA,Elizabeth Street,NA
24-06-2019,46 Stuart Road,NA,NA,NA,46,NA,Stuart Road,NA
01-07-2019,8 Rowlett Road,NA,NA,NA,8,NA,Rowlett Road,NA
01-07-2019,16 Dorking Walk,NA,NA,NA,16,NA,Dorking Walk,NA
08-07-2019,22 Weston Walk,NA,NA,NA,22,NA,Weston Walk,NA
22-07-2019,18 Helmsley Way,NA,NA,NA,18,NA,Helmsley Way,NA
29-07-2019,30 Tanfields Grove,NA,NA,NA,30,NA,Tanfields Grove,NA
05-08-2019,37 Wharfedale Road,NA,NA,NA,37,NA,Wharfedale Road,NA
05-08-2019,13 Totness Close,NA,NA,NA,13,NA,Totness Close,NA
19-08-2019,31 Skegness Walk,NA,NA,NA,31,NA,Skegness Walk,NA
19-08-2019,3 Spencer Walk,NA,NA,NA,3,NA,Spencer Walk,NA
19-08-2019,39 Beanfield Avenue,NA,NA,NA,39,NA,Beanfield Avenue,NA
02-09-2019,18 Fineshade Grove,NA,NA,NA,18,NA,Fineshade Grove,NA
02-09-2019,15 Hazelwood Road,NA,NA,NA,15,NA,Hazelwood Road,NA
09-09-2019,1 Tavistock Square,NA,NA,NA,1,NA,Tavistock Square,NA
16-09-2019,4 Laxton Close,NA,NA,NA,4,NA,Laxton Close,NA
16-09-2019,12 Staffa Walk,NA,NA,NA,12,NA,Staffa Walk,NA
23-09-2019,75 Highbrook,NA,NA,NA,75,NA,Highbrook,NA
23-09-2019,23 Wilby Close,NA,NA,NA,23,NA,Wilby Close,NA
30-09-2019,33 Whitworth Avenue,NA,NA,NA,33,NA,Whitworth Avenue,NA
30-09-2019,6 Gunnell Road,NA,NA,NA,6,NA,Gunnell Road,NA
07-10-2019,8 Beech Close,NA,NA,NA,8,NA,Beech Close,NA
14-10-2019,183 Rockingham Road,NA,NA,NA,183,NA,Rockingham Road,NA
14-10-2019,85 Countsfarm Road,NA,NA,NA,85,NA,Countsfarm Road,NA
21-10-2019,3 Binbrrok Walk,NA,NA,NA,3,NA,Binbrrok Walk,NA
21-10-2019,32helmsley Way,NA,NA,NA,32h,NA,elmsley Way,NA
05-11-2019,15 Stephenson Way,NA,NA,NA,15,NA,Stephenson Way,NA
05-11-2019,21 Burghley Drive,NA,NA,NA,21,NA,Burghley Drive,NA
04-11-2019,276 Stephenson Way,NA,NA,NA,276,NA,Stephenson Way,NA
04-11-2019,9 Wimborne Walk,NA,NA,NA,9,NA,Wimborne Walk,NA
25-11-2019,16 Lerwick Way,NA,NA,NA,16,NA,Lerwick Way,NA
02-12-2019,11 Brighton Road,NA,NA,NA,11,NA,Brighton Road,NA
09-12-2019,82 Bede Close,NA,NA,NA,82,NA,Bede Close,NA
09-12-2019,347 Willowbrook Road,NA,NA,NA,347,NA,Willowbrook Road,NA
09-12-2019,13 Stour Road,NA,NA,NA,13,NA,Stour Road,NA
16-12-2019,91 Constable Road,NA,NA,NA,91,NA,Constable Road,NA
16-12-2019,53 Sulgrave Drive,NA,NA,NA,53,NA,Sulgrave Drive,NA
16-12-2019,8 Greig Walk,NA,NA,NA,8,NA,Greig Walk,NA
16-12-2019,13 Scott Road,NA,NA,NA,13,NA,Scott Road,NA
16-12-2019,76 Kirby Road,NA,NA,NA,76,NA,Kirby Road,NA
16-12-2019,45 Gainsborough Road,NA,NA,NA,45,NA,Gainsborough Road,NA
06-01-2020,31 Exmouth Avenue,NA,NA,NA,31,NA,Exmouth Avenue,NA
13-01-2020,69 Culross Walk,NA,NA,NA,69,NA,Culross Walk,NA
20-01-2020,15 Selby Walk,NA,NA,NA,15,NA,Selby Walk,NA
20-01-2020,36 Occupation Road,NA,NA,NA,36,NA,Occupation Road,NA
20-01-2020,23 Shire Road,NA,NA,NA,23,NA,Shire Road,NA
03-02-2020,36 Stamford Walk,NA,NA,NA,36,NA,Stamford Walk,NA
03-02-2020,25 Brinkhill Walk,NA,NA,NA,25,NA,Brinkhill Walk,NA
10-02-2020,17 Sheffield Walk,NA,NA,NA,17,NA,Sheffield Walk,NA
17-02-2020,10 Buckfast Square,NA,NA,NA,10,NA,Buckfast Square,NA
24-02-2020,9 Reigate Walk,NA,NA,NA,9,NA,Reigate Walk,NA
24-02-2020,101 Arygll Street,NA,NA,NA,101,NA,Arygll Street,NA
24-02-2020,3 Culloden Court,NA,NA,NA,3,NA,Culloden Court,NA
02-03-2020,46 Occupation Road,NA,NA,NA,46,NA,Occupation Road,NA
16-03-2020,72 Tanfields Grove,NA,NA,NA,72,NA,Tanfields Grove,NA
16-03-2020,5 Warkton Way,NA,NA,NA,5,NA,Warkton Way,NA
20-04-2020,13 Orkney Walk,NA,NA,NA,13,NA,Orkney Walk,NA
20-04-2020,19 Handcross Court,NA,NA,NA,19,NA,Handcross Court,NA
20-04-2020,37 Wedmore Court,NA,NA,NA,37,NA,Wedmore Court,NA
20-04-2020,120 Finland Way,NA,NA,NA,120,NA,Finland Way,NA
18-05-2020,2 Clywd Walk,NA,NA,NA,2,NA,Clywd Walk,NA
08-06-2020,1 Rufford Walk,NA,NA,NA,1,NA,Rufford Walk,NA
22-06-2020,5 Tromso Close,NA,NA,NA,5,NA,Tromso Close,NA
20-07-2020,25 Orkney Walk,NA,NA,NA,25,NA,Orkney Walk,NA
03-08-2020,26 Ennerdale Road,NA,NA,NA,26,NA,Ennerdale Road,NA
03-08-2020,160 Westfields Road,NA,NA,NA,160,NA,Westfields Road,NA
10-08-2020,13 Church Walk,NA,NA,NA,13,NA,Church Walk,NA
07-09-2020,12 Woodlands Road,NA,NA,NA,12,NA,Woodlands Road,NA
07-09-2020,32 Scotter Walk,NA,NA,NA,32,NA,Scotter Walk,NA
21-09-2020,52 Ashley Avenue,NA,NA,NA,52,NA,Ashley Avenue,NA
28-09-2020,17 Kensignton Walk,NA,NA,NA,17,NA,Kensignton Walk,NA
29-09-2020,10 Thresby Court,NA,NA,NA,10,NA,Thresby Court,NA
05-10-2020,54 Sanby Road,NA,NA,NA,54,NA,Sanby Road,NA
05-10-2020,54 Eastbrook,NA,NA,NA,54,NA,Eastbrook,NA
12-10-2020,130 Lindisfarne Road,NA,NA,NA,130,NA,Lindisfarne Road,NA
02-10-2020,134 Beanfied Avenue,NA,NA,NA,134,NA,Beanfied Avenue,NA
02-10-2020,35 Ripley Walk,NA,NA,NA,35,NA,Ripley Walk,NA
09-11-2020,64 Willowbrook Road,NA,NA,NA,64,NA,Willowbrook Road,NA
09-11-2020,21 Clarke Road,NA,NA,NA,21,NA,Clarke Road,NA
16-11-2020,158 Stephenson Way,NA,NA,NA,158,NA,Stephenson Way,NA
23-11-2020,58 Weymouth Close,NA,NA,NA,58,NA,Weymouth Close,NA
23-11-2020,12 Iona Road,NA,NA,NA,12,NA,Iona Road,NA
23-11-2020,63 Culross Walk,NA,NA,NA,63,NA,Culross Walk,NA
07-12-2020,12 Woodlands Road,NA,NA,NA,12,NA,Woodlands Road,NA
07-12-2020,78 Epsom Walk,NA,NA,NA,78,NA,Epsom Walk,NA
18-01-2021,39 Sedberg Road,NA,NA,NA,39,NA,Sedberg Road,NA
25-01-2021,26 Tettenhall Close,NA,NA,NA,26,NA,Tettenhall Close,NA
08-02-2021,51 Holyrood Walk,NA,NA,NA,51,NA,Holyrood Walk,NA
08-03-2021,121 Studfall Avenue,NA,NA,NA,121,NA,Studfall Avenue,NA
29-03-2021,360 Gainsborough Road,NA,NA,NA,360,NA,Gainsborough Road,NA
29-03-2021,195 Farmstead Road,NA,NA,NA,195,NA,Farmstead Road,NA
04-04-2022,25 Deene Close,NN17 1HY,House,64400,25,NA,Deene Close,2
19-04-2022,34 Landseer Court,NN18 0RU,House,97650,34,NA,Landseer Court,3
25-04-2022,7 Kelvin Grove,NN17 1AZ,House,75000,7,NA,Kelvin Grove,3
25-04-2022,17 Butterwick Walk,NN18 9HF,House,85400,17,NA,Butterwick Walk,3
09-05-2022,11 Greenland Walk,NN18 9DH,House,85250,11,NA,Greenland Walk,3
09-05-2022,87 Steyning Close,NN18 0NE,House,82600,87,NA,Steyning Close,3
16-05-2022,124 Willowbrook Road,NN17 2EQ,House,104000,124,NA,Willowbrook Road,3
16-05-2022,44 Cransley Gardens,NN17 2SU,House,84000,44,NA,Cransley Gardens,2
30-05-2022,21 Browning Walk,NN17 2NF,House,89600,21,NA,Browning Walk,2
30-05-2022,14 Holbein Walk,NN18 9LF,House,65800,14,NA,Holbein Walk,2
30-05-2022,20 Studfall Avenue,NN17 1LB,House,116000,20,NA,Studfall Avenue,3
13-06-2022,15 Breedon Close,NN18 9PF,Flat,36100,15,NA,Breedon Close,1
04-07-2022,7 Lodge Green Road,NN17 1HW,House,70400,7,NA,Lodge Green Road,3
25-07-2022,12 Gunnell Road,NN18 9FJ,House,102400,12,NA,Gunnell Road,3
25-07-2022,34 Stamford Walk,NN18 9HR,House,91000,34,NA,Stamford Walk,3
25-07-2022,28 Thorne Court,NN18 0PL,House,99540,28,NA,Thorne Court,3
08-08-2022,17 Springfield Grove,NN17 1EN,House,95400,17,NA,Springfield Grove,3
15-08-2022,1 Clun Walk,NN17 2LW,Flat,55000,1,NA,Clun Walk,2
22-08-2022,25 Acorn Way,NN18 9FA,House,174000,25,NA,Acorn Way,3
05-09-2022,350 Gainsborough Road,NN18 0QL,House,75400,350,NA,Gainsborough Road,3
26-09-2022,5 Argyll House,NN17 1RR,Maisonette,44000,5,NA,Argyll House,3
10-10-2022,81 Burghley Drive,NN18 8DZ,Flat,28500,81,NA,Burghley Drive,2
21-11-2022,54 Northcape Walk,NN18 9DQ,Flat,45400,54,NA,Northcape Walk,3
31-10-2022,63 Norse Walk,NN18 9DG,Bungalow,91000,63,NA,Norse Walk,3
09-01-2023,5 Church Walk,NN17 1XF,House,110250,5,NA,Church Walk,4
23-01-2023,20 Thirsk Road,NN18 0PN,House,55400,20,NA,Thirsk Road,2
23-01-2023,41 Waterside Lane,NN18 8SZ,House,123730,41,NA,Waterside Lane,3
20-02-2023,22 Scotter Walk,NN18 9BB,House,91200,22,NA,Scotter Walk,4
27-02-2023,2 Grafton Drive,NN17 2PS,House,102300,2,NA,Grafton Drive,2
