category,num_bedrooms,property_type,floor_level,max_num_floor_levels,year_built,street_number,suburb,town,postcode,date,mra_archetype,house_number,house_number2,street_name
DW,2,Flat,1     ,2,1965,71A Bradgate Road,Anstey,Leicester,LE7 7FE,10-08-2014,MRA10 ,71A,NA,Bradgate Road
DW,3,House,NA,NA,1962,18 Burgin Road,Anstey,Leicester,LE7 7FA,31-08-2014,MRA05 ,18,NA,Burgin Road
DW,2,Flat,G,2,1965,77 Church Lane,Anstey,Leicester,LE7 7AF,21-10-2018,MRA10 ,77,NA,Church Lane
DW,3,House,NA,NA,1929,36 Edward Street,Anstey,Leicester,LE7 7DQ,02-02-2020,MRA02 ,36,NA,Edward Street
DW,2,House,NA,NA,1900,10 George Street,Anstey,Leicester,LE7 7DT,11-03-2018,MRA03 ,10,NA,George Street
DW,3,House,NA,NA,1954,115 Hollow Road,Anstey,Leicester,LE7 7FR,19-05-2019,MRA05 ,115,NA,Hollow Road
DW,3,House,NA,NA,1954,123 Hollow Road,Anstey,Leicester,LE7 7FR,17-06-2013,MRA05 ,123,NA,Hollow Road
DW,3,House,NA,NA,1932,19 James Street,Anstey,Leicester,LE7 7DY,19-11-2012,MRA03 ,19,NA,James Street
DW,3,House,NA,NA,1948,28 James Street,Anstey,Leicester,LE7 7DY,05-03-2017,MRA05 ,28,NA,James Street
DW,3,House,NA,NA,1929,1 Kitchener Road,Anstey,Leicester,LE7 7EA,19-11-2012,MRA03 ,1,NA,Kitchener Road
DW,3,House,NA,NA,1929,3 Kitchener Road,Anstey,Leicester,LE7 7EA,17-08-2015,MRA03 ,3,NA,Kitchener Road
DW,3,House,NA,NA,1929,5 Kitchener Road,Anstey,Leicester,LE7 7EA,17-01-2016,MRA03 ,5,NA,Kitchener Road
DW,2,Flat,G,2,1957,205 Link Road,Anstey,Leicester,LE7 7EB,08-05-2016,MRA10 ,205,NA,Link Road
DW,3,House,NA,NA,1957,226 Link Road,Anstey,Leicester,LE7 7EE,18-12-2016,MRA08 ,226,NA,Link Road
DW,3,House,NA,NA,1955,227 Link Road,Anstey,Leicester,LE7 7EB,29-05-2022,MRA08 ,227,NA,Link Road
DW,3,House,NA,NA,1955,231 Link Road,Anstey,Leicester,LE7 7EB,06-07-2014,MRA08 ,231,NA,Link Road
DW,4,House,NA,NA,1957,234 Link Road,Anstey,Leicester,LE7 7EE,08-02-2010,MRA08 ,234,NA,Link Road
DW,3,House,NA,NA,1955,247 Link Road,Anstey,Leicester,LE7 7ED,31-07-2022,MRA08 ,247,NA,Link Road
DW,3,House,NA,NA,1955,261 Link Road,Anstey,Leicester,LE7 7ED,12-07-2015,MRA08 ,261,NA,Link Road
DW,3,House,NA,NA,1955,267 Link Road,Anstey,Leicester,LE7 7ED,08-04-2013,MRA08 ,267,NA,Link Road
DW,3,House,NA,NA,1929,15 Rosebery Road,Anstey,Leicester,LE7 7EL,03-06-2018,MRA02 ,15,NA,Rosebery Road
DW,3,House,NA,NA,1929,19 Rosebery Road,Anstey,Leicester,LE7 7EL,08-11-2015,MRA02 ,19,NA,Rosebery Road
DW,3,House,NA,NA,1949,19 The Close,Anstey,Leicester,LE7 7EN,26-01-2020,MRA05 ,19,NA,The Close
DW,3,House,NA,NA,1948,11 Beeby Road,Barkby,Leicester,LE7 3QB,03-08-2014,MRA08 ,11,NA,Beeby Road
DW,3,House,NA,NA,1948,5 School Lane,Barkby,Leicester,LE7 3QL,23-04-2017,MRA08 ,5,NA,School Lane
DW,3,House,NA,NA,1954,12 Babington Road,Barrow Upon Soar,Loughborough,LE12 8NJ,10-02-2019,MRA05 ,12,NA,Babington Road
DW,2,House,NA,NA,1957,33 Babington Road,Barrow Upon Soar,Loughborough,LE12 8NH,04-07-2021,MRA05 ,33,NA,Babington Road
DW,1,Flat,G,2,1948,3 Brook Lane,Barrow Upon Soar,Loughborough,LE12 8PW,08-02-2015,MRA10 ,3,NA,Brook Lane
DW,3,House,NA,NA,1948,21 Brook Lane,Barrow Upon Soar,Loughborough,LE12 8PW,18-04-2021,MRA05 ,21,NA,Brook Lane
DW,3,House,NA,NA,1949,22 Brook Lane,Barrow Upon Soar,Loughborough,LE12 8PW,25-09-2022,MRA08 ,22,NA,Brook Lane
DW,3,House,NA,NA,1949,26 Brook Lane,Barrow Upon Soar,Loughborough,LE12 8PW,06-08-2017,MRA08 ,26,NA,Brook Lane
DW,3,House,NA,NA,1949,30 Brook Lane,Barrow Upon Soar,Loughborough,LE12 8PW,25-03-2018,MRA08 ,30,NA,Brook Lane
DW,3,House,NA,NA,1958,3 Cave Road,Barrow Upon Soar,Loughborough,LE12 8NW,25-02-2018,MRA05 ,3,NA,Cave Road
DW,3,House,NA,NA,1958,15 Cave Road,Barrow Upon Soar,Loughborough,LE12 8NW,28-02-2016,MRA05 ,15,NA,Cave Road
DW,2,Flat,1     ,2,1967,13A Grasmere Close,Barrow Upon Soar,Loughborough,LE12 8PX,13-02-2022,MRA10 ,13A,NA,Grasmere Close
DW,3,House,NA,NA,1932,22 Grove Lane,Barrow Upon Soar,Loughborough,LE12 8NP,22-09-2008,MRA03 ,22,NA,Grove Lane
DW,1,Flat,G,2,1971,10 Newton Close,Barrow Upon Soar,Loughborough,LE12 8PD,28-07-2019,MRA10 ,10,NA,Newton Close
DW,1,Flat,1     ,2,1971,10A Newton Close,Barrow Upon Soar,Loughborough,LE12 8PD,28-06-2020,MRA10 ,10A,NA,Newton Close
DW,1,Bungalow,NA,NA,1967,125 North Street,Barrow Upon Soar,Loughborough,LE12 8PZ,17-05-2010,MRA13 ,125,NA,North Street
DW,3,House,NA,NA,1926,193 Sileby Road,Barrow Upon Soar,Loughborough,LE12 8LP,04-06-2017,MRA03 ,193,NA,Sileby Road
DW,3,House,NA,NA,1952,7 The Retreat,Barrow Upon Soar,Loughborough,LE12 8QG,27-07-2009,MRA05 ,7,NA,The Retreat
DW,2,Flat,1     ,2,1956,34A Bramley Road,Birstall,Leicester,LE4 4FG,13-03-2022,MRA10 ,34A,NA,Bramley Road
DW,2,Flat,G,2,1956,13 Lambourne Road,Birstall,Leicester,LE4 4FW,22-08-2021,MRA10 ,13,NA,Lambourne Road
DW,2,Flat,G,2,1956,15 Lambourne Road,Birstall,Leicester,LE4 4FW,15-12-2019,MRA10 ,15,NA,Lambourne Road
DW,3,House,NA,NA,1948,2 Myrtle Avenue,Birstall,Leicester,LE4 4HR,22-06-2021,MRA05 ,2,NA,Myrtle Avenue
DW,3,House,NA,NA,1948,3 Myrtle Avenue,Birstall,Leicester,LE4 4HT,05-01-2014,MRA05 ,3,NA,Myrtle Avenue
DW,3,House,NA,NA,1953,17 Myrtle Avenue,Birstall,Leicester,LE4 4HT,10-12-2012,MRA05 ,17,NA,Myrtle Avenue
DW,3,House,NA,NA,1930,118 Wanlip Lane,Birstall,Leicester,LE4 4GF,26-11-2017,MRA02 ,118,NA,Wanlip Lane
DW,3,House,NA,NA,1930,128 Wanlip Lane,Birstall,Leicester,LE4 4GF,03-07-2022,MRA02 ,128,NA,Wanlip Lane
DW,2,Flat,G,2,1966,169 Wanlip Lane,Birstall,Leicester,LE4 4GL,14-06-2020,MRA10 ,169,NA,Wanlip Lane
DW,3,House,NA,NA,1949,249 Wanlip Lane,Birstall,Leicester,LE4 4GP,26-03-2017,MRA05 ,249,NA,Wanlip Lane
DW,3,House,NA,NA,1949,257 Wanlip Lane,Birstall,Leicester,LE4 4GP,08-03-2015,MRA05 ,257,NA,Wanlip Lane
DW,3,House,NA,NA,1960,13 Seymour Road,Burton On The Wolds,Loughborough,LE12 5AH,18-09-2016,MRA05 ,13,NA,Seymour Road
DW,3,House,NA,NA,1957,15 Causeway Lane,Cropston,Leicester,LE7 7GD,23-05-2011,MRA05 ,15,NA,Causeway Lane
DW,2,House,NA,NA,1939,2 Garendon Avenue,Hathern,Loughborough,LE12 5HT,10-01-2016,MRA01 ,2,NA,Garendon Avenue
DW,3,House,NA,NA,1939,18 Garendon Avenue,Hathern,Loughborough,LE12 5HT,11-04-2021,MRA02 ,18,NA,Garendon Avenue
DW,2,House,NA,NA,1938,25 Garendon Avenue,Hathern,Loughborough,LE12 5HT,15-02-2015,MRA02 ,25,NA,Garendon Avenue
DW,3,House,NA,NA,1948,14 Wymeswold Road,Hoton,Loughborough,LE12 5SN,24-01-2021,MRA08 ,14,NA,Wymeswold Road
DW,3,House,NA,NA,1950,35 Alan Moss Road,Loughborough,Leics,LE11 5LR,03-02-2019,MRA05 ,35,NA,Alan Moss Road
DW,3,House,NA,NA,1951,68 Alan Moss Road,Loughborough,Leics,LE11 5LX,17-06-2018,MRA05 ,68,NA,Alan Moss Road
DW,3,House,NA,NA,1951,79 Alan Moss Road,Loughborough,Leics,LE11 5LS,21-08-2016,MRA05 ,79,NA,Alan Moss Road
DW,2,House,NA,NA,1951,136 Alan Moss Road,Loughborough,Leics,LE11 5LY,16-10-2022,MRA05 ,136,NA,Alan Moss Road
DW,3,House,NA,NA,1951,152 Alan Moss Road,Loughborough,Leics,LE11 5LY,21-01-2018,MRA05 ,152,NA,Alan Moss Road
DW,4,House,NA,NA,1951,209 Alan Moss Road,Loughborough,Leics,LE11 4LT,08-10-2017,MRA05 ,209,NA,Alan Moss Road
DW,2,House,NA,NA,1952,212 Alan Moss Road,Loughborough,Leics,LE11 4LZ,28-04-2019,MRA05 ,212,NA,Alan Moss Road
DW,3,House,NA,NA,1951,223 Alan Moss Road,Loughborough,Leics,LE11 4LT,08-02-2015,MRA05 ,223,NA,Alan Moss Road
DW,3,House,NA,NA,1951,226 Alan Moss Road,Loughborough,Leics,LE11 4LZ,22-06-2014,MRA05 ,226,NA,Alan Moss Road
DW,3,House,NA,NA,1952,269 Alan Moss Road,Loughborough,Leics,LE11 4LU,11-02-2013,MRA05 ,269,NA,Alan Moss Road
DW,3,House,NA,NA,1961,5 Beacon Road,Loughborough,Leics,LE11 2BE,18-01-2015,MRA05 ,5,NA,Beacon Road
DW,1,Flat,G,2,1961,25 Beacon Road,Loughborough,Leics,LE11 2BE,05-01-2009,MRA10 ,25,NA,Beacon Road
DW,2,House,NA,NA,1938,51 Beaumont Road,Loughborough,Leics,LE11 2JA,15-07-2013,MRA01 ,51,NA,Beaumont Road
DW,4,House,NA,NA,1938,55 Beaumont Road,Loughborough,Leics,LE11 2JA,26-03-2017,MRA03 ,55,NA,Beaumont Road
DW,3,House,NA,NA,1948,98 Beaumont Road,Loughborough,Leics,LE11 2JB,03-11-2019,MRA05 ,98,NA,Beaumont Road
DW,3,House,NA,NA,1947,106 Beaumont Road,Loughborough,Leics,LE11 2JB,12-07-2020,MRA05 ,106,NA,Beaumont Road
DW,3,House,NA,NA,1953,85 Blackbrook Road,Loughborough,Leics,LE11 4PY,20-03-2022,MRA05 ,85,NA,Blackbrook Road
DW,3,House,NA,NA,1954,106 Blackbrook Road,Loughborough,Leics,LE11 4PZ,23-06-2019,MRA05 ,106,NA,Blackbrook Road
DW,2,House,NA,NA,1934,21 Bottleacre Lane,Loughborough,Leics,LE11 1JE,01-12-2013,MRA01 ,21,NA,Bottleacre Lane
DW,1,Flat,1     ,2,1982,3 Bowler Court Moor Lane,Loughborough,Leicestershire,LE11 1DG,08-07-2013,MRA10 ,3,NA,Bowler Court Moor Lane
DW,3,House,NA,NA,1975,173 Braddon Road,Loughborough,Leics,LE11 5YU,09-04-2017,MRA07 ,173,NA,Braddon Road
DW,3,House,NA,NA,1975,175 Braddon Road,Loughborough,Leics,LE11 5YU,21-02-2011,MRA07 ,175,NA,Braddon Road
DW,2,House,NA,NA,1975,230 Braddon Road,Loughborough,Leics,LE11 5YX,26-10-2014,MRA07 ,230,NA,Braddon Road
DW,3,House,NA,NA,1975,248 Braddon Road,Loughborough,Leics,LE11 5YX,14-08-2016,MRA07 ,248,NA,Braddon Road
DW,3,House,NA,NA,1949,9 Broadway,Loughborough,Leics,LE11 2JD,10-12-2017,MRA05 ,9,NA,Broadway
DW,3,House,NA,NA,1949,74 Broadway,Loughborough,Leics,LE11 2JG,13-02-2012,MRA05 ,74,NA,Broadway
DW,3,House,NA,NA,1949,89 Broadway,Loughborough,Leics,LE11 2JE,11-12-2016,MRA05 ,89,NA,Broadway
DW,3,House,NA,NA,1949,102 Broadway,Loughborough,Leics,LE11 2JG,26-11-2017,MRA05 ,102,NA,Broadway
DW,3,House,NA,NA,1952,9 Browning Road,Loughborough,Leics,LE11 4JL,10-05-2010,MRA08 ,9,NA,Browning Road
DW,3,House,NA,NA,1952,24 Browning Road,Loughborough,Leics,LE11 4JL,13-01-2019,MRA08 ,24,NA,Browning Road
DW,3,House,NA,NA,1952,39 Browning Road,Loughborough,Leics,LE11 4JL,23-06-2019,MRA08 ,39,NA,Browning Road
DW,3,House,NA,NA,1952,43 Browning Road,Loughborough,Leics,LE11 4JL,09-07-2017,MRA08 ,43,NA,Browning Road
DW,3,House,NA,NA,1952,45 Browning Road,Loughborough,Leics,LE11 4JL,19-08-2018,MRA08 ,45,NA,Browning Road
DW,2,House,NA,NA,1900,35 Burder Street,Loughborough,Leics,LE11 1JH,13-12-2015,MRA03 ,35,NA,Burder Street
DW,2,House,NA,NA,1925,34 Burleigh Road,Loughborough,Leics,LE11 3BA,29-01-2017,MRA03 ,34,NA,Burleigh Road
DW,2,House,NA,NA,1925,37 Burleigh Road,Loughborough,Leics,LE11 3BA,26-06-2016,MRA02 ,37,NA,Burleigh Road
DW,1,Flat,G,2,1966,12 Burns Road,Loughborough,Leics,LE11 4NE,02-11-2009,MRA10 ,12,NA,Burns Road
DW,1,Flat,1     ,2,1966,31 Burns Road,Loughborough,Leics,LE11 4ND,07-04-2014,MRA10 ,31,NA,Burns Road
DW,3,House,NA,NA,1921,26 Clifford Road,Loughborough,Leics,LE11 5NG,18-12-2016,MRA02 ,26,NA,Clifford Road
DW,3,House,NA,NA,1977,12 Copeland Crescent,Loughborough,Leics,LE11 5JE,11-08-2019,MRA07 ,12,NA,Copeland Crescent
DW,3,House,NA,NA,1977,16 Copeland Crescent,Loughborough,Leics,LE11 5JE,20-09-2010,MRA07 ,16,NA,Copeland Crescent
DW,3,House,NA,NA,1975,7 Deighton Way,Loughborough,Leicestershire,LE11 5YF,01-08-2021,MRA07 ,7,NA,Deighton Way
DW,3,House,NA,NA,1921,136 Derby Road,Loughborough,Leics,LE11 5HL,18-09-2016,MRA02 ,136,NA,Derby Road
DW,3,House,NA,NA,1921,158 Derby Road,Loughborough,Leics,LE11 5HL,25-02-2013,MRA02 ,158,NA,Derby Road
DW,3,House,NA,NA,1973,24 Durham Road,Loughborough,Leics,LE11 5UA,24-01-2016,MRA06 ,24,NA,Durham Road
DW,1,Flat,1     ,2,1973,54 Durham Road,Loughborough,Leics,LE11 5UA,21-01-2013,MRA10 ,54,NA,Durham Road
DW,3,House,NA,NA,1973,60 Durham Road,Loughborough,Leics,LE11 5UA,09-10-2016,MRA06 ,60,NA,Durham Road
DW,3,House,NA,NA,1922,8 Elms Grove,Loughborough,Leics,LE11 1RG,01-10-2012,MRA02 ,8,NA,Elms Grove
DW,3,House,NA,NA,1977,7 Epinal Court,Loughborough,Leics,LE11 5JH,26-02-2017,MRA07 ,7,NA,Epinal Court
DW,3,House,NA,NA,1977,12 Epinal Court,Loughborough,Leics,LE11 5JH,31-05-2015,MRA07 ,12,NA,Epinal Court
DW,3,House,NA,NA,1933,7 Farnham Road,Loughborough,Leics,LE11 2LH,18-04-2021,MRA02 ,7,NA,Farnham Road
DW,3,House,NA,NA,1933,19 Farnham Road,Loughborough,Leics,LE11 2LH,05-06-2016,MRA02 ,19,NA,Farnham Road
DW,1,Flat,2     ,3,1977,55 Freehold Street,Loughborough,Leicestershire,LE11 1AN,04-07-2021,MRA11 ,55,NA,Freehold Street
DW,1,Flat,1     ,2,1956,2 Garendon Green,Loughborough,Leics,LE11 4QA,08-11-2015,MRA10 ,2,NA,Garendon Green
DW,1,Flat,G,2,1955,27 Garendon Green,Loughborough,Leics,LE11 4QA,29-07-2018,MRA10 ,27,NA,Garendon Green
DW,3,House,NA,NA,1952,38 Garendon Road,Loughborough,Leics,LE11 4QD,06-07-2014,MRA05 ,38,NA,Garendon Road
DW,3,House,NA,NA,1953,4 Gracedieu Road,Loughborough,Leics,LE11 4QG,15-09-2019,MRA05 ,4,NA,Gracedieu Road
DW,3,House,NA,NA,1953,5 Gracedieu Road,Loughborough,Leics,LE11 4QF,16-10-2016,MRA05 ,5,NA,Gracedieu Road
DW,3,House,NA,NA,1953,13 Gracedieu Road,Loughborough,Leics,LE11 4QF,23-08-2020,MRA05 ,13,NA,Gracedieu Road
DW,3,House,NA,NA,1953,23 Gracedieu Road,Loughborough,Leics,LE11 4QF,20-01-2019,MRA05 ,23,NA,Gracedieu Road
DW,3,House,NA,NA,1953,37 Gracedieu Road,Loughborough,Leics,LE11 4QF,27-06-2021,MRA05 ,37,NA,Gracedieu Road
DW,3,House,NA,NA,1954,70 Gracedieu Road,Loughborough,Leics,LE11 4QG,24-10-2021,MRA05 ,70,NA,Gracedieu Road
DW,3,House,NA,NA,1964,77 Gracedieu Road,Loughborough,Leics,LE11 4QF,01-12-2013,MRA05 ,77,NA,Gracedieu Road
DW,3,House,NA,NA,1954,99 Gracedieu Road,Loughborough,Leics,LE11 4QF,29-07-2018,MRA05 ,99,NA,Gracedieu Road
DW,3,House,NA,NA,1954,113 Gracedieu Road,Loughborough,Leics,LE11 4QF,07-05-2017,MRA05 ,113,NA,Gracedieu Road
DW,1,Flat,1     ,2,1976,31 Great Central Road,Loughborough,Leics,LE11 1RW,07-02-2016,MRA10 ,31,NA,Great Central Road
DW,2,House,NA,NA,1938,8 Griggs Road,Loughborough,Leics,LE11 2LL,18-06-2017,MRA01 ,8,NA,Griggs Road
DW,3,House,NA,NA,1947,35 Griggs Road,Loughborough,Leics,LE11 2LJ,10-07-2016,MRA05 ,35,NA,Griggs Road
DW,2,House,NA,NA,1938,36 Griggs Road,Loughborough,Leics,LE11 2LL,23-05-2021,MRA01 ,36,NA,Griggs Road
DW,3,House,NA,NA,1950,24 Hazel Road,Loughborough,Leics,LE11 2JH,15-01-2017,MRA05 ,24,NA,Hazel Road
DW,3,House,NA,NA,1951,34 Hazel Road,Loughborough,Leics,LE11 2JH,26-03-2017,MRA05 ,34,NA,Hazel Road
DW,3,House,NA,NA,1955,37 Hermitage Road,Loughborough,Leics,LE11 4PA,15-01-2017,MRA05 ,37,NA,Hermitage Road
DW,3,House,NA,NA,1956,52 Hermitage Road,Loughborough,Leics,LE11 4PE,19-05-2019,MRA05 ,52,NA,Hermitage Road
DW,3,House,NA,NA,1956,70 Hermitage Road,Loughborough,Leics,LE11 4PE,25-05-2014,MRA05 ,70,NA,Hermitage Road
DW,3,House,NA,NA,1957,83 Hermitage Road,Loughborough,Leics,LE11 4PA,07-07-2019,MRA05 ,83,NA,Hermitage Road
DW,3,House,NA,NA,1956,88 Hermitage Road,Loughborough,Leics,LE11 4PE,23-09-2018,MRA05 ,88,NA,Hermitage Road
DW,3,House,NA,NA,1957,142 Hermitage Road,Loughborough,Leics,LE11 4PF,06-03-2022,MRA05 ,142,NA,Hermitage Road
DW,1,Flat,G,2,1981,1 Hickling Court Radmoor Road,Loughborough,Leicestershire,LE11 3AU,26-04-2020,MRA10 ,1,NA,Hickling Court Radmoor Road
DW,1,Flat,1     ,2,1981,12 Hickling Court Radmoor Road,Loughborough,Leicestershire,LE11 3AU,17-09-2017,MRA10 ,12,NA,Hickling Court Radmoor Road
DW,3,House,NA,NA,1930,3 Howe Road,Loughborough,Leics,LE11 2JJ,05-09-2021,MRA01 ,3,NA,Howe Road
DW,3,House,NA,NA,1930,24 Howe Road,Loughborough,Leics,LE11 2JJ,03-06-2018,MRA02 ,24,NA,Howe Road
DW,3,House,NA,NA,1930,36 Howe Road,Loughborough,Leics,LE11 2JJ,08-07-2018,MRA02 ,36,NA,Howe Road
DW,1,Flat,G,3,1966,40 Hume Street,Loughborough,Leics,LE11 1AT,24-01-2016,MRA11 ,40,NA,Hume Street
DW,1,Flat,G,3,1980,29 King Edward Road,Loughborough,Leics,LE11 1RY,11-07-2021,MRA11 ,29,NA,King Edward Road
DW,3,House,NA,NA,1921,26 Knightthorpe Road,Loughborough,Leics,LE11 4JT,06-01-2019,MRA02 ,26,NA,Knightthorpe Road
DW,1,Flat,1     ,2,1970,201 Knightthorpe Road,Loughborough,Leics,LE11 4JS,14-08-2016,MRA10 ,201,NA,Knightthorpe Road
DW,3,House,NA,NA,1935,19 Ling Avenue,Loughborough,Leics,LE11 2LN,10-11-2019,MRA03 ,19,NA,Ling Avenue
DW,2,House,NA,NA,1935,21 Ling Avenue,Loughborough,Leics,LE11 2LN,28-10-2018,MRA03 ,21,NA,Ling Avenue
DW,3,House,NA,NA,1935,35 Ling Avenue,Loughborough,Leics,LE11 2LN,06-02-2022,MRA03 ,35,NA,Ling Avenue
DW,3,House,NA,NA,1935,37 Ling Avenue,Loughborough,Leics,LE11 2LN,28-06-2020,MRA03 ,37,NA,Ling Avenue
DW,3,House,NA,NA,1935,51 Ling Avenue,Loughborough,Leics,LE11 2LN,20-02-2022,MRA02 ,51,NA,Ling Avenue
DW,3,House,NA,NA,1927,28 Ling Road,Loughborough,Leics,LE11 2LP,01-07-2018,MRA02 ,28,NA,Ling Road
DW,4,House,NA,NA,1939,19 Manor Drive,Loughborough,Leics,LE11 2LR,13-10-2013,MRA02 ,19,NA,Manor Drive
DW,3,House,NA,NA,1939,26 Manor Drive,Loughborough,Leics,LE11 2LS,29-06-2015,MRA02 ,26,NA,Manor Drive
DW,3,House,NA,NA,1947,32 Manor Drive,Loughborough,Leics,LE11 2LS,18-03-2013,MRA05 ,32,NA,Manor Drive
DW,3,House,NA,NA,1947,38 Manor Drive,Loughborough,Leics,LE11 2LS,27-02-2022,MRA05 ,38,NA,Manor Drive
DW,3,House,NA,NA,1946,64 Manor Drive,Loughborough,Leics,LE11 2LT,27-06-2021,MRA05 ,64,NA,Manor Drive
DW,3,House,NA,NA,1946,80 Manor Drive,Loughborough,Leics,LE11 2LT,24-01-2016,MRA05 ,80,NA,Manor Drive
DW,3,House,NA,NA,1930,17 Manor Road,Loughborough,Leics,LE11 2LU,08-12-2019,MRA01 ,17,NA,Manor Road
DW,3,House,NA,NA,1939,56 Manor Road,Loughborough,Leics,LE11 2LZ,17-03-2014,MRA03 ,56,NA,Manor Road
DW,3,House,NA,NA,1939,59 Manor Road,Loughborough,Leics,LE11 2LX,10-05-2020,MRA03 ,59,NA,Manor Road
DW,3,House,NA,NA,1947,77 Manor Road,Loughborough,Leics,LE11 2LX,05-06-2016,MRA05 ,77,NA,Manor Road
DW,3,House,NA,NA,1939,84 Manor Road,Loughborough,Leics,LE11 2LZ,08-04-2013,MRA03 ,84,NA,Manor Road
DW,3,House,NA,NA,1939,90 Manor Road,Loughborough,Leics,LE11 2LZ,08-01-2017,MRA02 ,90,NA,Manor Road
DW,3,House,NA,NA,1939,94 Manor Road,Loughborough,Leics,LE11 2LZ,18-08-2019,MRA02 ,94,NA,Manor Road
DW,3,House,NA,NA,1939,98 Manor Road,Loughborough,Leics,LE11 2LZ,20-09-2015,MRA03 ,98,NA,Manor Road
DW,3,House,NA,NA,1939,102 Manor Road,Loughborough,Leics,LE11 2LZ,29-09-2013,MRA03 ,102,NA,Manor Road
DW,3,House,NA,NA,1947,126 Manor Road,Loughborough,Leics,LE11 2LZ,10-07-2016,MRA05 ,126,NA,Manor Road
DW,3,House,NA,NA,1949,29 Maple Road,Loughborough,Leics,LE11 2JL,25-11-2013,MRA05 ,29,NA,Maple Road
DW,3,House,NA,NA,1949,39 Maple Road,Loughborough,Leics,LE11 2JL,09-05-2016,MRA05 ,39,NA,Maple Road
DW,3,House,NA,NA,1948,41 Maple Road,Loughborough,Leics,LE11 2JL,22-07-2013,MRA05 ,41,NA,Maple Road
DW,3,House,NA,NA,1948,75 Maple Road,Loughborough,Leics,LE11 2JN,31-05-2020,MRA05 ,75,NA,Maple Road
DW,3,House,NA,NA,1948,80 Maple Road,Loughborough,Leics,LE11 2JP,03-05-2020,MRA05 ,80,NA,Maple Road
DW,3,House,NA,NA,1949,126 Maple Road,Loughborough,Leics,LE11 2JR,23-09-2013,MRA05 ,126,NA,Maple Road
DW,3,House,NA,NA,1949,161 Maple Road,Loughborough,Leics,LE11 2JW,05-11-2019,MRA05 ,161,NA,Maple Road
DW,3,House,NA,NA,1949,163 Maple Road,Loughborough,Leics,LE11 2JW,03-11-2008,MRA05 ,163,NA,Maple Road
DW,3,House,NA,NA,1977,6 Matthew Arnold Court,Loughborough,Leics,LE11 5JS,28-05-2012,MRA07 ,6,NA,Matthew Arnold Court
DW,3,House,NA,NA,1929,3 Meadow Avenue,Loughborough,Leics,LE11 1JS,10-11-2019,MRA01 ,3,NA,Meadow Avenue
DW,3,House,NA,NA,1929,9 Meadow Avenue,Loughborough,Leics,LE11 1JS,05-09-2016,MRA01 ,9,NA,Meadow Avenue
DW,3,House,NA,NA,1929,41 Meadow Avenue,Loughborough,Leics,LE11 1JS,17-07-2016,MRA01 ,41,NA,Meadow Avenue
DW,3,House,NA,NA,1929,49 Meadow Avenue,Loughborough,Leics,LE11 1JS,20-07-2014,MRA01 ,49,NA,Meadow Avenue
DW,3,House,NA,NA,1929,140 Meadow Lane,Loughborough,Leics,LE11 1JZ,07-07-2019,MRA01 ,140,NA,Meadow Lane
DW,3,House,NA,NA,1972,39 Milton Street,Loughborough,Leics,LE11 5JZ,28-10-2018,MRA06 ,39,NA,Milton Street
DW,1,Flat,1     ,3,1969,43 Moor Lane,Loughborough,Leics,LE11 1AY,23-09-2018,MRA11 ,43,NA,Moor Lane
DW,4,House,NA,NA,1954,313 New Ashby Road,Loughborough,Leics,LE11 4ET,17-04-2016,MRA05 ,313,NA,New Ashby Road
DW,4,House,NA,NA,1954,315 New Ashby Road,Loughborough,Leics,LE11 4ET,03-08-2015,MRA05 ,315,NA,New Ashby Road
DW,3,House,NA,NA,1955,377 New Ashby Road,Loughborough,Leics,LE11 4ET,20-12-2015,MRA05 ,377,NA,New Ashby Road
DW,3,House,NA,NA,1955,387 New Ashby Road,Loughborough,Leics,LE11 4ET,14-02-2021,MRA05 ,387,NA,New Ashby Road
DW,3,House,NA,NA,1955,391 New Ashby Road,Loughborough,Leics,LE11 4ET,09-11-2014,MRA05 ,391,NA,New Ashby Road
DW,3,House,NA,NA,1955,411 New Ashby Road,Loughborough,Leics,LE11 4EU,07-02-2016,MRA05 ,411,NA,New Ashby Road
DW,3,House,NA,NA,1955,421 New Ashby Road,Loughborough,Leics,LE11 4EU,21-07-2019,MRA05 ,421,NA,New Ashby Road
DW,3,House,NA,NA,1955,431 New Ashby Road,Loughborough,Leics,LE11 4EU,01-03-2020,MRA05 ,431,NA,New Ashby Road
DW,4,House,NA,NA,1956,455 New Ashby Road,Loughborough,Leics,LE11 4EU,10-11-2019,MRA05 ,455,NA,New Ashby Road
DW,3,House,NA,NA,1957,495 New Ashby Road,Loughborough,Leics,LE11 4EU,23-07-2017,MRA05 ,495,NA,New Ashby Road
DW,3,House,NA,NA,1959,553 New Ashby Road,Loughborough,Leics,LE11 4EX,09-05-2021,MRA05 ,553,NA,New Ashby Road
DW,3,House,NA,NA,1928,8 North Road,Loughborough,Leics,LE11 1LE,03-08-2015,MRA01 ,8,NA,North Road
DW,3,House,NA,NA,1928,16 North Road,Loughborough,Leics,LE11 1LE,08-01-2017,MRA01 ,16,NA,North Road
DW,3,House,NA,NA,1928,20 North Road,Loughborough,Leics,LE11 1LE,02-02-2020,MRA01 ,20,NA,North Road
DW,3,House,NA,NA,1961,6 Old Ashby Road,Loughborough,Leics,LE11 4PG,08-06-2014,MRA05 ,6,NA,Old Ashby Road
DW,3,House,NA,NA,1962,78 Old Ashby Road,Loughborough,Leics,LE11 4PG,09-02-2020,MRA05 ,78,NA,Old Ashby Road
DW,3,House,NA,NA,1963,168 Old Ashby Road,Loughborough,Leics,LE11 4PQ,19-12-2021,MRA05 ,168,NA,Old Ashby Road
DW,3,House,NA,NA,1963,188 Old Ashby Road,Loughborough,Leics,LE11 4PQ,03-08-2015,MRA05 ,188,NA,Old Ashby Road
DW,3,House,NA,NA,1926,1 Palmer Avenue,Loughborough,Leics,LE11 5NH,09-10-2016,MRA01 ,1,NA,Palmer Avenue
DW,3,House,NA,NA,1926,3 Palmer Avenue,Loughborough,Leics,LE11 5NH,21-08-2016,MRA03 ,3,NA,Palmer Avenue
DW,3,House,NA,NA,1926,21 Palmer Avenue,Loughborough,Leics,LE11 5NH,30-01-2022,MRA03 ,21,NA,Palmer Avenue
DW,3,House,NA,NA,1927,5 Park Avenue,Loughborough,Leics,LE11 2HB,24-01-2016,MRA02 ,5,NA,Park Avenue
DW,1,Flat,2     ,3,1968,35 Park Court,Loughborough,Leics,LE11 2ES,23-11-2014,MRA11 ,35,NA,Park Court
DW,1,Flat,1     ,2,1961,1A Park Road,Loughborough,Leics,LE11 2ED,06-09-2015,MRA10 ,1A,NA,Park Road
DW,1,Flat,1     ,2,1961,5A Park Road,Loughborough,Leics,LE11 2ED,25-07-2021,MRA10 ,5A,NA,Park Road
DW,3,House,NA,NA,1930,234 Park Road,Loughborough,Leics,LE11 2HJ,29-10-2012,MRA02 ,234,NA,Park Road
DW,2,Flat,2     ,3,1977,16 Peel Drive,Loughborough,Leicestershire,LE11 1BB,08-10-2017,MRA11 ,16,NA,Peel Drive
DW,1,Flat,2     ,3,1979,136 Peel Drive,Loughborough,Leicestershire,LE11 1DF,15-01-2023,MRA11 ,136,NA,Peel Drive
DW,3,House,NA,NA,1972,30 Pevensey Road,Loughborough,Leics,LE11 5UE,20-11-2022,MRA06 ,30,NA,Pevensey Road
DW,3,House,NA,NA,1974,97 Pevensey Road,Loughborough,Leics,LE11 5UE,12-03-2017,MRA06 ,97,NA,Pevensey Road
DW,2,Flat,1     ,3,1961,14 Pinfold Gardens,Loughborough,Leics,LE11 1BD,29-04-2013,MRA11 ,14,NA,Pinfold Gardens
DW,3,House,NA,NA,1951,29 Poplar Road,Loughborough,Leics,LE11 2JS,10-06-2013,MRA05 ,29,NA,Poplar Road
DW,3,House,NA,NA,1951,51 Poplar Road,Loughborough,Leics,LE11 2JS,10-05-2020,MRA05 ,51,NA,Poplar Road
DW,3,House,NA,NA,1966,74 Poplar Road,Loughborough,Leics,LE11 2JT,06-11-2016,MRA06 ,74,NA,Poplar Road
DW,3,House,NA,NA,1967,85 Poplar Road,Loughborough,Leics,LE11 2JS,16-06-2008,MRA06 ,85,NA,Poplar Road
DW,3,House,NA,NA,1930,14 Pulteney Road,Loughborough,Leics,LE11 2NB,20-05-2013,MRA02 ,14,NA,Pulteney Road
DW,3,House,NA,NA,1930,15 Pulteney Road,Loughborough,Leics,LE11 2NB,26-02-2017,MRA02 ,15,NA,Pulteney Road
DW,2,House,NA,NA,1900,50 Queens Road,Loughborough,Leics,LE11 1HD,11-02-2013,MRA03 ,50,NA,Queens Road
DW,1,Flat,1     ,2,1963,4 Rectory Road,Loughborough,Leics,LE11 1PL,26-07-2015,MRA10 ,4,NA,Rectory Road
DW,1,Flat,G,3,1973,20 Rockingham Road,Loughborough,Leics,LE11 5UF,07-07-2008,MRA11 ,20,NA,Rockingham Road
DW,3,House,NA,NA,1973,52 Rockingham Road,Loughborough,Leics,LE11 5UF,07-06-2020,MRA06 ,52,NA,Rockingham Road
DW,3,House,NA,NA,1952,15 Rupert Brooke Road,Loughborough,Leics,LE11 4NJ,25-11-2013,MRA08 ,15,NA,Rupert Brooke Road
DW,1,Flat,1     ,3,1969,49 Rutland Street,Loughborough,Leics,LE11 1BW,27-11-2016,MRA11 ,49,NA,Rutland Street
DW,3,House,NA,NA,1955,18 Schofield Road,Loughborough,Leics,LE11 4QJ,31-01-2016,MRA05 ,18,NA,Schofield Road
DW,3,House,NA,NA,1955,32 Schofield Road,Loughborough,Leics,LE11 4QJ,14-07-2019,MRA05 ,32,NA,Schofield Road
DW,3,House,NA,NA,1956,54 Sharpley Road,Loughborough,Leics,LE11 4PN,07-07-2019,MRA05 ,54,NA,Sharpley Road
DW,3,House,NA,NA,1956,67 Sharpley Road,Loughborough,Leics,LE11 4PJ,23-09-2018,MRA05 ,67,NA,Sharpley Road
DW,3,House,NA,NA,1956,68 Sharpley Road,Loughborough,Leics,LE11 4PN,06-03-2022,MRA05 ,68,NA,Sharpley Road
DW,3,House,NA,NA,1957,101 Sharpley Road,Loughborough,Leics,LE11 4PL,13-09-2015,MRA05 ,101,NA,Sharpley Road
DW,3,House,NA,NA,1956,102 Sharpley Road,Loughborough,Leics,LE11 4PW,20-03-2016,MRA05 ,102,NA,Sharpley Road
DW,3,House,NA,NA,1957,143 Sharpley Road,Loughborough,Leics,LE11 4PL,27-09-2015,MRA05 ,143,NA,Sharpley Road
DW,3,House,NA,NA,1959,149 Sharpley Road,Loughborough,Leics,LE11 4PL,21-04-2008,MRA05 ,149,NA,Sharpley Road
DW,3,House,NA,NA,1959,166 Sharpley Road,Loughborough,Leics,LE11 4PW,22-07-2013,MRA05 ,166,NA,Sharpley Road
DW,3,House,NA,NA,1959,182 Sharpley Road,Loughborough,Leics,LE11 4PW,10-06-2013,MRA05 ,182,NA,Sharpley Road
DW,3,House,NA,NA,1931,14 Shelthorpe Avenue,Loughborough,Leics,LE11 2ND,23-11-2014,MRA03 ,14,NA,Shelthorpe Avenue
DW,3,House,NA,NA,1931,17 Shelthorpe Avenue,Loughborough,Leics,LE11 2ND,18-12-2016,MRA03 ,17,NA,Shelthorpe Avenue
DW,3,House,NA,NA,1931,20 Shelthorpe Avenue,Loughborough,Leics,LE11 2ND,03-02-2019,MRA03 ,20,NA,Shelthorpe Avenue
DW,3,House,NA,NA,1931,21 Shelthorpe Avenue,Loughborough,Leics,LE11 2ND,08-08-2021,MRA03 ,21,NA,Shelthorpe Avenue
DW,3,House,NA,NA,1931,26 Shelthorpe Avenue,Loughborough,Leics,LE11 2ND,29-04-2013,MRA03 ,26,NA,Shelthorpe Avenue
DW,3,House,NA,NA,1928,10 Shelthorpe Road,Loughborough,Leics,LE11 2PE,11-08-2008,MRA02 ,10,NA,Shelthorpe Road
DW,3,House,NA,NA,1928,42 Shelthorpe Road,Loughborough,Leics,LE11 2PE,11-06-2017,MRA02 ,42,NA,Shelthorpe Road
DW,3,House,NA,NA,1928,47 Shelthorpe Road,Loughborough,Leics,LE11 2PB,25-05-2014,MRA03 ,47,NA,Shelthorpe Road
DW,3,House,NA,NA,1928,54 Shelthorpe Road,Loughborough,Leics,LE11 2PE,07-02-2016,MRA03 ,54,NA,Shelthorpe Road
DW,3,House,NA,NA,1928,65 Shelthorpe Road,Loughborough,Leics,LE11 2PB,29-03-2015,MRA02 ,65,NA,Shelthorpe Road
DW,3,House,NA,NA,1928,70 Shelthorpe Road,Loughborough,Leics,LE11 2PF,09-08-2020,MRA03 ,70,NA,Shelthorpe Road
DW,3,House,NA,NA,1928,71 Shelthorpe Road,Loughborough,Leics,LE11 2PB,17-06-2018,MRA03 ,71,NA,Shelthorpe Road
DW,3,House,NA,NA,1928,72 Shelthorpe Road,Loughborough,Leics,LE11 2PF,19-01-2014,MRA03 ,72,NA,Shelthorpe Road
DW,3,House,NA,NA,1928,80 Shelthorpe Road,Loughborough,Leics,LE11 2PF,04-03-2013,MRA02 ,80,NA,Shelthorpe Road
DW,3,House,NA,NA,1929,93 Shelthorpe Road,Loughborough,Leics,LE11 2PD,28-01-2013,MRA02 ,93,NA,Shelthorpe Road
DW,3,House,NA,NA,1928,109 Shelthorpe Road,Loughborough,Leics,LE11 2PD,25-03-2013,MRA02 ,109,NA,Shelthorpe Road
DW,3,House,NA,NA,1929,114 Shelthorpe Road,Loughborough,Leics,LE11 2PF,14-12-2014,MRA02 ,114,NA,Shelthorpe Road
DW,3,House,NA,NA,1929,116 Shelthorpe Road,Loughborough,Leics,LE11 2PF,28-04-2014,MRA02 ,116,NA,Shelthorpe Road
DW,3,House,NA,NA,1929,130 Shelthorpe Road,Loughborough,Leics,LE11 2PF,19-03-2017,MRA03 ,130,NA,Shelthorpe Road
DW,3,House,NA,NA,1929,135 Shelthorpe Road,Loughborough,Leics,LE11 2PD,17-04-2016,MRA02 ,135,NA,Shelthorpe Road
DW,3,House,NA,NA,1971,9 Stirling Avenue,Loughborough,Leics,LE11 4LJ,27-07-2014,MRA06 ,9,NA,Stirling Avenue
DW,3,House,NA,NA,1952,41 Tennyson Road,Loughborough,Leics,LE11 4LE,29-04-2018,MRA05 ,41,NA,Tennyson Road
DW,1,Flat,1     ,3,1964,120 Toothill Road,Loughborough,Leics,LE11 1PP,06-03-2022,MRA11 ,120,NA,Toothill Road
DW,1,Flat,G,2,1968,19 Tuckers Close,Loughborough,Leics,LE11 2PG,12-09-2021,MRA10 ,19,NA,Tuckers Close
DW,1,Flat,1     ,3,1965,31 Tuckers Road,Loughborough,Leics,LE11 2PQ,04-09-2022,MRA11 ,31,NA,Tuckers Road
DW,2,Flat,2     ,3,1965,105 Tuckers Road,Loughborough,Leics,LE11 2PH,09-01-2022,MRA11 ,105,NA,Tuckers Road
DW,1,Flat,1     ,3,1965,129 Tuckers Road,Loughborough,Leics,LE11 2PH,27-03-2022,MRA11 ,129,NA,Tuckers Road
DW,2,House,NA,NA,1923,52 Tyler Avenue,Loughborough,Leics,LE11 5NN,22-05-2022,MRA03 ,52,NA,Tyler Avenue
DW,3,House,NA,NA,1926,56 Tyler Avenue,Loughborough,Leics,LE11 5NN,11-11-2018,MRA02 ,56,NA,Tyler Avenue
DW,1,Flat,1     ,2,1983,10 Val Wilson Court,Loughborough,Leics,LE11 4LA,29-10-2017,MRA10 ,10,NA,Val Wilson Court
DW,1,Flat,G,2,1983,12 Val Wilson Court,Loughborough,Leics,LE11 4LA,18-02-2018,MRA10 ,12,NA,Val Wilson Court
DW,2,Maisonette,1     ,3,1959,53 Victoria Street,Loughborough,Leics,LE11 2EW,29-06-2014,MRA11 ,53,NA,Victoria Street
DW,3,House,NA,NA,1950,28 Walnut Road,Loughborough,Leics,LE11 2JU,16-02-2020,MRA05 ,28,NA,Walnut Road
DW,3,House,NA,NA,1950,30 Walnut Road,Loughborough,Leics,LE11 2JU,12-07-2020,MRA05 ,30,NA,Walnut Road
DW,1,Flat,2     ,3,1975,23 Waterside Close,Loughborough,Leics,LE11 1LP,25-11-2018,MRA11 ,23,NA,Waterside Close
DW,3,House,NA,NA,1947,13 Willow Road,Loughborough,Leics,LE11 2JX,23-11-2014,MRA05 ,13,NA,Willow Road
DW,3,House,NA,NA,1948,58 Willow Road,Loughborough,Leics,LE11 2JY,18-11-2013,MRA05 ,58,NA,Willow Road
DW,3,House,NA,NA,1927,18 Woodthorpe Avenue,Loughborough,Leics,LE11 2NE,27-01-2019,MRA03 ,18,NA,Woodthorpe Avenue
DW,3,House,NA,NA,1927,24 Woodthorpe Avenue,Loughborough,Leics,LE11 2NE,25-09-2022,MRA02 ,24,NA,Woodthorpe Avenue
DW,3,House,NA,NA,1932,12 Woodthorpe Road,Loughborough,Leics,LE11 2NG,26-09-2021,MRA01 ,12,NA,Woodthorpe Road
DW,3,House,NA,NA,1933,35 Woodthorpe Road,Loughborough,Leics,LE11 2NF,08-01-2023,MRA01 ,35,NA,Woodthorpe Road
DW,3,House,NA,NA,1932,36 Woodthorpe Road,Loughborough,Leics,LE11 2NG,10-05-2020,MRA01 ,36,NA,Woodthorpe Road
DW,3,House,NA,NA,1932,52 Woodthorpe Road,Loughborough,Leics,LE11 2NG,22-05-2016,MRA02 ,52,NA,Woodthorpe Road
DW,3,House,NA,NA,1952,9 Wordsworth Road,Loughborough,Leics,LE11 4LG,27-11-2022,MRA08 ,9,NA,Wordsworth Road
DW,3,House,NA,NA,1952,15 Wordsworth Road,Loughborough,Leics,LE11 4LG,13-03-2016,MRA08 ,15,NA,Wordsworth Road
DW,3,House,NA,NA,1952,25 Wordsworth Road,Loughborough,Leics,LE11 4LG,27-01-2019,MRA08 ,25,NA,Wordsworth Road
DW,4,House,NA,NA,1952,29 Wordsworth Road,Loughborough,Leics,LE11 4LG,11-09-2022,MRA08 ,29,NA,Wordsworth Road
DW,1,Flat,1     ,2,1954,70 Wordsworth Road,Loughborough,Leics,LE11 4LQ,20-09-2015,MRA10 ,70,NA,Wordsworth Road
DW,3,House,NA,NA,1926,19 Boundary Road,Mountsorrel,Loughborough,LE12 7EP,16-05-2011,MRA03 ,19,NA,Boundary Road
DW,3,House,NA,NA,1926,39 Boundary Road,Mountsorrel,Loughborough,LE12 7EP,21-01-2013,MRA03 ,39,NA,Boundary Road
DW,3,House,NA,NA,1926,41 Boundary Road,Mountsorrel,Loughborough,LE12 7EP,24-11-2013,MRA03 ,41,NA,Boundary Road
DW,3,House,NA,NA,1930,42 Boundary Road,Mountsorrel,Loughborough,LE12 7ER,10-11-2019,MRA03 ,42,NA,Boundary Road
DW,3,House,NA,NA,1926,43 Boundary Road,Mountsorrel,Loughborough,LE12 7EP,20-08-2017,MRA03 ,43,NA,Boundary Road
DW,3,House,NA,NA,1930,59 Boundary Road,Mountsorrel,Loughborough,LE12 7EP,20-03-2016,MRA03 ,59,NA,Boundary Road
DW,3,House,NA,NA,1930,73 Boundary Road,Mountsorrel,Loughborough,LE12 7EP,30-11-2014,MRA03 ,73,NA,Boundary Road
DW,3,House,NA,NA,1949,101 Boundary Road,Mountsorrel,Loughborough,LE12 7EP,16-12-2018,MRA05 ,101,NA,Boundary Road
DW,3,House,NA,NA,1951,28 Castle Road,Mountsorrel,Loughborough,LE12 7EU,20-03-2016,MRA05 ,28,NA,Castle Road
DW,3,House,NA,NA,1951,29 Castle Road,Mountsorrel,Loughborough,LE12 7ET,25-02-2013,MRA05 ,29,NA,Castle Road
DW,1,Beds,1     ,2,1977,23 Chestnut Court Leicester Road,Mountsorrel,Loughborough,LE12 7DE,21-06-2015,MRA10 ,23,NA,Chestnut Court Leicester Road
DW,1,Flat,1     ,2,1977,26 Chestnut Court Leicester Road,Mountsorrel,Loughborough,LE12 7DE,24-07-2016,MRA10 ,26,NA,Chestnut Court Leicester Road
DW,1,Flat,1     ,2,1977,27 Chestnut Court Leicester Road,Mountsorrel,Loughborough,LE12 7DE,07-02-2021,MRA10 ,27,NA,Chestnut Court Leicester Road
DW,1,Flat,1     ,2,1961,22A Church Hill Road,Mountsorrel,Loughborough,LE12 7JE,29-01-2017,MRA10 ,22A,NA,Church Hill Road
DW,3,House,NA,NA,1958,81 Church Hill Road,Mountsorrel,Loughborough,LE12 7JD,17-05-2020,MRA08 ,81,NA,Church Hill Road
DW,3,House,NA,NA,1956,87 Church Hill Road,Mountsorrel,Loughborough,LE12 7JD,28-06-2020,MRA08 ,87,NA,Church Hill Road
DW,4,House,NA,NA,1956,104 Church Hill Road,Mountsorrel,Loughborough,LE12 7JF,17-06-2018,MRA08 ,104,NA,Church Hill Road
DW,3,House,NA,NA,1955,16 Elm Close,Mountsorrel,Loughborough,LE12 7JJ,06-03-2022,MRA08 ,16,NA,Elm Close
DW,3,House,NA,NA,1927,66 Hawcliffe Road,Mountsorrel,Loughborough,LE12 7AH,10-01-2016,MRA02 ,66,NA,Hawcliffe Road
DW,3,House,NA,NA,1932,80 Hawcliffe Road,Mountsorrel,Loughborough,LE12 7AH,23-05-2021,MRA02 ,80,NA,Hawcliffe Road
DW,3,House,NA,NA,1954,22 Hawthorn Road,Mountsorrel,Loughborough,LE12 7JL,18-12-2016,MRA08 ,22,NA,Hawthorn Road
DW,3,House,NA,NA,1954,28 Hawthorn Road,Mountsorrel,Loughborough,LE12 7JL,24-09-2017,MRA08 ,28,NA,Hawthorn Road
DW,3,House,NA,NA,1954,9 Laurel Close,Mountsorrel,Loughborough,LE12 7JN,11-08-2013,MRA08 ,9,NA,Laurel Close
DW,3,House,NA,NA,1955,36 Laurel Close,Mountsorrel,Loughborough,LE12 7JN,12-06-2022,MRA08 ,36,NA,Laurel Close
DW,3,House,NA,NA,1955,47 Laurel Close,Mountsorrel,Loughborough,LE12 7JN,03-08-2015,MRA08 ,47,NA,Laurel Close
DW,1,Flat,G,3,1967,24 Leicester Road,Mountsorrel,Loughborough,LE12 7AL,06-07-2014,MRA11 ,24,NA,Leicester Road
DW,2,Flat,1     ,2,1968,7A Marsh Road,Mountsorrel,Loughborough,LE12 7JP,04-11-2013,MRA10 ,7A,NA,Marsh Road
DW,2,Flat,1     ,2,1959,4A Martin Avenue,Mountsorrel,Loughborough,LE12 7JR,27-09-2020,MRA10 ,4A,NA,Martin Avenue
DW,3,House,NA,NA,1958,11 Martin Avenue,Mountsorrel,Loughborough,LE12 7JR,31-10-2021,MRA08 ,11,NA,Martin Avenue
DW,3,House,NA,NA,1928,19 Rothley Road,Mountsorrel,Loughborough,LE12 7JS,17-08-2015,MRA03 ,19,NA,Rothley Road
DW,3,House,NA,NA,1928,35 Rothley Road,Mountsorrel,Loughborough,LE12 7JS,21-02-2021,MRA03 ,35,NA,Rothley Road
DW,3,House,NA,NA,1950,26 Grey Crescent,Newtown Linford,Leicester,LE6 0AA,04-06-2017,MRA05 ,26,NA,Grey Crescent
DW,3,House,NA,NA,1950,35 Grey Crescent,Newtown Linford,Leicester,LE6 0AA,23-04-2017,MRA05 ,35,NA,Grey Crescent
DW,2,Flat,1     ,2,1959,8A Glebe Road,Queniborough,Leicester,LE7 3FH,01-03-2015,MRA10 ,8A,NA,Glebe Road
DW,3,House,NA,NA,1959,41 Glebe Road,Queniborough,Leicester,LE7 3FH,20-05-2018,MRA05 ,41,NA,Glebe Road
DW,3,House,NA,NA,1946,23 Barrow Road,Quorn,Loughborough,LE12 8DH,03-08-2015,MRA05 ,23,NA,Barrow Road
DW,3,House,NA,NA,1946,25 Barrow Road,Quorn,Loughborough,LE12 8DH,24-01-2016,MRA05 ,25,NA,Barrow Road
DW,1,Flat,G,2,1981,7 Castledine Street,Quorn,Loughborough,LE12 8DW,24-01-2016,MRA10 ,7,NA,Castledine Street
DW,1,Beds,1     ,2,1981,13 Castledine Street,Quorn,Loughborough,LE12 8DW,13-06-2021,MRA10 ,13,NA,Castledine Street
DW,3,House,NA,NA,1947,33 Castledine Street,Quorn,Loughborough,LE12 8DW,19-01-2014,MRA05 ,33,NA,Castledine Street
DW,1,Flat,1     ,2,1982,8 Revell Close,Quorn,Loughborough,LE12 8EF,29-06-2014,MRA10 ,8,NA,Revell Close
DW,1,Flat,G,2,1981,19 Sarson Street,Quorn,Loughborough,LE12 8EA,27-02-2022,MRA10 ,19,NA,Sarson Street
DW,1,Flat,1     ,2,1981,23 Sarson Street,Quorn,Loughborough,LE12 8EA,14-10-2018,MRA10 ,23,NA,Sarson Street
DW,3,House,NA,NA,1951,5 Unitt Road,Quorn,Loughborough,LE12 8BX,04-02-2018,MRA05 ,5,NA,Unitt Road
DW,3,House,NA,NA,1953,33 Unitt Road,Quorn,Loughborough,LE12 8BX,01-07-2013,MRA05 ,33,NA,Unitt Road
DW,3,House,NA,NA,1951,34 Unitt Road,Quorn,Loughborough,LE12 8BY,01-09-2019,MRA05 ,34,NA,Unitt Road
DW,3,House,NA,NA,1953,41 Unitt Road,Quorn,Loughborough,LE12 8BX,07-02-2021,MRA05 ,41,NA,Unitt Road
DW,3,House,NA,NA,1952,65 Unitt Road,Quorn,Loughborough,LE12 8BX,11-05-2014,MRA05 ,65,NA,Unitt Road
DW,3,House,NA,NA,1950,1 Brookside,Rearsby,Leicester,LE7 4YB,04-10-2015,MRA08 ,1,NA,Brookside
DW,3,House,NA,NA,1932,109 Hallfields Lane,Rothley,Leicester,LE7 7NG,08-07-2013,MRA02 ,109,NA,Hallfields Lane
DW,3,House,NA,NA,1951,4 Macaulay Road,Rothley,Leicester,LE7 7PX,15-03-2010,MRA05 ,4,NA,Macaulay Road
DW,3,House,NA,NA,1954,23 Macaulay Road,Rothley,Leicester,LE7 7PY,05-09-2021,MRA05 ,23,NA,Macaulay Road
DW,3,House,NA,NA,1954,33 Macaulay Road,Rothley,Leicester,LE7 7PY,30-09-2018,MRA08 ,33,NA,Macaulay Road
DW,3,House,NA,NA,1952,36 Macaulay Road,Rothley,Leicester,LE7 7PX,13-12-2015,MRA05 ,36,NA,Macaulay Road
DW,3,House,NA,NA,1949,10 Woodfield Road,Rothley,Leicester,LE7 7RE,12-03-2017,MRA05 ,10,NA,Woodfield Road
DW,4,House,NA,NA,1949,16 Woodfield Road,Rothley,Leicester,LE7 7RE,26-11-2012,MRA05 ,16,NA,Woodfield Road
DW,3,House,NA,NA,1949,25 Woodfield Road,Rothley,Leicester,LE7 7RD,22-01-2017,MRA08 ,25,NA,Woodfield Road
DW,3,House,NA,NA,1949,39 Woodfield Road,Rothley,Leicester,LE7 7RD,28-04-2019,MRA08 ,39,NA,Woodfield Road
DW,3,House,NA,NA,1954,41 Woodfield Road,Rothley,Leicester,LE7 7RD,10-11-2019,MRA08 ,41,NA,Woodfield Road
DW,3,House,NA,NA,1954,59 Woodfield Road,Rothley,Leicester,LE7 7RD,14-10-2013,MRA08 ,59,NA,Woodfield Road
DW,3,House,NA,NA,1958,61 Woodfield Road,Rothley,Leicester,LE7 7RD,13-11-2022,MRA05 ,61,NA,Woodfield Road
DW,3,House,NA,NA,1948,24 Green Lane,Seagrave,Loughborough,LE12 7LU,18-09-2016,MRA08 ,24,NA,Green Lane
DW,3,House,NA,NA,1952,4 Green Lane Close,Seagrave,Loughborough,LE12 7LX,25-03-2013,MRA08 ,4,NA,Green Lane Close
DW,2,Flat,G,2,1975,6 Green Lane Close,Seagrave,Loughborough,LE12 7LX,08-08-2011,MRA10 ,6,NA,Green Lane Close
DW,3,House,NA,NA,1952,7 Green Lane Close,Seagrave,Loughborough,LE12 7LX,03-06-2018,MRA08 ,7,NA,Green Lane Close
DW,2,Flat,1     ,2,1975,10A Green Lane Close,Seagrave,Loughborough,LE12 7LX,27-10-2019,MRA10 ,10A,NA,Green Lane Close
DW,3,House,NA,NA,1962,2 Blackbrook Close,Shepshed,Loughborough,LE12 9LD,27-07-2014,MRA05 ,2,NA,Blackbrook Close
DW,3,House,NA,NA,1962,52 Blackbrook Close,Shepshed,Loughborough,LE12 9LD,14-03-2021,MRA05 ,52,NA,Blackbrook Close
DW,3,House,NA,NA,1930,7 Cambridge Street,Shepshed,Loughborough,LE12 9HN,29-09-2019,MRA02 ,7,NA,Cambridge Street
DW,3,House,NA,NA,1930,18 Cambridge Street,Shepshed,Loughborough,LE12 9HW,26-02-2017,MRA02 ,18,NA,Cambridge Street
DW,2,House,NA,NA,1930,19 Cambridge Street,Shepshed,Loughborough,LE12 9HN,08-04-2018,MRA02 ,19,NA,Cambridge Street
DW,3,House,NA,NA,1931,65 Cambridge Street,Shepshed,Loughborough,LE12 9HN,09-02-2020,MRA02 ,65,NA,Cambridge Street
DW,3,House,NA,NA,1947,9 Glenfields,Shepshed,Loughborough,LE12 9LF,17-12-2017,MRA05 ,9,NA,Glenfields
DW,3,House,NA,NA,1949,25 Glenfields,Shepshed,Loughborough,LE12 9LF,06-09-2015,MRA05 ,25,NA,Glenfields
DW,2,House,NA,NA,1935,29 Glenmore Avenue,Shepshed,Loughborough,LE12 9LQ,27-06-2021,MRA02 ,29,NA,Glenmore Avenue
DW,2,House,NA,NA,1935,79 Glenmore Avenue,Shepshed,Loughborough,LE12 9LQ,26-06-2022,MRA02 ,79,NA,Glenmore Avenue
DW,3,House,NA,NA,1956,17 Grange Road,Shepshed,Loughborough,LE12 9LJ,13-01-2019,MRA05 ,17,NA,Grange Road
DW,3,House,NA,NA,1956,53 Grange Road,Shepshed,Loughborough,LE12 9LJ,12-07-2020,MRA05 ,53,NA,Grange Road
DW,2,Bungalow,NA,NA,1958,59 Grange Road,Shepshed,Loughborough,LE12 9LJ,17-08-2015,MRA13 ,59,NA,Grange Road
DW,3,House,NA,NA,1958,67 Grange Road,Shepshed,Loughborough,LE12 9LJ,30-11-2014,MRA05 ,67,NA,Grange Road
DW,3,House,NA,NA,1988,20 Lacey Court Charnwood Road,Shepshed,Loughborough,LE12 9QY,07-02-2016,MRA07 ,20,NA,Lacey Court Charnwood Road
DW,2,Flat,2     ,3,1988,53 Lacey Court Charnwood Road,Shepshed,Loughborough,LE12 9QY,19-03-2017,MRA11 ,53,NA,Lacey Court Charnwood Road
DW,2,House,NA,NA,1953,7 McCarthy Road,Shepshed,Loughborough,LE12 9LP,10-01-2016,MRA05 ,7,NA,McCarthy Road
DW,3,House,NA,NA,1922,18 Oakley Estate,Shepshed,Loughborough,LE12 9AR,11-12-2016,MRA02 ,18,NA,Oakley Estate
DW,3,House,NA,NA,1922,44 Oakley Estate,Shepshed,Loughborough,LE12 9AR,26-07-2015,MRA02 ,44,NA,Oakley Estate
DW,3,House,NA,NA,1922,48 Oakley Estate,Shepshed,Loughborough,LE12 9AR,11-09-2022,MRA02 ,48,NA,Oakley Estate
DW,3,House,NA,NA,1959,11 Oxley Close,Shepshed,Loughborough,LE12 9LS,15-01-2023,MRA05 ,11,NA,Oxley Close
DW,3,House,NA,NA,1938,24 Park Rise,Shepshed,Loughborough,LE12 9BA,03-11-2019,MRA02 ,24,NA,Park Rise
DW,3,House,NA,NA,1938,26 Park Rise,Shepshed,Loughborough,LE12 9BA,16-02-2014,MRA02 ,26,NA,Park Rise
DW,3,House,NA,NA,1950,4 Saint Botolph Road,Shepshed,Loughborough,LE12 9HZ,08-09-2008,MRA08 ,4,NA,Saint Botolph Road
DW,3,House,NA,NA,1951,18 Saint Botolph Road,Shepshed,Loughborough,LE12 9HZ,17-06-2018,MRA05 ,18,NA,Saint Botolph Road
DW,3,House,NA,NA,1954,59 Saint James Road,Shepshed,Loughborough,LE12 9JB,25-11-2018,MRA05 ,59,NA,Saint James Road
DW,3,House,NA,NA,1949,33 The Meadows,Shepshed,Loughborough,LE12 9QJ,16-08-2010,MRA05 ,33,NA,The Meadows
DW,3,House,NA,NA,1948,46 The Meadows,Shepshed,Loughborough,LE12 9QN,10-07-2022,MRA05 ,46,NA,The Meadows
DW,3,House,NA,NA,1950,53 The Meadows,Shepshed,Loughborough,LE12 9QJ,15-06-2014,MRA05 ,53,NA,The Meadows
DW,3,House,NA,NA,1948,22 Barradale Avenue,Sileby,Loughborough,LE12 7TB,23-10-2016,MRA05 ,22,NA,Barradale Avenue
DW,3,House,NA,NA,1948,25 Barradale Avenue,Sileby,Loughborough,LE12 7TB,12-10-2009,MRA05 ,25,NA,Barradale Avenue
DW,3,House,NA,NA,1928,166 Cossington Road,Sileby,Loughborough,LE12 7RT,05-06-2016,MRA03 ,166,NA,Cossington Road
DW,3,House,NA,NA,1928,170 Cossington Road,Sileby,Loughborough,LE12 7RT,22-04-2018,MRA03 ,170,NA,Cossington Road
DW,3,House,NA,NA,1928,180 Cossington Road,Sileby,Loughborough,LE12 7RT,27-09-2010,MRA03 ,180,NA,Cossington Road
DW,3,House,NA,NA,1948,34 Forest Drive,Sileby,Loughborough,LE12 7TD,19-03-2017,MRA05 ,34,NA,Forest Drive
DW,3,House,NA,NA,1950,5 Greedon Rise,Sileby,Loughborough,LE12 7TE,15-07-2018,MRA05 ,5,NA,Greedon Rise
DW,3,House,NA,NA,1951,14 Greedon Rise,Sileby,Loughborough,LE12 7TF,07-11-2021,MRA05 ,14,NA,Greedon Rise
DW,3,House,NA,NA,1951,18 Greedon Rise,Sileby,Loughborough,LE12 7TF,07-06-2015,MRA05 ,18,NA,Greedon Rise
DW,3,House,NA,NA,1953,44 Greedon Rise,Sileby,Loughborough,LE12 7TF,19-02-2017,MRA05 ,44,NA,Greedon Rise
DW,3,House,NA,NA,1953,54 Greedon Rise,Sileby,Loughborough,LE12 7TF,06-06-2021,MRA05 ,54,NA,Greedon Rise
DW,2,Flat,G,2,1971,61 Greedon Rise,Sileby,Loughborough,LE12 7TE,12-04-2015,MRA10 ,61,NA,Greedon Rise
DW,3,House,NA,NA,1955,87 Greedon Rise,Sileby,Loughborough,LE12 7TE,04-02-2018,MRA05 ,87,NA,Greedon Rise
DW,3,House,NA,NA,1955,224 Homefield Road,Sileby,Loughborough,LE12 7TQ,04-02-2013,MRA05 ,224,NA,Homefield Road
DW,3,House,NA,NA,1955,226 Homefield Road,Sileby,Loughborough,LE12 7TQ,09-05-2021,MRA05 ,226,NA,Homefield Road
DW,2,Flat,1     ,2,1973,227A Homefield Road,Sileby,Loughborough,LE12 7TG,07-11-2021,MRA10 ,227A,NA,Homefield Road
DW,3,House,NA,NA,1929,103 Ratcliffe Road,Sileby,Loughborough,LE12 7PU,15-12-2019,MRA03 ,103,NA,Ratcliffe Road
DW,3,House,NA,NA,1929,127 Ratcliffe Road,Sileby,Loughborough,LE12 7PX,11-12-2022,MRA03 ,127,NA,Ratcliffe Road
DW,3,House,NA,NA,1931,17 Wellbrook Avenue,Sileby,Loughborough,LE12 7QG,28-06-2020,MRA03 ,17,NA,Wellbrook Avenue
DW,3,House,NA,NA,1931,34 Wellbrook Avenue,Sileby,Loughborough,LE12 7QQ,20-03-2016,MRA03 ,34,NA,Wellbrook Avenue
DW,3,House,NA,NA,1931,50 Wellbrook Avenue,Sileby,Loughborough,LE12 7QQ,17-09-2017,MRA03 ,50,NA,Wellbrook Avenue
DW,3,House,NA,NA,1931,54 Wellbrook Avenue,Sileby,Loughborough,LE12 7QQ,01-10-2017,MRA03 ,54,NA,Wellbrook Avenue
DW,2,Flat,1     ,2,1947,54A Brighton Avenue,Syston,Leicester,LE7 2EB,24-08-2008,MRA10 ,54A,NA,Brighton Avenue
DW,2,Flat,G,2,1959,55 Central Avenue,Syston,Leicester,LE7 2EF,07-12-2014,MRA10 ,55,NA,Central Avenue
DW,3,House,NA,NA,1959,64B Central Avenue,Syston,Leicester,LE7 2EE,19-08-2018,MRA05 ,64B,NA,Central Avenue
DW,1,Flat,G,2,1972,7 Chapel Close,Syston,Leicester,LE7 1GY,06-06-2021,MRA10 ,7,NA,Chapel Close
DW,3,House,NA,NA,1952,18 East Avenue,Syston,Leicester,LE7 2EH,12-11-2012,MRA05 ,18,NA,East Avenue
DW,4,House,NA,NA,1954,65 East Avenue,Syston,Leicester,LE7 2EJ,22-10-2012,MRA05 ,65,NA,East Avenue
DW,2,Flat,G,2,1970,14 Gloucester Avenue,Syston,Leicester,LE7 2EL,17-05-2020,MRA10 ,14,NA,Gloucester Avenue
DW,2,Flat,G,2,1970,16 Gloucester Avenue,Syston,Leicester,LE7 2EL,19-01-2020,MRA10 ,16,NA,Gloucester Avenue
DW,1,Flat,1     ,2,1970,34A Gloucester Avenue,Syston,Leicester,LE7 2EL,15-03-2010,MRA10 ,34A,NA,Gloucester Avenue
DW,1,Flat,G,2,1970,40 Gloucester Avenue,Syston,Leicester,LE7 2EL,22-09-2019,MRA10 ,40,NA,Gloucester Avenue
DW,1,House,NA,NA,1900,1166 Melton Road,Syston,Leicester,LE7 2HB,10-12-2012,MRA02 ,1166,NA,Melton Road
DW,3,House,NA,NA,1953,41 Oxford Street,Syston,Leicester,LE7 2AT,07-06-2010,MRA05 ,41,NA,Oxford Street
DW,3,House,NA,NA,1953,45 Oxford Street,Syston,Leicester,LE7 2AT,19-12-2021,MRA05 ,45,NA,Oxford Street
DW,3,House,NA,NA,1955,60 Oxford Street,Syston,Leicester,LE7 2AS,23-04-2017,MRA05 ,60,NA,Oxford Street
DW,3,House,NA,NA,1955,75 Oxford Street,Syston,Leicester,LE7 2AT,08-12-2019,MRA05 ,75,NA,Oxford Street
DW,3,House,NA,NA,1931,41 Sandford Road,Syston,Leicester,LE7 2JZ,19-06-2016,MRA02 ,41,NA,Sandford Road
DW,1,Flat,G,3,1978,43 School Street,Syston,Leicester,LE7 1HN,27-02-2022,MRA11 ,43,NA,School Street
DW,1,Flat,1     ,3,1978,105 School Street,Syston,Leicester,LE7 1BT,20-11-2016,MRA11 ,105,NA,School Street
DW,3,House,NA,NA,1948,74 Tentercroft Avenue,Syston,Leicester,LE7 2EY,04-11-2013,MRA05 ,74,NA,Tentercroft Avenue
DW,1,Flat,G,3,1980,28 Walkers Way,Syston,Leicester,LE7 1BS,16-11-2014,MRA11 ,28,NA,Walkers Way
DW,3,House,NA,NA,1948,7 West Street,Syston,Leicester,LE7 1HT,10-05-2015,MRA08 ,7,NA,West Street
DW,3,House,NA,NA,1948,9 West Street,Syston,Leicester,LE7 1HT,15-05-2016,MRA08 ,9,NA,West Street
DW,3,House,NA,NA,1953,65 Beacon Avenue,Thurmaston,Leicester,LE4 8FF,03-06-2018,MRA05 ,65,NA,Beacon Avenue
DW,3,House,NA,NA,1953,10 Bradgate Avenue,Thurmaston,Leicester,LE4 8FG,08-03-2020,MRA05 ,10,NA,Bradgate Avenue
DW,3,House,NA,NA,1955,13 Bradgate Avenue,Thurmaston,Leicester,LE4 8FH,13-08-2017,MRA05 ,13,NA,Bradgate Avenue
DW,3,House,NA,NA,1955,19 Bradgate Avenue,Thurmaston,Leicester,LE4 8FH,12-06-2016,MRA05 ,19,NA,Bradgate Avenue
DW,3,House,NA,NA,1947,25 Charnwood Avenue,Thurmaston,Leicester,LE4 8FL,18-12-2022,MRA05 ,25,NA,Charnwood Avenue
DW,4,House,NA,NA,1947,27 Charnwood Avenue,Thurmaston,Leicester,LE4 8FL,05-09-2021,MRA05 ,27,NA,Charnwood Avenue
DW,3,House,NA,NA,1950,33 Charnwood Avenue,Thurmaston,Leicester,LE4 8FL,26-03-2017,MRA05 ,33,NA,Charnwood Avenue
DW,3,House,NA,NA,1950,37 Charnwood Avenue,Thurmaston,Leicester,LE4 8FL,01-03-2015,MRA05 ,37,NA,Charnwood Avenue
DW,4,House,NA,NA,1949,46 Charnwood Avenue,Thurmaston,Leicester,LE4 8FJ,12-11-2017,MRA05 ,46,NA,Charnwood Avenue
DW,3,House,NA,NA,1950,47 Charnwood Avenue,Thurmaston,Leicester,LE4 8FL,14-10-2018,MRA05 ,47,NA,Charnwood Avenue
DW,3,House,NA,NA,1949,63 Charnwood Avenue,Thurmaston,Leicester,LE4 8FL,16-06-2019,MRA08 ,63,NA,Charnwood Avenue
DW,3,House,NA,NA,1948,68 Charnwood Avenue,Thurmaston,Leicester,LE4 8FJ,16-12-2018,MRA08 ,68,NA,Charnwood Avenue
DW,3,House,NA,NA,1949,69 Charnwood Avenue,Thurmaston,Leicester,LE4 8FL,04-02-2013,MRA08 ,69,NA,Charnwood Avenue
DW,3,House,NA,NA,1948,72 Charnwood Avenue,Thurmaston,Leicester,LE4 8FJ,15-12-2013,MRA08 ,72,NA,Charnwood Avenue
DW,3,House,NA,NA,1948,74 Charnwood Avenue,Thurmaston,Leicester,LE4 8FJ,23-02-2020,MRA08 ,74,NA,Charnwood Avenue
DW,3,House,NA,NA,1948,76 Charnwood Avenue,Thurmaston,Leicester,LE4 8FJ,14-08-2016,MRA08 ,76,NA,Charnwood Avenue
DW,3,House,NA,NA,1949,78 Charnwood Avenue,Thurmaston,Leicester,LE4 8FJ,22-07-2018,MRA08 ,78,NA,Charnwood Avenue
DW,3,House,NA,NA,1930,25 Forest Avenue,Thurmaston,Leicester,LE4 8AD,03-06-2013,MRA02 ,25,NA,Forest Avenue
DW,1,Flat,1     ,2,1980,2 Offranville Close,Thurmaston,Leicester,LE4 8NR,17-02-2019,MRA10 ,2,NA,Offranville Close
DW,1,Flat,G,2,1980,3 Offranville Close,Thurmaston,Leicester,LE4 8NR,05-12-2016,MRA10 ,3,NA,Offranville Close
DW,3,House,NA,NA,1985,7 Old Hall Close Canal Street,Thurmaston,Leicester,LE4 8AR,25-09-2022,MRA07 ,7,NA,Old Hall Close Canal Street
DW,3,House,NA,NA,1958,24 Sandiacre Drive,Thurmaston,Leicester,LE4 8GA,22-10-2017,MRA05 ,24,NA,Sandiacre Drive
DW,2,Flat,1     ,2,1958,36A Sandiacre Drive,Thurmaston,Leicester,LE4 8GA,30-09-2018,MRA10 ,36A,NA,Sandiacre Drive
DW,3,House,NA,NA,1938,26 Unicorn Street,Thurmaston,Leicester,LE4 8AW,06-10-2019,MRA02 ,26,NA,Unicorn Street
DW,3,House,NA,NA,1938,38 Unicorn Street,Thurmaston,Leicester,LE4 8AW,16-05-2021,MRA02 ,38,NA,Unicorn Street
DW,3,House,NA,NA,1947,33 Beacon Road,Woodhouse Eaves,Loughborough,LE12 8RN,16-10-2022,MRA05 ,33,NA,Beacon Road
DW,3,House,NA,NA,1932,69 Beacon Road,Woodhouse Eaves,Loughborough,LE12 8RW,25-06-2017,MRA02 ,69,NA,Beacon Road
DW,3,House,NA,NA,1932,75 Beacon Road,Woodhouse Eaves,Loughborough,LE12 8RW,19-08-2018,MRA02 ,75,NA,Beacon Road
DW,1,Flat,G,2,1951,49 Bird Hill Road,Woodhouse Eaves,Loughborough,LE12 8RP,07-12-2014,MRA10 ,49,NA,Bird Hill Road
DW,3,House,NA,NA,1957,69 Bird Hill Road,Woodhouse Eaves,Loughborough,LE12 8RP,13-01-2019,MRA05 ,69,NA,Bird Hill Road
DW,3,House,NA,NA,1957,77 Bird Hill Road,Woodhouse Eaves,Loughborough,LE12 8RP,13-12-2015,MRA05 ,77,NA,Bird Hill Road
DW,3,House,NA,NA,1957,79 Bird Hill Road,Woodhouse Eaves,Loughborough,LE12 8RP,04-01-2010,MRA05 ,79,NA,Bird Hill Road
DW,3,House,NA,NA,1956,84 Bird Hill Road,Woodhouse Eaves,Loughborough,LE12 8RR,14-04-2019,MRA05 ,84,NA,Bird Hill Road
DW,3,House,NA,NA,1957,85 Bird Hill Road,Woodhouse Eaves,Loughborough,LE12 8RP,03-09-2012,MRA05 ,85,NA,Bird Hill Road
DW,3,House,NA,NA,1957,91 Bird Hill Road,Woodhouse Eaves,Loughborough,LE12 8RP,24-04-2022,MRA05 ,91,NA,Bird Hill Road
DW,2,Flat,1     ,2,1957,102A Bird Hill Road,Woodhouse Eaves,Loughborough,LE12 8RR,31-10-2021,MRA10 ,102A,NA,Bird Hill Road
DW,3,House,NA,NA,1928,15 Meadow Road,Woodhouse Eaves,Loughborough,LE12 8SA,09-01-2022,MRA03 ,15,NA,Meadow Road
DW,3,House,NA,NA,1927,29 Meadow Road,Woodhouse Eaves,Loughborough,LE12 8SA,02-04-2017,MRA03 ,29,NA,Meadow Road
DW,3,House,NA,NA,1949,14 Tuckett Road,Woodhouse Eaves,Loughborough,LE12 8SE,14-09-2014,MRA05 ,14,NA,Tuckett Road
GR,0,Garage,NA,NA,1950,Garage 1 Park Road,Loughborough,Leics,LE11 2HJ,11-07-2021,NA,1,NA,Garage  Park Road
SH,0,Shop,NA,NA,NA,24 Hermitage Road,Loughborough,Leics,LE11 4PE,01-11-2015,NA,24,NA,Hermitage Road
SH,0,Shop,NA,NA,NA,Shop 35 Wordsworth Road,Loughborough,Leics,LE11 4LG,26-01-2014,NA,35,NA,Shop  Wordsworth Road
SH,0,Shop,NA,NA,NA,37 Wordsworth Road,Loughborough,Leics,LE11 4LG,26-01-2014,NA,37,NA,Wordsworth Road
SH,0,Shop,NA,NA,NA,39 Wordsworth Road,Loughborough,Leics,LE11 4LG,26-01-2014,NA,39,NA,Wordsworth Road
467 Properties Listed,NA,NA,NA,NA,NA,NA,NA,NA,NA,NA,NA,NA,NA,NA
