address,date,valuation,sale_value,discount,street_number,suburb,house_number,house_number2,street_name
"5 Granby Drive, Bottesford",02-04-2001,50000,32500,17500,5 Granby Drive,Bottesford,5,NA,Granby Drive
48 Rudbeck Avanue,02-04-2001,45000,27900,17100,48 Rudbeck Avanue,NA,48,NA,Rudbeck Avanue
"12 Boyers Orchard, Harby",09-04-2001,28000,15120,12880,12 Boyers Orchard,Harby,12,NA,Boyers Orchard
"7 Mere Road, Waltham",23-04-2001,50000,33000,17000,7 Mere Road,Waltham,7,NA,Mere Road
5 Sherwood Drive,23-04-2001,49000,26460,22540,5 Sherwood Drive,NA,5,NA,Sherwood Drive
"8 Coronation Avenue, Long Clawson",14-05-2001,42000,19740,22260,8 Coronation Avenue,Long Clawson,8,NA,Coronation Avenue
64 Princess Drive,21-05-2001,45000,21000,24000,64 Princess Drive,NA,64,NA,Princess Drive
"15 Kings Road, Long Clawson",11-06-2001,50000,34000,16000,15 Kings Road,Long Clawson,15,NA,Kings Road
"21 Paske Avenue, Gaddesby",02-07-2001,60000,37200,22800,21 Paske Avenue,Gaddesby,21,NA,Paske Avenue
2 Weaver Green,30-07-2001,40000,21200,18800,2 Weaver Green,NA,2,NA,Weaver Green
"49 Queensway, Old Dalby",13-08-2001,48000,30240,17760,49 Queensway,Old Dalby,49,NA,Queensway
4 Charnwood Drive,20-08-2001,47000,23000,24000,4 Charnwood Drive,NA,4,NA,Charnwood Drive
"10 Nursery Lane, Holwell",20-08-2001,47000,28200,18800,10 Nursery Lane,Holwell,10,NA,Nursery Lane
112 Princess Drive,03-09-2001,46000,28520,17480,112 Princess Drive,NA,112,NA,Princess Drive
146 Edendale Road,17-09-2001,54000,30000,24000,146 Edendale Road,NA,146,NA,Edendale Road
103 Welby Lane,24-09-2001,45000,35809,9191,103 Welby Lane,NA,103,NA,Welby Lane
63 Queensway,24-09-2001,48000,24000,24000,63 Queensway,NA,63,NA,Queensway
28 Sandy Lane,24-09-2001,29500,13570,15930,28 Sandy Lane,NA,28,NA,Sandy Lane
"4 Wellfield Lane, Frisby",24-09-2001,30000,20400,9600,4 Wellfield Lane,Frisby,4,NA,Wellfield Lane
"16 Highfield Crescent, Croxton Kerrial",08-10-2001,56000,38080,17920,16 Highfield Crescent,Croxton Kerrial,16,NA,Highfield Crescent
"25 Coronation Avenue, Long Clawson",08-10-2001,48000,24000,24000,25 Coronation Avenue,Long Clawson,25,NA,Coronation Avenue
58 Princess Drive,08-10-2001,42060,24395,17665,58 Princess Drive,NA,58,NA,Princess Drive
99 Dalby Road,08-10-2001,48000,24000,24000,99 Dalby Road,NA,99,NA,Dalby Road
"1 School Hill, Sproxton",15-10-2001,58000,34000,24000,1 School Hill,Sproxton,1,NA,School Hill
"20 Longcliffe Hill, Old Dalby",15-10-2001,18000,12240,5760,20 Longcliffe Hill,Old Dalby,20,NA,Longcliffe Hill
12 Princess Drive,29-10-2001,53000,29000,24000,12 Princess Drive,NA,12,NA,Princess Drive
107 Welby Lane,29-10-2001,45500,35809,9691,107 Welby Lane,NA,107,NA,Welby Lane
14 Harlech Walk,19-11-2001,46000,22000,24000,14 Harlech Walk,NA,14,NA,Harlech Walk
15 Staveley Road,03-12-2001,38000,23180,14820,15 Staveley Road,NA,15,NA,Staveley Road
"7 Firdale, Somerby",10-12-2001,60000,36000,24000,7 Firdale,Somerby,7,NA,Firdale
33 Charnwood Drive,10-12-2001,54000,30000,24000,33 Charnwood Drive,NA,33,NA,Charnwood Drive
5 Harlech Walk,17-12-2001,44500,26255,18245,5 Harlech Walk,NA,5,NA,Harlech Walk
"1 Mere Road, Waltham",17-12-2001,60000,36000,24000,1 Mere Road,Waltham,1,NA,Mere Road
"7 Highfield End, Ashby Folville",17-12-2001,30000,18000,12000,7 Highfield End,Ashby Folville,7,NA,Highfield End
41 Queensway,24-12-2001,46000,28520,17480,41 Queensway,NA,41,NA,Queensway
6 Blakeney Crescent,07-01-2002,48000,24960,23040,6 Blakeney Crescent,NA,6,NA,Blakeney Crescent
25 Blakeney Crescent,21-01-2002,46000,28060,17940,25 Blakeney Crescent,NA,25,NA,Blakeney Crescent
"28 Main Street, Muston",21-01-2002,60000,37800,22200,28 Main Street,Muston,28,NA,Main Street
6 Princess Drive,21-01-2002,48000,30240,17760,6 Princess Drive,NA,6,NA,Princess Drive
"36 Coronation Avenue, Long Clawson",18-02-2002,60000,36000,24000,36 Coronation Avenue,Long Clawson,36,NA,Coronation Avenue
43 Blakeney Crescent,25-02-2002,51000,31620,19380,43 Blakeney Crescent,NA,43,NA,Blakeney Crescent
43 West Avenue,04-03-2002,45000,28800,16200,43 West Avenue,NA,43,NA,West Avenue
"9 Greaves Avenue, Old Dalby",04-03-2002,49000,31850,17150,9 Greaves Avenue,Old Dalby,9,NA,Greaves Avenue
"5 Wellfield Lane, Frisby",11-03-2002,30000,17100,12900,5 Wellfield Lane,Frisby,5,NA,Wellfield Lane
"12 Kings Road, Long Clawson",11-03-2003,65000,41600,23400,12 Kings Road,Long Clawson,12,NA,Kings Road
"2 Heckadeck Lane, Nether Broughton",08-04-2002,65000,41000,24000,2 Heckadeck Lane,Nether Broughton,2,NA,Heckadeck Lane
148 Kirby Lane,08-04-2002,50000,27500,22500,148 Kirby Lane,NA,148,NA,Kirby Lane
38 Blenheim Walk,26-04-2002,48000,29280,18720,38 Blenheim Walk,NA,38,NA,Blenheim Walk
"92 Queensway, Old Dalby",29-04-2002,50000,33500,16500,92 Queensway,Old Dalby,92,NA,Queensway
6 Brownlow Crescent,29-04-2002,46000,25300,20700,6 Brownlow Crescent,NA,6,NA,Brownlow Crescent
22 Swann Close,13-05-2002,53500,29500,24000,22 Swann Close,NA,22,NA,Swann Close
18 Blenheim Walk,13-05-2002,45000,23850,21150,18 Blenheim Walk,NA,18,NA,Blenheim Walk
5 Queensway,10-06-2002,56000,33600,22400,5 Queensway,NA,5,NA,Queensway
"29 Regency Road, Asfordby",24-06-2002,59000,35000,24000,29 Regency Road,Asfordby,29,NA,Regency Road
"1 Station Cottages, Hose",24-06-2002,65000,41000,24000,1 Station Cottages,Hose,1,NA,Station Cottages
"1 Cold Overton Road, Knossington",24-06-2002,70000,46000,24000,1 Cold Overton Road,Knossington,1,NA,Cold Overton Road
"25 Kings Road, Long Clawson",24-06-2002,60000,38400,21600,25 Kings Road,Long Clawson,25,NA,Kings Road
"68 Boyers Orchard, Harby",01-07-2002,62000,38000,24000,68 Boyers Orchard,Harby,68,NA,Boyers Orchard
62 Queensway,01-07-2002,47000,29610,17390,62 Queensway,NA,62,NA,Queensway
"5 Pinfold Lane, Bottesford",08-07-2002,60000,36000,24000,5 Pinfold Lane,Bottesford,5,NA,Pinfold Lane
"4 Heckadeck Lane, Nether Broughton",19-08-2002,72000,48000,24000,4 Heckadeck Lane,Nether Broughton,4,NA,Heckadeck Lane
44 Chapel Street,16-09-2002,42000,18000,24000,44 Chapel Street,NA,44,NA,Chapel Street
119 Welby Lane,23-09-2002,50000,35809,14191,119 Welby Lane,NA,119,NA,Welby Lane
111 Welby Lane,23-09-2002,56000,36353.3,19646.699999999997,111 Welby Lane,NA,111,NA,Welby Lane
78 Princess Drive,16-09-2002,50000,28000,22000,78 Princess Drive,NA,78,NA,Princess Drive
123 West Avenue,23-09-2002,47000,27730,19270,123 West Avenue,NA,123,NA,West Avenue
34 Drummond Walk,30-09-2002,50000,29000,21000,34 Drummond Walk,NA,34,NA,Drummond Walk
23 West Avenue,07-10-2002,53000,30740,22260,23 West Avenue,NA,23,NA,West Avenue
"12 Main Street, Muston",14-10-2002,65000,41000,24000,12 Main Street,Muston,12,NA,Main Street
90 Drummond Walk,21-10-2002,38000,23180,14820,90 Drummond Walk,NA,90,NA,Drummond Walk
"17 Pinfold Lane, Bottesford",28-10-2002,65000,44200,20800,17 Pinfold Lane,Bottesford,17,NA,Pinfold Lane
74 Edendale Road,28-10-2002,68000,44000,24000,74 Edendale Road,NA,74,NA,Edendale Road
"20 Burdetts Close, Great Dalby",25-11-2002,42000,23100,18900,20 Burdetts Close,Great Dalby,20,NA,Burdetts Close
52 Princess Drive,02-12-2002,58000,34000,24000,52 Princess Drive,NA,52,NA,Princess Drive
26 Welby Lane,09-12-2002,50000,27500,22500,26 Welby Lane,NA,26,NA,Welby Lane
"51 Queensway, Old Dalby",23-12-2002,62000,38000,24000,51 Queensway,Old Dalby,51,NA,Queensway
61 Queensway,06-01-2003,57000,33000,24000,61 Queensway,NA,61,NA,Queensway
156 Edendale Road,20-01-2003,58000,34000,24000,156 Edendale Road,NA,156,NA,Edendale Road
"41 Queensway, Old Dalby",03-02-2003,70000,46000,24000,41 Queensway,Old Dalby,41,NA,Queensway
71 Stirling Road,03-02-2003,65000,41000,24000,71 Stirling Road,NA,71,NA,Stirling Road
"8 Main Road, Old Dalby",10-02-2003,42000,25200,16800,8 Main Road,Old Dalby,8,NA,Main Road
"7 Station Cottage, Hose",10-02-2003,58000,34000,24000,7 Station Cottage,Hose,7,NA,Station Cottage
46 Brook Street,24-02-2003,67000,43000,24000,46 Brook Street,NA,46,NA,Brook Street
"18 Greaves Avenue, Old Dalby",03-03-2003,40000,16000,24000,18 Greaves Avenue,Old Dalby,18,NA,Greaves Avenue
132 Edendale Road,24-03-2003,56000,33040,22960,132 Edendale Road,NA,132,NA,Edendale Road
"12 Lings Close, Eaton",14-04-2003,82000,58000,24000,12 Lings Close,Eaton,12,NA,Lings Close
6 Rockingham Drive,14-04-2003,80000,56000,24000,6 Rockingham Drive,NA,6,NA,Rockingham Drive
11 Swan Close,14-04-2003,75000,51000,24000,11 Swan Close,NA,11,NA,Swan Close
"18 Burdetts Close, Great Dalby",21-04-2003,41000,24190,16810,18 Burdetts Close,Great Dalby,18,NA,Burdetts Close
5 Barker Crescent,28-04-2003,70000,46000,24000,5 Barker Crescent,NA,5,NA,Barker Crescent
24 Harlech Walk,12-05-2003,60000,39600,20400,24 Harlech Walk,NA,24,NA,Harlech Walk
"1 The Crescent, Saltby",19-05-2003,80000,56000,24000,1 The Crescent,Saltby,1,NA,The Crescent
"10 Main Street, Muston",19-05-2003,90000,66000,24000,10 Main Street,Muston,10,NA,Main Street
"11 Chapel Street, Barkstone",23-06-2003,50000,34000,16000,11 Chapel Street,Barkstone,11,NA,Chapel Street
"16 Melton Road, Long Clawson",23-06-2003,72000,48000,24000,16 Melton Road,Long Clawson,16,NA,Melton Road
47 Queensway,07-07-2003,74000,50000,24000,47 Queensway,NA,47,NA,Queensway
"3 Keel Drive, Bottesford",14-07-2003,75000,51000,24000,3 Keel Drive,Bottesford,3,NA,Keel Drive
"16 Burgins Lane, Waltham",28-07-2003,58000,34000,24000,16 Burgins Lane,Waltham,16,NA,Burgins Lane
"76 Regency Road, Asfordby",18-08-2003,82000,58000,24000,76 Regency Road,Asfordby,76,NA,Regency Road
80 Princess Drive,26-08-2003,82000,58000,24000,80 Princess Drive,NA,80,NA,Princess Drive
"80 Queensway, Old Dalby",26-08-2003,75000,51000,24000,80 Queensway,Old Dalby,80,NA,Queensway
127 West Avenue,15-09-2003,75000,51000,24000,127 West Avenue,NA,127,NA,West Avenue
"54 Regency Road, Asfordby",08-09-2003,60000,36000,24000,54 Regency Road,Asfordby,54,NA,Regency Road
"69 Stathern Lane, Harby",22-09-2003,86000,62000,24000,69 Stathern Lane,Harby,69,NA,Stathern Lane
"4 Clawson Lane, Ab Kettleby",29-09-2003,75000,51000,24000,4 Clawson Lane,Ab Kettleby,4,NA,Clawson Lane
"6 Charnwood Avenue, Asfordby",08-12-2003,78000,54000,24000,6 Charnwood Avenue,Asfordby,6,NA,Charnwood Avenue
16 Meynell Close,08-12-2003,89000,65000,24000,16 Meynell Close,NA,16,NA,Meynell Close
4 Goldspink Close,15-12-2003,85000,61000,24000,4 Goldspink Close,NA,4,NA,Goldspink Close
"34 Queensway, Old Dalby",05-01-2004,91000,67000,24000,34 Queensway,Old Dalby,34,NA,Queensway
147 Welby Lane,05-01-2004,47000,36854,10146,147 Welby Lane,NA,147,NA,Welby Lane
"55 Regency Road, Asfordby",19-01-2004,86000,62000,24000,55 Regency Road,Asfordby,55,NA,Regency Road
"5 Kings Road, Long Clawson",19-01-2004,93000,69000,24000,5 Kings Road,Long Clawson,5,NA,Kings Road
163 Edendale Road,09-02-2004,69000,45000,24000,163 Edendale Road,NA,163,NA,Edendale Road
93 Dalby Road,09-02-2004,70000,46000,24000,93 Dalby Road,NA,93,NA,Dalby Road
67 Stirling Road,16-02-2004,66000,42000,24000,67 Stirling Road,NA,67,NA,Stirling Road
"24 Chapel Lane, Hose",15-03-2004,90000,66000,24000,24 Chapel Lane,Hose,24,NA,Chapel Lane
59 Rudbeck Avenue,29-03-2004,84000,60000,24000,59 Rudbeck Avenue,NA,59,NA,Rudbeck Avenue
5 Greaves Avenue,19-04-2004,82500,58500,24000,5 Greaves Avenue,NA,5,NA,Greaves Avenue
"13 Silverwood Road, Bottesford",19-04-2004,68000,44000,24000,13 Silverwood Road,Bottesford,13,NA,Silverwood Road
"4 Chapel Lane, Old Dalby",10-05-2004,87000,63000,24000,4 Chapel Lane,Old Dalby,4,NA,Chapel Lane
32 Roseby Avenue,10-05-2004,90000,66000,24000,32 Roseby Avenue,NA,32,NA,Roseby Avenue
"21 Longcliffe Hill, Old Dalby",10-05-2004,48000,24480,23520,21 Longcliffe Hill,Old Dalby,21,NA,Longcliffe Hill
"8 The Crescent, Asfordby",24-05-2004,92000,68000,24000,8 The Crescent,Asfordby,8,NA,The Crescent
139 Welby Lane,14-06-2004,75000,51000,24000,139 Welby Lane,NA,139,NA,Welby Lane
7 Barker Crescent,14-06-2004,80000,56000,24000,7 Barker Crescent,NA,7,NA,Barker Crescent
45 Lake Terrace,21-06-2004,80000,56000,24000,45 Lake Terrace,NA,45,NA,Lake Terrace
44 Queensway,21-06-2004,84000,60000,24000,44 Queensway,NA,44,NA,Queensway
36 Drummond Walk,21-06-2004,58000,34000,24000,36 Drummond Walk,NA,36,NA,Drummond Walk
10 Barker Crescent,21-06-2004,79000,55000,24000,10 Barker Crescent,NA,10,NA,Barker Crescent
121 Welby Lane,21-06-2004,82000,58000,24000,121 Welby Lane,NA,121,NA,Welby Lane
"1 Firdale, Somerby",05-07-2004,85000,61000,24000,1 Firdale,Somerby,1,NA,Firdale
21 Rudbeck Avenue,19-07-2004,78000,54000,24000,21 Rudbeck Avenue,NA,21,NA,Rudbeck Avenue
"56 Regency Road, Asfordby",19-07-2004,75000,51000,24000,56 Regency Road,Asfordby,56,NA,Regency Road
25 Lake Terrace,09-08-2004,78000,54000,24000,25 Lake Terrace,NA,25,NA,Lake Terrace
159 Welby Lane,09-08-2004,82000,58000,24000,159 Welby Lane,NA,159,NA,Welby Lane
43 Sherwood Drive,23-08-2004,89000,65000,24000,43 Sherwood Drive,NA,43,NA,Sherwood Drive
12 Barker Crescent,13-09-2004,86500,62500,24000,12 Barker Crescent,NA,12,NA,Barker Crescent
7 Springfield Street,27-09-2004,72000,48960,23040,7 Springfield Street,NA,7,NA,Springfield Street
6 Harlech Walk,04-10-2004,59000,35000,24000,6 Harlech Walk,NA,6,NA,Harlech Walk
7 Cornwall Place,04-10-2004,92000,68000,24000,7 Cornwall Place,NA,7,NA,Cornwall Place
"8 Firdale, Somerby",01-11-2004,87500,63500,24000,8 Firdale,Somerby,8,NA,Firdale
"2 Main Street, Wymondham",22-11-2004,65000,41000,24000,2 Main Street,Wymondham,2,NA,Main Street
"32 Regency Road, Asfordby",14-02-2005,75000,51000,24000,32 Regency Road,Asfordby,32,NA,Regency Road
"14 Burdetts Close, Great Dalby",07-03-2005,74000,50000,24000,14 Burdetts Close,Great Dalby,14,NA,Burdetts Close
61 Lake Terrace,18-04-2005,85000,61000,24000,61 Lake Terrace,NA,61,NA,Lake Terrace
31b Blakney Crescent,19-04-2005,79000,55000,24000,31b Blakney Crescent,NA,31b,NA,Blakney Crescent
33 Barker Crescent,25-04-2005,90000,66000,24000,33 Barker Crescent,NA,33,NA,Barker Crescent
2 Ambleside Way,09-05-2005,85000,61000,24000,2 Ambleside Way,NA,2,NA,Ambleside Way
52 Drummond Walk,23-05-2005,82000,58000,24000,52 Drummond Walk,NA,52,NA,Drummond Walk
38 Beckmill Court,25-07-2005,72000,48000,24000,38 Beckmill Court,NA,38,NA,Beckmill Court
24 Stirling Road,01-08-2005,90000,66000,24000,24 Stirling Road,NA,24,NA,Stirling Road
96 Sandy Lane,05-09-2005,95000,71000,24000,96 Sandy Lane,NA,96,NA,Sandy Lane
2 Charnwood Drive,19-09-2005,87500,63500,24000,2 Charnwood Drive,NA,2,NA,Charnwood Drive
100 Princess Drive,14-11-2005,87500,63500,24000,100 Princess Drive,NA,100,NA,Princess Drive
25 Woodhouse Road,21-11-2005,107500,83500,24000,25 Woodhouse Road,NA,25,NA,Woodhouse Road
39 Princess Drive,28-11-2005,87500,63500,24000,39 Princess Drive,NA,39,NA,Princess Drive
63 Princess Drive,20-02-2006,85000,61000,24000,63 Princess Drive,NA,63,NA,Princess Drive
10 Swan Close,25-04-2006,103000,79000,24000,10 Swan Close,NA,10,NA,Swan Close
2 Dieppe Way,26-06-2006,87000,63000,24000,2 Dieppe Way,NA,2,NA,Dieppe Way
38 Stirling Road,24-07-2006,90000,66000,24000,38 Stirling Road,NA,38,NA,Stirling Road
"11 School Hill, Sproxton",04-09-2006,120000,96000,24000,11 School Hill,Sproxton,11,NA,School Hill
"19 Jubilee Avenue, Asfordby",11-09-2006,88000,64000,24000,19 Jubilee Avenue,Asfordby,19,NA,Jubilee Avenue
6 Ambleside Way,11-09-2006,84500,60500,24000,6 Ambleside Way,NA,6,NA,Ambleside Way
"3 Coronation Avenue, Long Clawson",16-10-2006,121000,97000,24000,3 Coronation Avenue,Long Clawson,3,NA,Coronation Avenue
11 Bentley Street,30-10-2006,79000,55000,24000,11 Bentley Street,NA,11,NA,Bentley Street
153 Nottingham Road,23-01-2007,93000,69000,24000,153 Nottingham Road,NA,153,NA,Nottingham Road
"2 The Crescent, Saltby",05-02-2007,115000,91000,24000,2 The Crescent,Saltby,2,NA,The Crescent
25 Charnwood Drive,09-07-2007,95000,71000,24000,25 Charnwood Drive,NA,25,NA,Charnwood Drive
"42 New Street, Asfordby",30-07-2007,102000,78000,24000,42 New Street,Asfordby,42,NA,New Street
59 Stirling Road,30-07-2007,100000,76000,24000,59 Stirling Road,NA,59,NA,Stirling Road
47 Barker Crescent,06-08-2007,96000,72000,24000,47 Barker Crescent,NA,47,NA,Barker Crescent
58 Drummond Walk,10-09-2007,95000,71000,24000,58 Drummond Walk,NA,58,NA,Drummond Walk
"2 Wellfield Lane, Frisby",15-10-2007,65000,41000,24000,2 Wellfield Lane,Frisby,2,NA,Wellfield Lane
"11 Red Lion Street, Stathern",22-10-2007,120000,96000,24000,11 Red Lion Street,Stathern,11,NA,Red Lion Street
"3 Cold Overton Road, Knossington",05-11-2007,160000,136000,24000,3 Cold Overton Road,Knossington,3,NA,Cold Overton Road
87 Stirling Road,19-11-2007,110000,86000,24000,87 Stirling Road,NA,87,NA,Stirling Road
"4 Station Cottage, Hose",11-02-2008,123000,99000,24000,4 Station Cottage,Hose,4,NA,Station Cottage
No Sales,NA,NA,NA,NA,No Sales,NA,NA,NA,NA
"8 Scalford Road, Eastwell",30-11-2009,60000,36000,24000,8 Scalford Road,Eastwell,8,NA,Scalford Road
"13 Highfield End, Ashby Folville",14-06-2010,62500,38500,24000,13 Highfield End,Ashby Folville,13,NA,Highfield End
9 Brownlow Crescent,26-07-2010,79000,55000,24000,9 Brownlow Crescent,NA,9,NA,Brownlow Crescent
64 Staveley Road,03-08-2010,92500,68500,24000,64 Staveley Road,NA,64,NA,Staveley Road
46 Queensway,01-11-2010,81000,57000,24000,46 Queensway,NA,46,NA,Queensway
"17 Highfield Cres, Croxton Kerriel",18-04-2011,98000,74000,24000,17 Highfield Crescent,Croxton Kerriel,17,NA,Highfield Crescent
"10 Lings Close, Eaton",13-06-2011,98000,74000,24000,10 Lings Close,Eaton,10,NA,Lings Close
139 Nottingham Road,26-10-2011,86000,62000,24000,139 Nottingham Road,NA,139,NA,Nottingham Road
11 Hartopp Road,30-11-2011,85000,61000,24000,11 Hartopp Road,NA,11,NA,Hartopp Road
32 Jarvis Drive,19-12-2011,80000,56000,24000,32 Jarvis Drive,NA,32,NA,Jarvis Drive
21 Blenheim Walk,22-12-2011,68000,44000,24000,21 Blenheim Walk,NA,21,NA,Blenheim Walk
"1 Greaves Ave, Old Dalby",12-03-2012,92000,68000,24000,1 Greaves Avenue,Old Dalby,1,NA,Greaves Avenue
36 Princess Drive,17-09-2012,93000,60450,32550,36 Princess Drive,NA,36,NA,Princess Drive
31 Lake Terrace,24-09-2012,95000,55100,39900,31 Lake Terrace,NA,31,NA,Lake Terrace
67 Rutland Street,08-10-2012,60000,27600,32400,67 Rutland Street,NA,67,NA,Rutland Street
5 Blakeney Crescent,03-12-2012,90000,36000,54000,5 Blakeney Crescent,NA,5,NA,Blakeney Crescent
13 Lake Terrace,10-12-2012,98000,49980,48020,13 Lake Terrace,NA,13,NA,Lake Terrace
34 Blakeney Crescent,25-03-2013,73000,47450,25550,34 Blakeney Crescent,NA,34,NA,Blakeney Crescent
"19 Longcliffe Hill, Old Dalby",25-03-2013,87000,34800,52200,19 Longcliffe Hill,Old Dalby,19,NA,Longcliffe Hill
"22 Jubilee Ave, Asf",15-04-2013,110000,44000,66000,22 Jubilee Avenue,Asf,22,NA,Jubilee Avenue
6 Brook Street,29-04-2013,110000,66000,44000,6 Brook Street,NA,6,NA,Brook Street
47 West Avenue,15-07-2013,84000,44520,39480,47 West Avenue,NA,47,NA,West Avenue
60 Drummond Walk,16-09-2013,85000,48450,36550,60 Drummond Walk,NA,60,NA,Drummond Walk
19 Lake Terrace,07-10-2013,92000,36800,55200,19 Lake Terrace,NA,19,NA,Lake Terrace
161 West Avenue,02-12-2013,82000,32800,49200,161 West Avenue,NA,161,NA,West Avenue
"19 Woodhouse Road, Asf",16-12-2013,90000,43200,46800,19 Woodhouse Road,Asf,19,NA,Woodhouse Road
19 Jarvis Drive,17-02-2014,104000,56160,47840,19 Jarvis Drive,NA,19,NA,Jarvis Drive
46 Barker Crescent,12-05-2014,91000,50050,40950,46 Barker Crescent,NA,46,NA,Barker Crescent
6 Swan Close,12-05-2014,98000,41160,56840,6 Swan Close,NA,6,NA,Swan Close
"38 Regency Road, Asf",07-07-2014,110000,58300,51700,38 Regency Road,Asf,38,NA,Regency Road
"11 Pinfold Lane, Bottes",28-07-2014,103000,66950,36050,11 Pinfold Lane,Bottes,11,NA,Pinfold Lane
10 Rockingham Drive,29-09-2014,78000,39000,39000,10 Rockingham Drive,NA,10,NA,Rockingham Drive
35 Staveley Road,24-11-2014,100000,30000,70000,35 Staveley Road,NA,35,NA,Staveley Road
71 Princess Drive,24-11-2014,108000,57240,50760,71 Princess Drive,NA,71,NA,Princess Drive
56 Rubeck Avenue,22-12-2014,98000,32340,65660,56 Rubeck Avenue,NA,56,NA,Rubeck Avenue
97 West Avenue,02-02-2015,96000,36480,59520,97 West Avenue,NA,97,NA,West Avenue
"9 Granby Drive, Bottes",23-02-2015,120000,54000,66000,9 Granby Drive,Bottes,9,NA,Granby Drive
"13 Jubilee Avenue, Asfordby",20-04-2015,110000,49500,60500,13 Jubilee Avenue,Asfordby,13,NA,Jubilee Avenue
16 Swan Close,27-04-2015,107000,47080,59920,16 Swan Close,NA,16,NA,Swan Close
"7 Kings Road, Long Clawson",27-04-2015,97000,43650,53350,7 Kings Road,Long Clawson,7,NA,Kings Road
"36 Saxelby Road, Asfordby",01-09-2015,105000,57750,47250,36 Saxelby Road,Asfordby,36,NA,Saxelby Road
19 Tudor Hill,07-09-2015,103000,46350,56650,19 Tudor Hill,NA,19,NA,Tudor Hill
"12 Scalford Road, Eastwell",21-09-2015,80000,36000,44000,12 Scalford Road,Eastwell,12,NA,Scalford Road
7 Coronation Ave Long Clawson,05-10-2015,118000,66080,51920,7 Coronation Ave Long Clawson,NA,7,NA,Coronation Ave Long Clawson
1 Stirling Road,12-10-2015,115000,72450,42550,1 Stirling Road,NA,1,NA,Stirling Road
74 Sandy Lane,02-11-2015,180000,102100,77900,74 Sandy Lane,NA,74,NA,Sandy Lane
33 Harby Lane Hose,09-11-2015,115000,73600,41400,33 Harby Lane Hose,NA,33,NA,Harby Lane Hose
"26 Burdetts Close, Great Dalby",07-12-2015,106000,63600,42400,26 Burdetts Close,Great Dalby,26,NA,Burdetts Close
"6 Coston Road, Garthorpe",07-12-2015,128000,50100,77900,6 Coston Road,Garthorpe,6,NA,Coston Road
"2 Granby Drive, Bottesford",14-12-2015,125000,75000,50000,2 Granby Drive,Bottesford,2,NA,Granby Drive
"8 Highfield Crescent, Croxton Kerrial",04-01-2016,125000,47100,77900,8 Highfield Crescent,Croxton Kerrial,8,NA,Highfield Crescent
"3 Mere Road, Waltham",25-01-2016,110000,68200,41800,3 Mere Road,Waltham,3,NA,Mere Road
"40 Regency Road, Asfordby",01-02-2016,117500,39600,77900,40 Regency Road,Asfordby,40,NA,Regency Road
"5 Birds Lane, Stathern",29-02-2016,125000,81250,43750,5 Birds Lane,Stathern,5,NA,Birds Lane
"17 Coronation Avenue, Long Clawson",14-03-2016,125000,81250,43750,17 Coronation Avenue,Long Clawson,17,NA,Coronation Avenue
12 Charnwood Drive,14-03-2016,115000,70150,44850,12 Charnwood Drive,NA,12,NA,Charnwood Drive
47 Princess Drive,25-04-2016,110000,37400,72600,47 Princess Drive,NA,47,NA,Princess Drive
72 Staveley Road,16-05-2016,125000,81250,43750,72 Staveley Road,NA,72,NA,Staveley Road
"27 Barkestone Lane, Plungar",23-05-2016,135000,87750,47250,27 Barkestone Lane,Plungar,27,NA,Barkestone Lane
"31 Barekstone Lane, Plungar",26-06-2016,142500,72675,69825,31 Barekstone Lane,Plungar,31,NA,Barekstone Lane
"14 Kings Road, Long Clawson",18-07-2016,125000,70000,55000,14 Kings Road,Long Clawson,14,NA,Kings Road
"6 North Crescent, Bottesford",01-08-2016,135000,60750,74250,6 North Crescent,Bottesford,6,NA,North Crescent
"2 Back Lane, Stonesby",05-09-2016,130000,71500,58500,2 Back Lane,Stonesby,2,NA,Back Lane
"40 New Street, Asfordby",12-09-2016,105000,51450,53550,40 New Street,Asfordby,40,NA,New Street
"3 Burdetts Close, Great Dalby",24-10-2016,85000,25500,59500,3 Burdetts Close,Great Dalby,3,NA,Burdetts Close
"54 Boyers Orchard, Harby",07-11-2016,130000,53300,76700,54 Boyers Orchard,Harby,54,NA,Boyers Orchard
27 Weaver Green,28-11-2016,120000,74400,45600,27 Weaver Green,NA,27,NA,Weaver Green
32 Blakeney Crescent,16-01-2017,110000,62700,47300,32 Blakeney Crescent,NA,32,NA,Blakeney Crescent
"23 Mere Road, Waltham",27-02-2017,135000,57100,77900,23 Mere Road,Waltham,23,NA,Mere Road
34 Princess Drive,06-03-2017,110000,35200,74800,34 Princess Drive,NA,34,NA,Princess Drive
2 Sherwood Drive,13-03-2017,118000,48380,69620,2 Sherwood Drive,NA,2,NA,Sherwood Drive
"13 Sandy Lane, Scalford",27-03-2017,130000,54600,75400,13 Sandy Lane,Scalford,13,NA,Sandy Lane
"37 Regency Road, Asfordby",10-04-2017,125000,47100,77900,37 Regency Road,Asfordby,37,NA,Regency Road
"4 Prince Charles Street, Asfordby",10-04-2017,155000,77100,77900,4 Prince Charles Street,Asfordby,4,NA,Prince Charles Street
56 Victoria Street,15-05-2017,132500,66250,66250,56 Victoria Street,NA,56,NA,Victoria Street
34 Stirling Road,05-06-2017,147000,69100,77900,34 Stirling Road,NA,34,NA,Stirling Road
"4 Queens Close, Scalford",17-07-2017,75000,31500,43500,4 Queens Close,Scalford,4,NA,Queens Close
16 Sherwood Drive,14-08-2017,123000,65190,57810,16 Sherwood Drive,NA,16,NA,Sherwood Drive
"1 Whitlock Way, Asfordby",21-08-2017,127500,80325,47175,1 Whitlock Way,Asfordby,1,NA,Whitlock Way
124 Princess Drive,09-10-2017,125000,70000,55000,124 Princess Drive,NA,124,NA,Princess Drive
45 Princess Drive,16-10-2017,120500,61455,59045,45 Princess Drive,NA,45,NA,Princess Drive
40 Barker Crescent,16-10-2017,120000,63600,56400,40 Barker Crescent,NA,40,NA,Barker Crescent
45 Stirling Road,30-10-2017,128000,49400,78600,45 Stirling Road,NA,45,NA,Stirling Road
13 Stirling Road,05-02-2018,125000,60000,65000,13 Stirling Road,NA,13,NA,Stirling Road
"86 Queensway, Old Dalby",05-02-2018,135000,71550,63450,86 Queensway,Old Dalby,86,NA,Queensway
43 Greaves Ave,26-02-2018,145000,75400,69600,43 Greaves Avenue,NA,43,NA,Greaves Avenue
"22 Main Street, Wymondham",14-05-2018,175000,96400,NA,22 Main Street,Wymondham,22,NA,Main Street
4 Cornwall Place,25-06-2018,138000,59400,NA,4 Cornwall Place,NA,4,NA,Cornwall Place
"2 Pasture Lane, Knipton",23-07-2018,180000,101400,NA,2 Pasture Lane,Knipton,2,NA,Pasture Lane
40 Stirling Road,06-08-2018,130000,78000,NA,40 Stirling Road,NA,40,NA,Stirling Road
8 Goldspink Close,03-09-2018,110000,50600,NA,8 Goldspink Close,NA,8,NA,Goldspink Close
23 Princess Drive,29-10-2018,125000,67500,NA,23 Princess Drive,NA,23,NA,Princess Drive
"73 Stathern Lane, Harby",05-11-2018,170000,89100,NA,73 Stathern Lane,Harby,73,NA,Stathern Lane
135 Nottingham Road,14-01-2019,150000,91500,NA,135 Nottingham Road,NA,135,NA,Nottingham Road
"9 Keel Drive, Bottesford",28-01-2019,160000,86400,NA,9 Keel Drive,Bottesford,9,NA,Keel Drive
57 Lake Terrace,11-02-2019,105000,31500,NA,57 Lake Terrace,NA,57,NA,Lake Terrace
"9 Birds Lane, Stathern",11-03-2019,165000,84100,NA,9 Birds Lane,Stathern,9,NA,Birds Lane
30 Stirling Road,15-04-2019,145000,75400,NA,30 Stirling Road,NA,30,NA,Stirling Road
17 Blenheim Walk,13-05-2019,100000,41000,NA,17 Blenheim Walk,NA,17,NA,Blenheim Walk
126 Edendale Road,03-06-2019,127500,61200,NA,126 Edendale Road,NA,126,NA,Edendale Road
32 Staveley Road,24-06-2019,145000,64100,NA,32 Staveley Road,NA,32,NA,Staveley Road
155 West Avenue,25-11-2019,135000,81000,NA,155 West Avenue,NA,155,NA,West Avenue
145 West Avenue,16-12-2019,135000,83700,NA,145 West Avenue,NA,145,NA,West Avenue
"25 Mere Road, Waltham On The Wolds",16-12-2019,200000,117200,NA,25 Mere Road,Waltham On The Wolds,25,NA,Mere Road
35 Lake Terrace,27-01-2020,130000,78000,NA,35 Lake Terrace,NA,35,NA,Lake Terrace
20 Harlech Walk,27-01-2020,107000,54570,NA,20 Harlech Walk,NA,20,NA,Harlech Walk
"13 Highfield Crescent, Croxton Kerrial",17-02-2020,170000,87200,NA,13 Highfield Crescent,Croxton Kerrial,13,NA,Highfield Crescent
"20 Regency Road, Asfordby",24-02-2020,140000,85400,NA,20 Regency Road,Asfordby,20,NA,Regency Road
"2 Silverwood Road, Bottesford",24-02-2020,162000,85860,NA,2 Silverwood Road,Bottesford,2,NA,Silverwood Road
7 Drummond Walk,16-03-2020,105000,57750,NA,7 Drummond Walk,NA,7,NA,Drummond Walk
86 Victoria Street,23-03-2020,145000,68150,NA,86 Victoria Street,NA,86,NA,Victoria Street
92 Drummond Walk,23-03-2020,110000,53900,NA,92 Drummond Walk,NA,92,NA,Drummond Walk
26 Stirling Roda,30-03-2020,160000,91200,NA,26 Stirling Roda,NA,26,NA,Stirling Roda
"11 Keel Drive, Bottesford",27-04-2020,170000,87200,NA,11 Keel Drive,Bottesford,11,NA,Keel Drive
"3 Regency Road, Asfordby",01-06-2020,150000,70500,NA,3 Regency Road,Asfordby,3,NA,Regency Road
69 Barker Crescent,06-07-2020,130000,61100,NA,69 Barker Crescent,NA,69,NA,Barker Crescent
61 Princess Drive,15-03-2021,135000,66150,NA,61 Princess Drive,NA,61,NA,Princess Drive
