street_number,town,num_bedrooms,date,valuation,discount,sale_value,house_number,house_number2,street_name
60 Crofters ,Sawbridgeworth,2,26-03-2007,NA,NA,111000,60,NA,Crofters
13 The Ridgeway ,Little Hadham,2,02-04-2007,NA,NA,141000,13,NA,The Ridgeway
55 King George Road,Ware,3,02-04-2007,NA,NA,153000,55,NA,King George Road
29 Coronation Road,Bishop's Stortford,3,21-05-2007,NA,NA,116000,29,NA,Coronation Road
42 Gt Innings Sth,Watton-at-Stone,3,25-06-2007,NA,NA,146000,42,NA,Gt Innings Sth
21 Eagle Court,Hertford,1,09-07-2007,NA,NA,86000,21,NA,Eagle Court
70 Crofters End,Sawbridgeworth,2,16-07-2007,NA,NA,121000,70,NA,Crofters End
13 Glebe Road ,Hertford,3,20-08-2007,NA,NA,161000,13,NA,Glebe Road
43 Queens Crescent,Bishop's Stortford,3,05-11-2007,NA,NA,166000,43,NA,Queens Crescent
28 Birdie Way,Hertford,3,15-01-2008,NA,NA,149000,28,NA,Birdie Way
45 Barnard Road,Sawbridgeworth,3,28-02-2008,NA,NA,164000,45,NA,Barnard Road
1 Woodland Cott,Thundridge,2,31-10-2008,NA,NA,214000,1,NA,Woodland Cott
7 Queens Crescent,Bishop's Stortford,3,20-04-2009,NA,NA,166000,7,NA,Queens Crescent
127 West Road,Sawbridgeworth,3,28-04-2009,NA,NA,191000,127,NA,West Road
7 Barnard Road,Sawbridgeworth,3,21-12-2009,NA,NA,179000,7,NA,Barnard Road
"2 Glenfield Court, Burnett Square",Hertford,2,19-04-2010,NA,NA,144000,2,NA,"Glenfield Court, Burnett Square"
12 King George Road,Ware,3,27-09-2010,NA,NA,175000,12,NA,King George Road
12 Hollycroft,Hertford,2,27-09-2010,NA,NA,104000,12,NA,Hollycroft
2 Queens Crescent,Bishop's Stortford,4,20-12-2010,NA,NA,171000,2,NA,Queens Crescent
25 Page Road,Hertford,3,21-12-2010,NA,NA,181000,25,NA,Page Road
2 Parsonage Lane,Albury,3,08-08-2011,NA,NA,156000,2,NA,Parsonage Lane
4 Hunsdon Road Cottages,Stanstead Abbotts,3,19-09-2011,NA,NA,176000,4,NA,Hunsdon Road Cottages
26 Queens Crescent,Bishop's Stortford,3,22-11-2011,NA,NA,141000,26,NA,Queens Crescent
6 Anchor Lane,Ware,3,23-01-2012,NA,NA,169000,6,NA,Anchor Lane
25 Three Stiles,Benington,3,30-01-2012,NA,NA,91000,25,NA,Three Stiles
3 Hockerill,Watton at Stone,3,28-05-2012,NA,NA,125000,3,NA,Hockerill
32 Parnel Road,Ware,3,25-09-2012,NA,NA,150000,32,NA,Parnel Road
30 Tower Road,Ware,3,29-10-2012,NA,NA,130000,30,NA,Tower Road
7 Dimsdale Crescent,Bishop's Stortford,3,26-11-2012,NA,NA,100000,7,NA,Dimsdale Crescent
107 London Road,Hertford Heath,2,26-11-2012,NA,NA,145000,107,NA,London Road
48 Links Avenue,Hertford    ,2,26-11-2012,NA,NA,107000,48,NA,Links Avenue
20 Coanwood Cottages,Wareside,3,03-12-2012,NA,NA,150000,20,NA,Coanwood Cottages
29 Parker Avenue,Hertford,2,17-12-2012,NA,NA,125000,29,NA,Parker Avenue
27 Page Road,Hertford,3,07-01-2013,NA,NA,137000,27,NA,Page Road
14 Revels Road,Hertford,2,14-01-2013,NA,NA,125000,14,NA,Revels Road
38 Woodcroft Avenue,Stanstead Abbotts,1,11-02-2013,NA,NA,45600,38,NA,Woodcroft Avenue
82 Plaw Hatch Close,Bishop's Stortford,1,18-03-2013,NA,NA,29700,82,NA,Plaw Hatch Close
6 Rectory Close,Hunsdon,3,25-03-2013,NA,NA,143000,6,NA,Rectory Close
33 Canons Road,Ware,3,08-04-2013,NA,NA,135000,33,NA,Canons Road
16 Chelmsford Road,Hertford,3,22-04-2013,NA,NA,143000,16,NA,Chelmsford Road
22 Aston Road,Standon,3,02-09-2013,NA,NA,117000,22,NA,Aston Road
3 Parsonage Lane,Albury,3,02-09-2013,NA,NA,103950,3,NA,Parsonage Lane
66 Pearson Avenue,Hertford,3,16-09-2013,NA,NA,145000,66,NA,Pearson Avenue
21 Tee Side,Hertford,1,31-10-2013,NA,NA,86500,21,NA,Tee Side
16 Green Lane,Braughing,3,13-11-2013,NA,NA,145000,16,NA,Green Lane
11 Admiral Street,Hertford,2,16-12-2013,NA,NA,120000,11,NA,Admiral Street
165 Cecil Road,Hertford,2,16-12-2013,NA,NA,137000,165,NA,Cecil Road
6 The Homestead,Hunsdon,3,17-02-2014,NA,NA,125000,6,NA,The Homestead
"9 Barleycroft, Waterford",Hertford,3,17-02-2014,NA,NA,170000,9,NA,"Barleycroft, Waterford"
24 Campfield Road,Hertford,2,28-04-2014,NA,NA,125000,24,NA,Campfield Road
18 Burnett Square,Hertford,3,23-06-2014,NA,NA,140000,18,NA,Burnett Square
13 Priory Street,Ware,3,30-06-2014,NA,NA,167000,13,NA,Priory Street
24 Kingham Road ,Wareside,1,21-07-2014,NA,NA,50000,24,NA,Kingham Road
11 Berkeley Close,Ware,2,28-07-2014,NA,NA,75000,11,NA,Berkeley Close
8 Campfield Road,Hertford,2,01-09-2014,NA,NA,181500,8,NA,Campfield Road
59 Scott Road,Bishop's Stortford,3,06-10-2014,NA,NA,131000,59,NA,Scott Road
16 Parnel Road,Ware,3,27-10-2014,NA,NA,178000,16,NA,Parnel Road
28 Gosselin Road,Hertford,2,27-10-2014,NA,NA,143000,28,NA,Gosselin Road
19 Mount Road,Hertford,2,03-11-2014,NA,NA,158000,19,NA,Mount Road
69 Cecil Road,Hertford,3,15-12-2014,NA,NA,173000,69,NA,Cecil Road
1 Beldams Lane,Bishop's Stortford,2,22-12-2014,NA,NA,121000,1,NA,Beldams Lane
21 Queens Crescent,Bishop's Stortford,3,16-02-2015,NA,NA,126000,21,NA,Queens Crescent
15 Revels Road,Hertford,2,22-05-2015,NA,NA,186500,15,NA,Revels Road
12 Barley Croft,Ware,3,01-09-2015,NA,NA,183000,12,NA,Barley Croft
112 Burnett Square,Hertford,1,09-10-2015,NA,NA,81200,112,NA,Burnett Square
24 Teeside,Hertford,4,12-10-2015,NA,NA,163000,24,NA,Teeside
8 Dellfield,Wadesmill,2,02-11-2015,168000,77900,90100,8,NA,Dellfield
16 Wheatsheaf Road,Hunsdon,3,09-11-2015,225000,77900,147100,16,NA,Wheatsheaf Road
7 Windmill Way,Much Hadham,4,09-11-2015,300000,77900,222100,7,NA,Windmill Way
52 Coronation Road,Bishop's Stortford,3,07-12-2015,225000,77900,147100,52,NA,Coronation Road
6 West Road,Sawbridgeworth,3,08-02-2016,245000,77900,167100,6,NA,West Road
36 Founceley Avenue,Dane End,1,29-02-2016,130000,77900,52100,36,NA,Founceley Avenue
2 Goddards Close,Lt Berkhamstead,3,14-03-2016,355000,77900,277100,2,NA,Goddards Close
19 Lower Bourne Gardens,Ware,3,06-06-2016,255000,77900,177100,19,NA,Lower Bourne Gardens
3 Mansfield,High Wych,3,13-06-2016,225000,77900,147100,3,NA,Mansfield
36 Reedings Way,Sawbridgeworth,2,27-06-2016,170000,63525,106475,36,NA,Reedings Way
31 Smithy,Little Hadham,3,11-07-2016,265000,77900,187100,31,NA,Smithy
16 Edwards Cottages,Great Munden,3,15-08-2016,200000,77900,122100,16,NA,Edwards Cottages
17 Windmill Way,Much Hadham,3,22-08-2016,280000,77900,202100,17,NA,Windmill Way
24 Nothfields Road,Sawbridgeworth,3,22-08-2016,240000,77900,162100,24,NA,Nothfields Road
7 Sandringham Gardens,Bishop's Stortford,3,19-09-2016,195000,77900,117100,7,NA,Sandringham Gardens
7 Edwards Cottages ,Great Munden,3,31-10-2016,315000,77900,237100,7,NA,Edwards Cottages
22 Thele Avenue,Stanstead Abbotts,3,21-11-2016,320000,77900,242100,22,NA,Thele Avenue
3 Uplands,Ware,3,19-12-2016,280000,77900,202100,3,NA,Uplands
24 Blacksmiths Hill,Benington,3,09-01-2017,280000,77900,202100,24,NA,Blacksmiths Hill
50 Glebe Road,Hertford,3,23-01-2017,230000,77900,152100,50,NA,Glebe Road
10 Revels Road,Hertford,2,27-02-2017,290000,77900,212100,10,NA,Revels Road
24 The Knoll,Hertford,3,27-02-2017,280000,77900,202100,24,NA,The Knoll
38 Widford Road,Hunsdon,3,27-03-2017,300000,77900,222100,38,NA,Widford Road
2 Chelmsford Road,Hertford,3,27-03-2017,315000,77900,237100,2,NA,Chelmsford Road
78 Dimsdale Crescent,Bishop's Stortford,1,03-04-2017,165000,77900,87100,78,NA,Dimsdale Crescent
12 Quaker Road ,Ware,2,15-12-2017,190000,77900,112100,12,NA,Quaker Road
116 Cromwell Road,Ware,2,05-02-2018,250000,77900,172100,116,NA,Cromwell Road
28 Chapelfields,Stanstead Abbotts,3,14-05-2018,325000,77900,247100,28,NA,Chapelfields
38 Ashley Road,Hertford,3,20-07-2018,365000,78600,286400,38,NA,Ashley Road
4 Greenfields,Buntingford,2,30-07-2018,350000,80900,269100,4,NA,Greenfields
5 Reedings Way,Sawbridgeworth,3,20-08-2018,292500,80900,211600,5,NA,Reedings Way
1 Poplar Close,Ware,2,17-10-2018,330000,78600,251400,1,NA,Poplar Close
45 Sele Road ,Hertford,3,11-02-2019,355000,78600,276400,45,NA,Sele Road
10 Willow Close,Buntingford,4,08-07-2019,360000,82800,277200,10,NA,Willow Close
115 Northolt Avenue,Bishop's Stortford,3,05-08-2019,300000,82800,217200,115,NA,Northolt Avenue
3 Wentworth Cottages,Ware,3,16-03-2020,300000,82800,217200,3,NA,Wentworth Cottages
43 Stanelow Crescent,Ware,2,23-03-2020,285000,82800,202200,43,NA,Stanelow Crescent
19 Gatwick Close,Bishop's Stortford,3,06-12-2021,290000,84200,205800,19,NA,Gatwick Close
85 Great Innings North,Watton-at-Stone,3,20-12-2021,350000,84200,265800,85,NA,Great Innings North
