street_number,suburb,town,postcode,date,house_number,house_number2,street_name
69 Smithy Croft,Dronfield Woodhouse,Dronfield,NA,08-11-2004,69,NA,Smithy Croft
36 Marsh Avenue,NA,Dronfield,NA,08-11-2004,36,NA,Marsh Avenue
48 Mornington Road,Holmewood,Chesterfield,NA,22-11-2004,48,NA,Mornington Road
4 Springfield Road,Barlow,Dronfield,NA,29-11-2004,4,NA,Springfield Road
42 Woodside View,Holmesfield,Dronfield,NA,06-12-2004,42,NA,Woodside View
20 Leigh Way,North Wingfield,Chesterfield,NA,13-12-2004,20,NA,Leigh Way
11 Whiteleas Avenue,North Wingfield,Chesterfield,NA,13-12-2004,11,NA,Whiteleas Avenue
10 Robertsons Avenue,Duckmanton,Chesterfield,NA,20-12-2004,10,NA,Robertsons Avenue
26 Hazel Road,NA,Eckington,NA,20-12-2004,26,NA,Hazel Road
65 The Wynd,Renishaw,Eckington,NA,20-12-2004,65,NA,The Wynd
24 Birkin Ave,Tupton,Chesterfield,NA,20-12-2004,24,NA,Birkin Ave
1 Ashford Avenue,North Wingfield,Chesterfield,NA,17-01-2005,1,NA,Ashford Avenue
15 Rectory Road,NA,Killamarsh,NA,07-02-2005,15,NA,Rectory Road
21 Church Street,Calow,Chesterfield,NA,14-02-2005,21,NA,Church Street
28 Springvale Road,Clay Cross,Chesterfield,NA,14-02-2005,28,NA,Springvale Road
8 Shakespeare Street,Holmewood,Chesterfield,NA,14-02-2005,8,NA,Shakespeare Street
28 Chandos Crescent,NA,Killamarsh,NA,21-02-2005,28,NA,Chandos Crescent
58 Hambleton Avenue,North Wingfield,Chesterfield,NA,21-02-2005,58,NA,Hambleton Avenue
41 Lansbury Road,NA,Eckington,NA,21-04-2005,41,NA,Lansbury Road
45 The Wynd,Renishaw,Eckington,NA,21-02-2005,45,NA,The Wynd
45 Rotherwood Road,NA,Killamarsh,NA,28-02-2005,45,NA,Rotherwood Road
8 Meynell Way,NA,Killamarsh,NA,28-02-2005,8,NA,Meynell Way
27 Mill Lane,Grassmoor,Chesterfield,NA,07-03-2005,27,NA,Mill Lane
33 Kingsley Crescent,Stonebroom,Alfreton,NA,07-03-2005,33,NA,Kingsley Crescent
52 Shakespeare Street,Holmewood,Chesterfield,NA,07-03-2005,52,NA,Shakespeare Street
21 Ridge Road,Marsh Lane,Eckington,NA,21-03-2005,21,NA,Ridge Road
145 Market Street,Clay Cross,Chesterfield,NA,21-03-2005,145,NA,Market Street
13 Hardhurst Road,Unstone,Dronfield,NA,21-03-2005,13,NA,Hardhurst Road
9 Garden Avenue,Renishaw,Eckington,NA,21-03-2005,9,NA,Garden Avenue
82 Cecil Road,NA,Dronfield,NA,29-03-2005,82,NA,Cecil Road
68 Cleveland Road,Stonebroom,Alfreton,NA,29-03-2005,68,NA,Cleveland Road
12 Brindley Court,NA,Killamarsh,NA,04-04-2005,12,NA,Brindley Court
30 Heather Avenue,Heath,Chesterfield,NA,04-04-2005,30,NA,Heather Avenue
84 Hallfieldgate Lane,Shirland,Alfreton,NA,04-04-2005,84,NA,Hallfieldgate Lane
36 Darcy Road,NA,Eckington,NA,04-04-2005,36,NA,Darcy Road
24 Marrison Drive,NA,Killamarsh,NA,11-04-2005,24,NA,Marrison Drive
1 Oakdale Close,"Danesmoor, Clay Cross",Chesterfield,NA,11-04-2005,1,NA,Oakdale Close
65 Whiteleas Avenue,North Wingfield,Chesterfield,NA,18-04-2005,65,NA,Whiteleas Avenue
28 Hazel Road,NA,Eckington,NA,18-04-2005,28,NA,Hazel Road
12 The Wynd,Renishaw,Eckington,NA,18-04-2005,12,NA,The Wynd
1 Sherwood Road,NA,Killamarsh,NA,18-04-2005,1,NA,Sherwood Road
21 Slack Lane,Heath,Chesterfield,NA,25-04-2005,21,NA,Slack Lane
8 Oakdale Close,Clay Cross,Chesterfield,NA,25-04-2005,8,NA,Oakdale Close
49 Norwood Crescent,NA,Killamarsh,NA,25-04-2005,49,NA,Norwood Crescent
97 Alma Road,North Wingfield,Chesterfield,NA,25-04-2005,97,NA,Alma Road
182 Queen Victoria Road,Tupton,Chesterfield,NA,09-05-2005,182,NA,Queen Victoria Road
121 Rectory Road,NA,Killamarsh,NA,09-05-2005,121,NA,Rectory Road
62 Whiteleas Avenue,North Wingfield,Chesterfield,NA,09-05-2005,62,NA,Whiteleas Avenue
8 South Close,Unstone,Dronfield,NA,09-05-2005,8,NA,South Close
190 Sheffield Road,Unstone,Dronfield,NA,09-05-2005,190,NA,Sheffield Road
19 Chestnut Avenue,NA,Eckington,NA,23-05-2005,19,NA,Chestnut Avenue
17 Mathers Way,Tupton,Chesterfield,NA,23-05-2005,17,NA,Mathers Way
29 Pankhurst Place,Clay Cross,Chesterfield,NA,23-05-2005,29,NA,Pankhurst Place
64 Carwood Road,Renishaw,Eckington,NA,23-05-2005,64,NA,Carwood Road
14 Evershill Close,Morton,Alfreton,NA,23-05-2005,14,NA,Evershill Close
15 Northside,Tupton,Chesterfield,NA,06-06-2005,15,NA,Northside
34 Broom Avenue,Pilsley,Chesterfield,NA,06-06-2005,34,NA,Broom Avenue
26 Cherry Tree Drive,NA,Killamarsh,NA,06-06-2005,26,NA,Cherry Tree Drive
29 Shakespeare Street,Holmewood,Chesterfield,NA,06-06-2005,29,NA,Shakespeare Street
106 Castle Hill,NA,Eckington,NA,13-06-2005,106,NA,Castle Hill
1 Chestnut Avenue,NA,Eckington,NA,13-06-2005,1,NA,Chestnut Avenue
22 Macdonald Close,Grassmoor,Chesterfield,NA,13-06-2005,22,NA,Macdonald Close
9 Smithy Place,Grassmoor,Chesterfield,NA,20-06-2005,9,NA,Smithy Place
114 Queensway,Pilsley,Chesterfield,NA,20-06-2005,114,NA,Queensway
33 Norwood Crescent,NA,Killamarsh,NA,27-06-2005,33,NA,Norwood Crescent
42 Whiteleas Avenue,North Wingfield,Chesterfield,NA,04-07-2005,42,NA,Whiteleas Avenue
52 North Street,Clay Cross,Chesterfield,NA,04-07-2005,52,NA,North Street
32 Stonelow Green,NA,Dronfield,NA,04-07-2005,32,NA,Stonelow Green
10 Rectory Road,NA,Killamarsh,NA,11-07-2005,10,NA,Rectory Road
50 Mornington Road,Holmewood,Chesterfield,NA,11-07-2005,50,NA,Mornington Road
5 Whiteleas Avenue,North Wingfield,Chesterfield,NA,11-07-2005,5,NA,Whiteleas Avenue
32 Mary Street,NA,Eckington,NA,11-07-2005,32,NA,Mary Street
34 Alma Road,North Wingfield,Chesterfield,NA,18-07-2005,34,NA,Alma Road
12 Sandringham Close,Calow,Chesterfield,NA,25-07-2005,12,NA,Sandringham Close
162 Birkinstyle Lane,Stonebroom,Alfreton,NA,25-07-2005,162,NA,Birkinstyle Lane
16 Dumbleton Road,NA,Killamarsh,NA,25-07-2005,16,NA,Dumbleton Road
19 Robertsons Avenue,Duckmanton,Chesterfield,NA,25-07-2005,19,NA,Robertsons Avenue
32 Chandos Crescent,NA,Killamarsh,NA,01-08-2005,32,NA,Chandos Crescent
22 Holmgate Road,Clay Cross,Chesterfield,NA,15-08-2005,22,NA,Holmgate Road
3 Robinson Way,NA,Killamarsh,NA,15-08-2005,3,NA,Robinson Way
3 Piper Avenue,Clay Cross,Chesterfield,NA,15-08-2005,3,NA,Piper Avenue
16 Woodthorpe Avenue,"Holmgate, Clay Cross",Chesterfield,NA,22-08-2005,16,NA,Woodthorpe Avenue
41 Broom Avenue,Pilsley,Chesterfield,NA,22-08-2005,41,NA,Broom Avenue
6 Bunyan Crescent,Stonebroom,Alfreton,NA,22-08-2005,6,NA,Bunyan Crescent
15 Poplar Road,NA,Eckington,NA,12-09-2005,15,NA,Poplar Road
71 Castle Hill,NA,Eckington,NA,19-09-2005,71,NA,Castle Hill
11 Rectory Road,NA,Killamarsh,NA,19-09-2005,11,NA,Rectory Road
9 Norwood Crescent,NA,Killamarsh,NA,19-09-2005,9,NA,Norwood Crescent
11 Springfield Road,Barlow,Dronfield,NA,26-09-2005,11,NA,Springfield Road
34 Circular Drive,Renishaw,Eckington,NA,26-09-2005,34,NA,Circular Drive
73 Northside,Tupton,Chesterfield,NA,26-09-2005,73,NA,Northside
21 Marrison Drive,NA,Killamarsh,NA,03-10-2005,21,NA,Marrison Drive
44 Osmund Road,NA,Eckington,NA,10-10-2005,44,NA,Osmund Road
5 East Street,Renishaw,Eckington,NA,10-10-2005,5,NA,East Street
5 Macdonald Close,Grassmoor,Chesterfield,NA,17-10-2005,5,NA,Macdonald Close
90 Priestley Avenue,Mickley,Alfreton,NA,17-10-2005,90,NA,Priestley Avenue
12 Loundes Road,Unstone,Dronfield,NA,24-10-2005,12,NA,Loundes Road
38 North Side,Tupton,Chesterfield,NA,24-10-2005,38,NA,North Side
1 Moonpenny Way,NA,Dronfield,NA,14-11-2005,1,NA,Moonpenny Way
1 Byron Close,Grassmoor,Chesterfield,NA,14-11-2005,1,NA,Byron Close
73 Springfield Road,Barlow,Dronfield,NA,14-11-2005,73,NA,Springfield Road
1 Meadow Road,"Holmgate, Clay Cross",Chesterfield,NA,10-10-2005,1,NA,Meadow Road
59 Castle Hill,NA,Eckington,NA,21-11-2005,59,NA,Castle Hill
36 Dumbleton Road,NA,Killamarsh,NA,28-11-2005,36,NA,Dumbleton Road
15 Bevan Road,"Danesmoor, Clay Cross",Chesterfield,NA,28-11-2005,15,NA,Bevan Road
14 North Close,Unstone,Dronfield,NA,12-12-2005,14,NA,North Close
1 Woodside Avenue,NA,Killamarsh,NA,16-01-2006,1,NA,Woodside Avenue
12 Phoenix Road,Ridgeway,Eckington,NA,30-01-2006,12,NA,Phoenix Road
79 Ash Crescent,NA,Eckington,NA,30-01-2006,79,NA,Ash Crescent
10 Kent House Close,Ridgeway,Eckington,NA,06-02-2006,10,NA,Kent House Close
55 Greenway,Wingerworth,Chesterfield,NA,13-02-2006,55,NA,Greenway
1 Orchard Place,NA,Killamarsh,NA,13-02-2006,1,NA,Orchard Place
99 Alma Road,North Wingfield,Chesterfield,NA,20-02-2006,99,NA,Alma Road
10 Hawthorne Close,Woolley Moor,Alfreton,NA,20-02-2006,10,NA,Hawthorne Close
58 Whiteleas Avenue,North Wingfield,Chesterfield,NA,27-02-2006,58,NA,Whiteleas Avenue
4 Great Croft,NA,Dronfield,NA,27-02-2006,4,NA,Great Croft
14 Vicarage Close,Holmesfield,Dronfield,NA,06-03-2006,14,NA,Vicarage Close
40 Springfield Road,Barlow,Dronfield,NA,13-03-2006,40,NA,Springfield Road
13 Norwood Crescent,NA,Killamarsh,NA,20-03-2006,13,NA,Norwood Crescent
16 Lime Road,NA,Eckington,NA,27-03-2006,16,NA,Lime Road
60 Cecil Road,NA,Dronfield,NA,27-03-2006,60,NA,Cecil Road
2 Shelley Grove,Stonebroom,Alfreton,NA,03-04-2006,2,NA,Shelley Grove
118 North Street,Clay Cross,Chesterfield,NA,03-04-2006,118,NA,North Street
45 Delves Road,NA,Killamarsh,NA,03-04-2006,45,NA,Delves Road
78 Circular Drive,Renishaw,Eckington,NA,10-04-2006,78,NA,Circular Drive
58 Sheepcote Road,NA,Killamarsh,NA,10-04-2006,58,NA,Sheepcote Road
10 Field Avenue,Renishaw,Eckington,NA,02-05-2006,10,NA,Field Avenue
26 Beech Way,Clay Cross,Chesterfield,NA,08-05-2006,26,NA,Beech Way
213 Sheffield Road,Unstone,Dronfield,NA,08-02-2006,213,NA,Sheffield Road
30 High Street,Apperknowle,NA,NA,15-05-2006,30,NA,High Street
78 Westthorpe Road,NA,Killamarsh,NA,22-05-2006,78,NA,Westthorpe Road
19 Whiteleas Avenue,North Wingfield,Chesterfield,NA,22-05-2006,19,NA,Whiteleas Avenue
22 John Street,NA,Eckington,NA,05-06-2006,22,NA,John Street
4 Priestley Avenue,Mickley,Alfreton,NA,05-06-2006,4,NA,Priestley Avenue
38 Marsh Avenue,NA,Dronfield,NA,12-06-2006,38,NA,Marsh Avenue
37 Hucklow Avenue,North Wingfield,Chesterfield,NA,12-06-2006,37,NA,Hucklow Avenue
8 Overlees,Barlow,Dronfield,NA,19-06-2006,8,NA,Overlees
29 East Street,Renishaw,Eckington,NA,19-06-2006,29,NA,East Street
6 Nether Avenue,NA,Killamarsh,NA,19-06-2006,6,NA,Nether Avenue
202 Sheffield Road,Unstone,Dronfield,NA,26-06-2006,202,NA,Sheffield Road
99 Ash Crescent,NA,Eckington,NA,26-06-2006,99,NA,Ash Crescent
23 Church Street,Calow,Chesterfield,NA,03-07-2006,23,NA,Church Street
22 Robertsons Avenue,Duckmanton,Chesterfield,NA,03-07-2006,22,NA,Robertsons Avenue
116 Alma Road,North Wingfield,Chesterfield,NA,31-07-2006,116,NA,Alma Road
11 Lime Road,NA,Eckington,NA,21-08-2006,11,NA,Lime Road
54 Broom Avenue,Pilsley,Chesterfield,NA,21-08-2006,54,NA,Broom Avenue
9 Sheffield Road,NA,Killamarsh,NA,21-08-2006,9,NA,Sheffield Road
1 Robinson Way,NA,Killamarsh,NA,11-09-2006,1,NA,Robinson Way
8 Bevan Road,"Danesmoor, Clay Cross",Chesterfield,NA,11-09-2006,8,NA,Bevan Road
17 Evershill Lane,Morton,Alfreton,NA,18-09-2006,17,NA,Evershill Lane
58 Alma Road,North Wingfield,Chesterfield,NA,18-09-2006,58,NA,Alma Road
19 Tennyson Way,Grassmoor,Chesterfield,NA,02-10-2006,19,NA,Tennyson Way
8 Devonshire Terrace,Holmewood,Chesterfield,NA,02-10-2006,8,NA,Devonshire Terrace
3 Snape Hill Close,NA,Dronfield,NA,23-10-2006,3,NA,Snape Hill Close
37 Manor Road,NA,Killamarsh,NA,30-10-2006,37,NA,Manor Road
2 Ladybank View,NA,Eckington,NA,30-10-2006,2,NA,Ladybank View
35 Manor Road,NA,Killamarsh,NA,06-11-2006,35,NA,Manor Road
89 Carrwood Road,Renishaw,Eckington,NA,06-11-2006,89,NA,Carrwood Road
36 Heather Avenue,Heath,Chesterfield,NA,06-11-2006,36,NA,Heather Avenue
30 Robertson Avenue,Sutton Cum Duckmanton,Chesterfield,NA,04-12-2006,30,NA,Robertson Avenue
29 Mossbeck Court,NA,Eckington,NA,11-12-2006,29,NA,Mossbeck Court
9 Rectory Road,NA,Killamarsh,NA,11-12-2006,9,NA,Rectory Road
27 East Street,Renishaw,Eckington,NA,11-12-2006,27,NA,East Street
66 Circular Drive,Renishaw,Eckington,NA,18-12-2006,66,NA,Circular Drive
13 Dumbleton Road,NA,Killamarsh,NA,18-12-2006,13,NA,Dumbleton Road
42 Norwood Crescent,NA,Killamarsh,NA,18-12-2006,42,NA,Norwood Crescent
50 Fletcher Avenue,NA,Dronfield,NA,08-01-2007,50,NA,Fletcher Avenue
1 Pingle Road,NA,Killamarsh,NA,15-01-2007,1,NA,Pingle Road
55 Darcy Road,NA,Eckington,NA,22-01-2007,55,NA,Darcy Road
7 Bramley Road,Marsh Lane,Eckington,NA,29-12-2007,7,NA,Bramley Road
17 Meadow Road,Clay Cross,Chesterfield,NA,29-12-2007,17,NA,Meadow Road
12 Sales Avenue,New Tupton,Chesterfield,NA,05-02-2007,12,NA,Sales Avenue
98 Castle Hill,NA,Eckington,NA,12-02-2007,98,NA,Castle Hill
21 East Street,Renishaw,Eckington,NA,19-02-2007,21,NA,East Street
33 Shakespeare Street,Holmewood,Chesterfield,NA,26-02-2007,33,NA,Shakespeare Street
92 Circular Drive,Renishaw,Eckington,NA,26-02-2007,92,NA,Circular Drive
123 Queensway,Pilsley,Chesterfield,NA,26-02-2007,123,NA,Queensway
46 Rectory Road,NA,Killamarsh,NA,26-02-2007,46,NA,Rectory Road
41 Rectory Road,NA,Killamarsh,NA,05-03-2007,41,NA,Rectory Road
51 Springfield Road,Barlow,Dronfield,NA,19-03-2007,51,NA,Springfield Road
36 Carrwood Road,Renishaw,Eckington,NA,02-04-2007,36,NA,Carrwood Road
7 Marrison Drive,NA,Killamarsh,NA,02-04-2007,7,NA,Marrison Drive
14 Woodside Avenue,NA,Killamarsh,NA,02-04-2007,14,NA,Woodside Avenue
92 New Street,North Wingfield,Chesterfield,NA,10-04-2007,92,NA,New Street
2 Lawrence Avenue,Holmewood,Chesterfield,NA,21-05-2007,2,NA,Lawrence Avenue
24 Macdonald Close,Grassmoor,Chesterfield,NA,21-05-2007,24,NA,Macdonald Close
2 Nether Avenue,NA,Killamarsh,NA,21-05-2007,2,NA,Nether Avenue
7 Plover Way,Calow,Chesterfield,NA,29-05-2007,7,NA,Plover Way
57 Delves Road,NA,Killamarsh,NA,04-06-2007,57,NA,Delves Road
151 Market Street,Clay Cross,Chesterfield,NA,11-06-2007,151,NA,Market Street
22 Redfern Street,Tupton,Chesterfield,NA,25-06-2007,22,NA,Redfern Street
3 Hardie Street,NA,Eckington,NA,02-07-2007,3,NA,Hardie Street
39 Lansbury Road,NA,Eckington,NA,23-07-2007,39,NA,Lansbury Road
15 Woodside Avenue,NA,Killamarsh,NA,13-08-2007,15,NA,Woodside Avenue
54 Circular Drive,Renishaw,Eckington,NA,13-08-2007,54,NA,Circular Drive
86 Kingsley Crescent,Stonebroom,Alfreton,NA,13-08-2007,86,NA,Kingsley Crescent
30 Reynard Crescent,Renishaw,Eckington,NA,20-08-2007,30,NA,Reynard Crescent
79 Sheepcote Road,NA,Killamarsh,NA,17-09-2007,79,NA,Sheepcote Road
21 Robertsons Avenue,Duckmanton,Chesterfield,NA,17-09-2007,21,NA,Robertsons Avenue
26 Pear Tree Road,Pilsley,Chesterfield,NA,17-09-2007,26,NA,Pear Tree Road
6 The Wynd,Renishaw,Eckington,NA,24-09-2007,6,NA,The Wynd
9 Meynell Way,NA,Killamarsh,NA,24-09-2007,9,NA,Meynell Way
79 Alma Road,North Wingfield,Chesterfield,NA,01-10-2007,79,NA,Alma Road
19 Wain Way,North Wingfield,Chesterfield,NA,01-10-2007,19,NA,Wain Way
28 Rectory Road,NA,Killamarsh,NA,15-10-2007,28,NA,Rectory Road
4 Lansbury Road,NA,Eckington,NA,22-10-2007,4,NA,Lansbury Road
34 Rotherham Road,NA,Killamarsh,NA,29-10-2007,34,NA,Rotherham Road
2 Robinson Way,NA,Killamarsh,NA,29-10-2007,2,NA,Robinson Way
23 Mary Street,NA,Eckington,NA,05-11-2007,23,NA,Mary Street
32 Cleveland Road,Stonebroom,Alfreton,NA,05-11-2007,32,NA,Cleveland Road
31 Kingsley Crescent,Stonebroom,Alfreton,NA,12-11-2007,31,NA,Kingsley Crescent
40 Fairview Road,NA,Dronfield,NA,12-11-2007,40,NA,Fairview Road
1 Haddon Road,North Wingfield,Chesterfield,NA,19-11-2007,1,NA,Haddon Road
20 Marrison Drive,NA,Killamarsh,NA,19-11-2007,20,NA,Marrison Drive
63 Carrwood Road,Renishaw,Eckington,NA,10-12-2007,63,NA,Carrwood Road
2 Mayfield Drive,North Wingfield,Chesterfield,NA,14-01-2008,2,NA,Mayfield Drive
38 Cleveland Road,Stonebroom,Alfreton,NA,11-02-2008,38,NA,Cleveland Road
1pennine Way,Grassmoor,Chesterfield,NA,03-03-2008,1p,NA,ennine Way
4 Birkinstyle Avenue,Stonebroom,Alfreton,NA,03-03-2008,4,NA,Birkinstyle Avenue
82 New Street,North Wingfield,Chesterfield,NA,03-03-2008,82,NA,New Street
258 Market Street,Clay Cross,Chesterfield,NA,20-05-2008,258,NA,Market Street
5 Hamill Close,North Wingfield,Chesterfield,NA,07-07-2008,5,NA,Hamill Close
100 Broom Drive,Grassmoor,Chesterfield,NA,14-07-2008,100,NA,Broom Drive
65 Circular Drive,Renishaw,Eckington,NA,28-07-2008,65,NA,Circular Drive
95 Carrwood Road,Renishaw,Eckington,NA,01-09-2008,95,NA,Carrwood Road
33 East Street,Renishaw,Eckington,NA,15-09-2008,33,NA,East Street
5 Garden Avenue,Renishaw,Eckington,NA,29-09-2008,5,NA,Garden Avenue
48 Dark Lane,North Wingfield,Chesterfield,NA,11-05-2009,48,NA,Dark Lane
20 Lime Road,NA,Eckington,NA,26-05-2009,20,NA,Lime Road
8 The Square,"Danesmoor, Clay Cross",Chesterfield,NA,17-08-2009,8,NA,The Square
26 Vernon Rise,Grassmoor,Chesterfield,NA,07-09-2009,26,NA,Vernon Rise
47 Springvale Road,Clay Cross,Chesterfield,NA,21-09-2009,47,NA,Springvale Road
5 Sheffield Road,NA,Killamarsh,NA,29-01-2010,5,NA,Sheffield Road
47 Sycamore Avenue,NA,Dronfield,NA,22-02-2010,47,NA,Sycamore Avenue
44 Warren Crescent,Marsh Lane,Eckington,NA,29-03-2010,44,NA,Warren Crescent
77 Cecil Road,NA,Dronfield,NA,29-03-2010,77,NA,Cecil Road
63 Beech Crescent,NA,Killamarsh,NA,23-08-2010,63,NA,Beech Crescent
24a Bamford Avenue,"Hepthorne Lane, North Wingfield",Chesterfield,NA,23-08-2010,24a,NA,Bamford Avenue
89 Searston Avenue,Holmewood,Chesterfield,NA,27-08-2010,89,NA,Searston Avenue
"51 Coupe Lane, Holmgate",Clay Cross,Chesterfield,NA,18-10-2010,51,NA,"Coupe Lane, Holmgate"
5 Darley Avenue,North Wingfield,Chesterfield,NA,01-11-2010,5,NA,Darley Avenue
43 Norwood Crescent,NA,Killamarsh,NA,01-11-2010,43,NA,Norwood Crescent
6 School Lane,Wadshelf,Chesterfield,NA,15-11-2010,6,NA,School Lane
6 Garden Avenue,Renishaw,Eckington,NA,17-01-2011,6,NA,Garden Avenue
4 Trelawney Road,Clay Cross,Chesterfield,NA,31-01-2011,4,NA,Trelawney Road
33 Marsh Avenue,NA,Dronfield,NA,21-03-2011,33,NA,Marsh Avenue
6 Burnside Avenue,Shirland,Alfreton,NA,28-03-2011,6,NA,Burnside Avenue
"8 Derwent Place, Holmgate",Clay Cross,Chesterfield,NA,04-04-2011,8,NA,"Derwent Place, Holmgate"
12 Wesley Road,Stonebroom,Alfreton,NA,20-06-2011,12,NA,Wesley Road
97 Rectory Road,NA,Killamarsh,NA,04-07-2011,97,NA,Rectory Road
174 Birkinstyle Lane,Stonebroom,Alfreton,NA,04-07-2011,174,NA,Birkinstyle Lane
39 Mickley Lane,Stretton,Alfreton,NA,01-08-2011,39,NA,Mickley Lane
11 Castle Hill,NA,Eckington,NA,15-08-2011,11,NA,Castle Hill
118 Snape Hill Crescent,NA,Dronfield,NA,26-09-2011,118,NA,Snape Hill Crescent
23 Birches Fold,Coal Aston,Dronfield,NA,03-10-2011,23,NA,Birches Fold
"41 The Square, Danesmoor",Clay Cross,Chesterfield,NA,28-11-2011,41,NA,"The Square, Danesmoor"
23 Pinfold Close,Holymoorside,Chesterfield,NA,19-12-2011,23,NA,Pinfold Close
35 Sheepcote Road,NA,Killamarsh,NA,23-01-2012,35,NA,Sheepcote Road
3 Central Street,Holmewood,Chesterfield,NA,23-01-2012,3,NA,Central Street
24 Elm Tree Avenue,Shirland,Alfreton,NA,30-01-2012,24,NA,Elm Tree Avenue
55 Bamford Avenue,North Wingfield,Chesterfield,NA,13-02-2012,55,NA,Bamford Avenue
8 Woodside View,Holmesfield,Dronfield,NA,05-03-2012,8,NA,Woodside View
3 William Street,NA,Eckington,NA,21-05-2012,3,NA,William Street
110 Castle Hill,NA,Eckington,NA,28-05-2012,110,NA,Castle Hill
14 Carrwood Road,Renishaw,Eckington,NA,28-05-2012,14,NA,Carrwood Road
75 Smithy Croft,Dronfield Woodhouse,Dronfield,NA,02-07-2012,75,NA,Smithy Croft
23 Springfield Road,Barlow,Dronfield,NA,25-06-2012,23,NA,Springfield Road
"1 Linacre Avenue, Danesmoor",Clay Cross,Chesterfield,NA,23-07-2012,1,NA,"Linacre Avenue, Danesmoor"
1 Bestwood Park,Clay Cross,Chesterfield,NA,13-08-2012,1,NA,Bestwood Park
32 Statham Avenue,Tupton,Chesterfield,NA,13-08-2012,32,NA,Statham Avenue
18 Baker Drive,NA,Killamarsh,NA,20-08-2012,18,NA,Baker Drive
18 Springfield Road,Barlow,Dronfield,NA,03-09-2012,18,NA,Springfield Road
22 Rotherwood Road,NA,Killamarsh,NA,17-09-2012,22,NA,Rotherwood Road
64 Darcy Road,NA,Eckington,NA,24-09-2012,64,NA,Darcy Road
5 Carrwood Road,Renishaw,Eckington,NA,22-10-2012,5,NA,Carrwood Road
13 Manvers Road,Calow,Chesterfield,NA,29-10-2012,13,NA,Manvers Road
35 Wheatcroft Close,Clay Cross,Chesterfield,NA,05-11-2012,35,NA,Wheatcroft Close
149 Queen Victoria Road,New Tupton,Chesterfield,NA,05-11-2012,149,NA,Queen Victoria Road
26 Bunyan Crescent,Stonebroom,Alfreton,NA,19-11-2012,26,NA,Bunyan Crescent
14 Leigh Way,North Wingfield,Chesterfield,NA,17-12-2012,14,NA,Leigh Way
15 Moss Rise Place,NA,Eckington,NA,17-12-2012,15,NA,Moss Rise Place
51 Tennyson Way,Grassmoor,Chesterfield,NA,21-01-2013,51,NA,Tennyson Way
6 Osmund Court,NA,Eckington,NA,21-01-2013,6,NA,Osmund Court
33 Wheatcroft Close,Clay Cross,Chesterfield,NA,04-02-2013,33,NA,Wheatcroft Close
35 Castle Hill,NA,Eckington,NA,11-02-2013,35,NA,Castle Hill
69 Springfield Road,Holmewood,Chesterfield,NA,18-02-2013,69,NA,Springfield Road
7 Cowsell Drive,"Danesmoor, Clay Cross",Chesterfield,NA,08-04-2013,7,NA,Cowsell Drive
12 Kent House Close,Ridgeway,Eckington,NA,08-04-2013,12,NA,Kent House Close
87 Carrwood Road,Renishaw,Eckington,NA,22-04-2013,87,NA,Carrwood Road
"67 Meadow Road, Holmgate",Clay Cross,Chesterfield,NA,29-04-2013,67,NA,"Meadow Road, Holmgate"
9 Dumbleton Road,NA,Killamarsh,NA,03-06-2013,9,NA,Dumbleton Road
116 Ash Crescent,NA,Eckington,NA,03-06-2013,116,NA,Ash Crescent
16 Elm Road,Pilsley,Chesterfield,NA,03-06-2013,16,NA,Elm Road
42 Masefield Avenue,Holmewood,Chesterfield,NA,10-06-2013,42,NA,Masefield Avenue
2 Cleveland Road,Stonebroom,Alfreton,NA,15-07-2013,2,NA,Cleveland Road
25 Sheards Drive,Dronfield Woodhouse,Dronfield,NA,29-07-2013,25,NA,Sheards Drive
17 Queensway,Stonebroom,Alfreton,NA,29-07-2013,17,NA,Queensway
25 Fairview Road,NA,Dronfield,NA,29-07-2013,25,NA,Fairview Road
8 Chestnut Avenue,NA,Eckington,NA,12-08-2013,8,NA,Chestnut Avenue
19 Oak Crescent,Wingerworth,Chesterfield,NA,19-08-2013,19,NA,Oak Crescent
9 Holm Close,Dronfield Woodhouse,Dronfield,NA,23-09-2013,9,NA,Holm Close
12 Elm Street,Temple Normanton,Chesterfield,NA,14-10-2013,12,NA,Elm Street
10 Dumbleton Road,NA,Killamarsh,NA,04-11-2013,10,NA,Dumbleton Road
15 Badger Lane,Woolley Moor,Alfreton,NA,11-11-2013,15,NA,Badger Lane
57 Shakespeare Street,Grassmoor,Chesterfield,NA,11-11-2013,57,NA,Shakespeare Street
"8 Cromford Road, Holmgate",Clay Cross,Chesterfield,NA,18-11-2013,8,NA,"Cromford Road, Holmgate"
104 Chesterfield Road,Holmewood,Chesterfield,NA,25-11-2013,104,NA,Chesterfield Road
28 Snapehill Crescent,NA,Dronfield,NA,25-11-2013,28,NA,Snapehill Crescent
136 Alma Road,North Wingfield,Chesterfield,NA,02-12-2013,136,NA,Alma Road
84 Wingfield Road,Tupton,Chesterfield,NA,02-12-2013,84,NA,Wingfield Road
24 Shakespeare Street,Grassmoor,Chesterfield,NA,09-12-2013,24,NA,Shakespeare Street
27 Rock Crescent,Clay Cross,Chesterfield,NA,09-12-2013,27,NA,Rock Crescent
62 Emmett Carr Lane,Renishaw,Eckington,S21 3UL,06-01-2014,62,NA,Emmett Carr Lane
22 Moss Rise Place,NA,Eckington,S21 4AH,06-01-2014,22,NA,Moss Rise Place
17 Chavery Road,Clay Cross,Chesterfield,S45 9LN,27-01-2014,17,NA,Chavery Road
10 Church Street,Calow,Chesterfield,S44 5AQ,17-02-2014,10,NA,Church Street
58 Station New Road,Old Tupton,Chesterfield,S42 6DB,17-02-2014,58,NA,Station New Road
135 Ash Crescent,NA,Eckington,S21 4AD,24-02-2014,135,NA,Ash Crescent
8 Chander Hill Lane,Holymoorside,Chesterfield,S42 7HN,24-02-2014,8,NA,Chander Hill Lane
47 Osmund Road,NA,Eckington,S21 4ES,03-03-2014,47,NA,Osmund Road
20 Birches Fold`,Coal Aston,Dronfield,S18 3AG,17-03-2014,20,NA,Birches Fold`
5 Orchard Square,NA,Dronfield,S18 8XT,17-03-2014,5,NA,Orchard Square
13 Ladybank View,NA,Eckington,S21 4DZ,17-03-2014,13,NA,Ladybank View
42 Darcy Road,NA,Eckington,S21 4BP,31-03-2014,42,NA,Darcy Road
7 Hardhurst Road,Unstone,Dronfield,S21 4DS,31-03-2014,7,NA,Hardhurst Road
15 Piper Avenue,Clay Cross,Chesterfield,S45 9LR,07-04-2013,15,NA,Piper Avenue
48 Osmund Road,NA,Eckington,S21 4ET,07-04-2014,48,NA,Osmund Road
13 Pheonix Road,Ridgeway,Eckington,S12 3XJ,14-04-2014,13,NA,Pheonix Road
10 Delves Road,NA,Killamarsh,S21 1AW,14-04-2014,10,NA,Delves Road
113 Main Road,Marsh Lane,Eckington,S21 5RL,14-04-2014,113,NA,Main Road
36 Southgate,NA,Eckington,S21 4FT,28-04-2014,36,NA,Southgate
29 Sycamore Avenue,NA,Dronfield,S18 2HJ,28-04-2014,29,NA,Sycamore Avenue
13 Warren Crescent,Marsh Lane,Eckington,S21 5RW,28-04-2014,13,NA,Warren Crescent
1 Broom Drive,Grassmoor,Chesterfield,S42 5AW,12-05-2014,1,NA,Broom Drive
2 Hardhurst Road,Unstone,Dronfield,S18 4DS,19-05-2014,2,NA,Hardhurst Road
40 Bestwood Park,Clay Cross,Chesterfield,S45 9LD,19-05-2014,40,NA,Bestwood Park
29 Lings Crescent,North Wingfield,Chesterfield,S42 5QD,02-06-2014,29,NA,Lings Crescent
5 Devonshire Terrace,Holmewood,Chesterfield,S42 5RF,02-06-2014,5,NA,Devonshire Terrace
7 Hallgate Lane,Pilsley,Chesterfield,S45 8HL,09-06-2014,7,NA,Hallgate Lane
"1 Machins Court, Soaper Lane",NA,Dronfield,S18 1QF,16-06-2014,1,NA,"Machins Court, Soaper Lane"
55 Reynard Crescent,Renishaw,Eckington,S21 3WD,30-06-2014,55,NA,Reynard Crescent
24 Dumbleton Road,NA,Killamarsh,S21 1AX,14-07-2014,24,NA,Dumbleton Road
2 Darley Way,North Wingfield,Chesterfield,S42 5PG,04-08-2014,2,NA,Darley Way
"62 Rye Crescent, Danesmoor",Clay Cross,Chesterfield,S45 9HH,01-09-2014,62,NA,"Rye Crescent, Danesmoor"
201 Queen Victoria Road,New Tupton,Chesterfield,S42 6DP,08-09-2014,201,NA,Queen Victoria Road
58 Rye Crescent,"Danesmoor, Clay Cross",Chesterfield,S45 9HH,08-09-2014,58,NA,Rye Crescent
8 Darcy Road,NA,Eckington,S21 4BP,15-09-2014,8,NA,Darcy Road
25 Tennyson Way,Grassmoor,Chesterfield,S42 5BA,29-09-2014,25,NA,Tennyson Way
"6 Woodthorpe Avenue, Holmgate",Clay Cross,Chesterfield,S45 9QU,06-10-2014,6,NA,"Woodthorpe Avenue, Holmgate"
28 Sitwell Villas,Morton,Alfreton,DE55 6GX,13-10-2014,28,NA,Sitwell Villas
105 Carrwood Road,Renishaw,Eckington,S21 3UF,20-10-2014,105,NA,Carrwood Road
7 Bunyan Crescent,Stonebroom,Alfreton,DE55 6JH,27-10-2014,7,NA,Bunyan Crescent
21 Shireoaks Road,NA,Dronfield,S18 2EU,17-11-2014,21,NA,Shireoaks Road
13 Sandringham Close,Calow,Chesterfield,S44 5TY,01-12-2014,13,NA,Sandringham Close
4 Hawley Street,Apperknowle,NA,S18 4AY,08-12-2014,4,NA,Hawley Street
138 Queensway,Pilsley,Chesterfield,S45 8HT,15-12-2014,138,NA,Queensway
7 Redfern Street,New Tupton,Chesterfield,S42 6YQ,22-12-2014,7,NA,Redfern Street
"2 Woodside Place, Holmgate",Clay Cross,Chesterfield,S45 9PW,12-01-2015,2,NA,"Woodside Place, Holmgate"
"4 Woodside Place, Holmgate",Clay Cross,Chesterfield,S45 9PW,19-01-2015,4,NA,"Woodside Place, Holmgate"
20 Robertsons Avenue,Duckmanton,Chesterfield,S44 5JR,26-01-2015,20,NA,Robertsons Avenue
4 Nethermoor Road,Tupton,Chesterfield,S42 6EF,26-01-2015,4,NA,Nethermoor Road
32 Ducksett Lane,NA,Eckington,S21 4BS,02-02-2015,32,NA,Ducksett Lane
19 Mill Lane,Grassmoor,Chesterfield,S42 5AA,02-02-2015,19,NA,Mill Lane
82 Fletcher Avenue,NA,Dronfield,S18 1RU,02-02-2015,82,NA,Fletcher Avenue
10 Burnshaw Street,Mickley,Alfreton,DE55 6FZ,02-02-2015,10,NA,Burnshaw Street
8 Rocester Way,North Wingfield,Chesterfield,S42 5RR,09-02-2015,8,NA,Rocester Way
38 Wingfield Road,New Tupton,Chesterfield,S42 6XX,09-02-2015,38,NA,Wingfield Road
23 Redfern Street,New Tupton,Chesterfield,S42 6YQ,16-02-2015,23,NA,Redfern Street
1 Cowsell Drive Danesmoor,Clay Cross,Chesterfield,S45 9SX,23-02-2015,1,NA,Cowsell Drive Danesmoor
13 The Crescent,Holmesfield,Dronfield,S18 7WY,23-02-2015,13,NA,The Crescent
28 King George Street,Wessington,Alfreton,DE55 6DZ,23-02-2015,28,NA,King George Street
"154 North Street, Holmgate",Clay Cross,Chesterfield,S45 9PT,02-03-2015,154,NA,"North Street, Holmgate"
3 Redfern Street,New Tupton,Chesterfield,S42 6YQ,16-03-2015,3,NA,Redfern Street
14 Elm Road,Pilsley,Chesterfield,S45 8EQ,23-03-2015,14,NA,Elm Road
79 Snape Hill Crescent,NA,Dronfield,S18 2GR,30-03-2015,79,NA,Snape Hill Crescent
12 Piper Avenue,Clay Cross,Chesterfield,S45 9LR,30-03-2015,12,NA,Piper Avenue
3 Sherwood Road,NA,Killamarsh,S21 2EG,07-04-2015,3,NA,Sherwood Road
5 Springfield Road,Barlow,Dronfield,S18 7SQ,13-04-2015,5,NA,Springfield Road
22 Florence Road,Clay Cross,Chesterfield,S45 9ND,13-04-2015,22,NA,Florence Road
9 Piper Avenue,Clay Cross,Chesterfield,S45 9LR,13-04-2015,9,NA,Piper Avenue
49 Adlington Avenue,Wingerworth,Chesterfield,S42 6NQ,20-04-2015,49,NA,Adlington Avenue
28 Dumbleton Road,NA,Killamarsh,S21 1AX,27-04-2015,28,NA,Dumbleton Road
"36 Rye Crescent, Danesmoor",Clay Cross,Chesterfield,S45 9HH,18-05-2015,36,NA,"Rye Crescent, Danesmoor"
11 Chestnut Avenue,NA,Eckington,S21 4BE,01-06-2015,11,NA,Chestnut Avenue
19 Snape Hill Crescent,NA,Dronfield,S18 2GQ,08-06-2015,19,NA,Snape Hill Crescent
15 Lansbury Avenue,Pilsley,Chesterfield,S45 8EH,15-06-2015,15,NA,Lansbury Avenue
91 Northside,New Tupton,Chesterfield,S42 6BP,22-06-2015,91,NA,Northside
15 Delves Road,NA,Killamarsh,S21 1AW,22-06-2015,15,NA,Delves Road
36 Mary Street,NA,Eckington,S21 4EN,06-07-2015,36,NA,Mary Street
72 Rectory Road,Duckmanton,Chesterfield,S44 5JS,20-07-2015,72,NA,Rectory Road
77 Snape Hill Crescent,NA,Dronfield,S18 2GQ,03-08-2015,77,NA,Snape Hill Crescent
13 Norburn Drive,NA,Killamarsh,S21 1DB,17-08-2015,13,NA,Norburn Drive
11 Woodside Avenue,NA,Killamarsh,S21 2EX,24-08-2015,11,NA,Woodside Avenue
16 Birkin Lane,Grassmoor,Chesterfield,S42 5NB,01-09-2015,16,NA,Birkin Lane
18 Common Lane,Cutthorpe,Chesterfield,S42 7AN,14-09-2015,18,NA,Common Lane
6 Springvale Close,"Danesmoor, Clay Cross",Chesterfield,S45 9SA,14-09-2015,6,NA,Springvale Close
13 Bunyan Crescent,Stonebroom,Alfreton,DE55 6JH,21-09-2015,13,NA,Bunyan Crescent
"9 Brockway Close, Danesmoor",Clay Cross,Chesterfield,S45 9RX,21-09-2015,9,NA,"Brockway Close, Danesmoor"
29 Elyn Avenue,North Wingfield,Chesterfield,S42 5NN,28-09-2015,29,NA,Elyn Avenue
"18 Leigh Way, Hepthorne Lane",North Wingfield,Chesterfield,S42 5UA,28-09-2015,18,NA,"Leigh Way, Hepthorne Lane"
40 Thirlmere Drive,NA,Dronfield,S18 2HW,28-09-2015,40,NA,Thirlmere Drive
25 Halcyon Approach,Wingerworth,Chesterfield,S42 6NL,05-10-2015,25,NA,Halcyon Approach
114 Alma Road,North Wingfield,Chesterfield,S42 5PY,05-10-2015,114,NA,Alma Road
45 Osmund Road,NA,Eckington,S21 4ES,12-10-2015,45,NA,Osmund Road
81 Cecil Road,NA,Dronfield,S18 2GX,12-10-2015,81,NA,Cecil Road
24 High Street,Apperknowle,NA,S18 4BD,12-10-2015,24,NA,High Street
26 East Street,Renishaw,Eckington,S21 3UJ,26-10-2015,26,NA,East Street
43 The Square,"Danesmoor, Clay Cross",Chesterfield,S45 9BZ,26-10-2015,43,NA,The Square
21 Peatfield Road,NA,Killamarsh,S21 2DJ,02-11-2015,21,NA,Peatfield Road
83 New Street,Grassmoor,Chesterfield,S42 5EE,09-11-2015,83,NA,New Street
4 Holm Close,Dronfield Woodhouse,Dronfield,S18 8XS,16-11-2015,4,NA,Holm Close
125 Kingsley Crescent,Stonebroom,Alfreton,DE55 6HZ,16-11-2015,125,NA,Kingsley Crescent
110 Holymoor Road,Holymoorside,Chesterfield,S42 7DU,23-11-2015,110,NA,Holymoor Road
5 Haddon Road,North Wingfield,Chesterfield,S42 5PT,23-11-2015,5,NA,Haddon Road
"5 Back Croft, Danesmoor",Clay Cross,Chesterfield,S45 9SZ,23-11-2015,5,NA,"Back Croft, Danesmoor"
2 Park Rise,Holmesfield,Dronfield,S18 7WU,30-11-2015,2,NA,Park Rise
23 Statham Avenue,New Tupton,Chesterfield,S42 6YE,07-12-2015,23,NA,Statham Avenue
15 Shakespeare Street,Grassmoor,Chesterfield,S42 5BD,07-12-2015,15,NA,Shakespeare Street
10 Peatfield Road,NA,Killamarsh,S21 2DJ,11-01-2016,10,NA,Peatfield Road
28 William Street,NA,Eckington,S21 4GD,11-01-2016,28,NA,William Street
16 Snape Hill Crescent,NA,Dronfield,S18 2GQ,18-01-2016,16,NA,Snape Hill Crescent
5 Marrison Drive,NA,Killamarsh,S21 1HF,18-01-2016,5,NA,Marrison Drive
19 Rectory Road,NA,Killamarsh,S21 1DP,08-02-2016,19,NA,Rectory Road
85 Adlington Avenue,Wingerworth,Chesterfield,S42 6NL,09-02-2016,85,NA,Adlington Avenue
"19 Bevan Road, Danesmoor",Clay Cross,Chesterfield,S45 9RT,15-02-2016,19,NA,"Bevan Road, Danesmoor"
"16 Ashbourne Avenue, Holmgate",Clay Cross,Chesterfield,S45 9RB,29-02-2016,16,NA,"Ashbourne Avenue, Holmgate"
1 Edward Street,NA,Eckington,S21 4BT,29-02-2016,1,NA,Edward Street
20 Lawn Villas,Calow,Chesterfield,S44 5SZ,07-03-2016,20,NA,Lawn Villas
16 Norwood Place,NA,Killamarsh,S21 2DF,07-03-2016,16,NA,Norwood Place
14 Crow Croft Road,Pilsley,Chesterfield,S45 8HY,07-03-2016,14,NA,Crow Croft Road
169 High Street,Stonebroom,Alfreton,DE55 6LL,07-03-2016,169,NA,High Street
5 Fern Close,Heath,Chesterfield,S44 5RE,07-03-2016,5,NA,Fern Close
11 Redfern Street,Tupton,Chesterfield,S42 6YQ,07-03-2016,11,NA,Redfern Street
1 William Street,NA,Eckington,S21 4GD,21-03-2016,1,NA,William Street
12 Springfield Road,Barlow,Dronfield,S18 7SR,21-03-2016,12,NA,Springfield Road
"35 Springvale Road, Danesmoor",Clay Cross,Chesterfield,S45 8SB,21-03-2016,35,NA,"Springvale Road, Danesmoor"
4 Idas Road,NA,Eckington,S21 4DT,04-04-2016,4,NA,Idas Road
37 The Avenue,NA,Dronfield,S18 2LR,11-11-2016,37,NA,The Avenue
5 Ash Crescent,NA,Eckington,S21 4AB,25-04-2016,5,NA,Ash Crescent
54 Alma Road,North Wingfield,Chesterfield,S42 5QF,25-04-2016,54,NA,Alma Road
29 Norwood Crescent,NA,Killamarsh,S21 2DE,25-04-2016,29,NA,Norwood Crescent
86 Northside,New Tupton,Chesterfield,S42 6BP,25-04-2016,86,NA,Northside
16 Warren Crescent,Marsh Lane,Eckington,S21 5RW,03-05-2016,16,NA,Warren Crescent
64 Osmund Road,NA,Eckington,S21 4ET,09-05-2016,64,NA,Osmund Road
58 New Street,Grassmoor,Chesterfield,S42 5EE,09-05-2016,58,NA,New Street
22 Elm Tree Avenue,Shirland,Alfreton,DE55 6AF,27-05-2016,22,NA,Elm Tree Avenue
81 The Wynd,Renishaw,Eckington,S21 3WJ,06-06-2016,81,NA,The Wynd
118 Stonelow Road,NA,Dronfield,S18 2EP,06-06-2016,118,NA,Stonelow Road
92 Northside,New Tupton,Chesterfield,S42 6BW,04-07-2016,92,NA,Northside
12 Crowcroft Road,Pilsley,Chesterfield,S45 8HY,18-07-2016,12,NA,Crowcroft Road
63 Chapman Lane,Grassmoor,Chesterfield,S42 5EN,25-07-2016,63,NA,Chapman Lane
11 Scott Crescent,Stonebroom,Alfreton,DE55 6JB,01-08-2016,11,NA,Scott Crescent
16 Common Lane,Cutthorpe,Chesterfield,S42 7AN,15-08-2016,16,NA,Common Lane
15 Ford Street,New Tupton,Chesterfield,S42 6YL,15-08-2016,15,NA,Ford Street
69 Lansbury Road,NA,Eckington,S21 4DB,22-08-2016,69,NA,Lansbury Road
4 Macdonald Close,Grassmoor,Chesterfield,S42 5EH,30-08-2016,4,NA,Macdonald Close
10 Dovecotes,Ashover,Chesterfield,S45 0AD,05-09-2016,10,NA,Dovecotes
11 Oak Close,NA,Killamarsh,S21 1FB,12-09-2016,11,NA,Oak Close
106 Queensway,Pilsley,Chesterfield,S45 8HT,12-09-2016,106,NA,Queensway
"33 Springvale Road, Danesmoor",Clay Cross,Chesterfield,S45 9SB,12-09-2016,33,NA,"Springvale Road, Danesmoor"
14 Dumbleton Road,NA,Killamarsh,S21 1AX,19-09-2016,14,NA,Dumbleton Road
23 Loundes Road,Unstone,Dronfield,S18 4DE,19-09-2016,23,NA,Loundes Road
1 Fir Road,NA,Eckington,S21 4BY,26-09-2016,1,NA,Fir Road
12 Pear Tree Road,Pilsley,Chesterfield,S45 8HU,03-10-2016,12,NA,Pear Tree Road
72 Lansbury Road,NA,Eckington,S21 4EB,03-10-2016,72,NA,Lansbury Road
70 Rectory Road,NA,Killamarsh,S21 1DQ,10-10-2016,70,NA,Rectory Road
32 Castle Hill,NA,Eckington,S21 4AY,17-10-2016,32,NA,Castle Hill
9 Byron Close,Grassmoor,Chesterfield,S42 5AX,24-10-2016,9,NA,Byron Close
7 Delves Road,NA,Killamarsh,S21 1AW,24-10-2016,7,NA,Delves Road
16 Florence Road,Clay Cross,Chesterfield,S45 9NL,31-10-2016,16,NA,Florence Road
64 Northside,New Tupton,Chesterfield,S42 6BN,31-10-2016,64,NA,Northside
30 Queen Street,Clay Cross,Chesterfield,S45 9EQ,31-10-2016,30,NA,Queen Street
4 Sales Avenue,New Tupton,Chesterfield,S42 6YD,07-11-2016,4,NA,Sales Avenue
"5 Linacre Avenue, Danesmoor",Clay Cross,Chesterfield,S45 9SU,14-11-2016,5,NA,"Linacre Avenue, Danesmoor"
54 Carr Lane,Dronfield Woodhouse,Dronfield,S18 8XG,14-11-2016,54,NA,Carr Lane
32 Tennyson Street,Mickley,Alfreton,DE55 6GJ,12-12-2016,32,NA,Tennyson Street
2 Holbrook Way,North Wingfield,Chesterfield,S42 5NE,12-12-2016,2,NA,Holbrook Way
14 Smithy Place,Grassmoor,Chesterfield,S42 5HE,19-12-2016,14,NA,Smithy Place
"36 North Street, Holmgate",Clay Cross,Chesterfield,S45 9PL,09-01-2017,36,NA,"North Street, Holmgate"
9 Thirlmere Drive,NA,Dronfield,S18 2HW,09-01-2017,9,NA,Thirlmere Drive
7 Willow Street,Shirland,Alfreton,DE55 6AD,09-01-2017,7,NA,Willow Street
"14 Stoneholes Drive, Danesmoor",Clay Cross,Chesterfield,S45 9SY,09-01-2017,14,NA,"Stoneholes Drive, Danesmoor"
128 Snape Hill Crescent,NA,Dronfield,S18 2GQ,09-01-2017,128,NA,Snape Hill Crescent
"18 Dovecotes, Church Street",Ashover,Chesterfield,S45 0AD,16-01-2017,18,NA,"Dovecotes, Church Street"
7 Fairview Road,NA,Dronfield,S18 2HF,16-01-2017,7,NA,Fairview Road
22 Fairview Road,NA,Dronfield,S18 2HF,30-01-2017,22,NA,Fairview Road
104 Cecil Road,NA,Dronfield,S18 2GX,06-02-2017,104,NA,Cecil Road
2 Sitwell Villas,Morton,Alfreton,DE55 6GX,06-02-2017,2,NA,Sitwell Villas
15 Summerwood Place,Dronfield Woodhouse,Dronfield,S18 1NY,06-02-2017,15,NA,Summerwood Place
"48 Rock Crescent, Holmgate",Clay Cross,Chesterfield,S45 9QS,06-02-2017,48,NA,"Rock Crescent, Holmgate"
20 Vernon Rise,Grassmoor,Chesterfield,S42 5HD,13-02-2017,20,NA,Vernon Rise
63 Slack Lane,Heath,Chesterfield,S44 5QU,13-02-2017,63,NA,Slack Lane
4 Mornington Road,Holmewood,Chesterfield,S42 5SX,27-02-2017,4,NA,Mornington Road
8 Wellfield Close,Ridgeway,Eckington,S12 3XN,27-02-2017,8,NA,Wellfield Close
78 Heath Road,Holmewood,Chesterfield,S42 5SW,06-03-2017,78,NA,Heath Road
180 Ash Crescent,NA,Eckington,S21 4AD,13-03-2017,180,NA,Ash Crescent
40 Marsh Avenue,NA,Dronfield,S18 2HB,13-03-2017,40,NA,Marsh Avenue
2 Beech Crescent,NA,Killamarsh,S21 1AF,27-03-2017,2,NA,Beech Crescent
8 Chiltern Close,Grassmoor,Chesterfield,S42 5BQ,27-03-2017,8,NA,Chiltern Close
36 Kingsley Crescent,Stonebroom,Alfreton,DE55 6HW,03-04-2017,36,NA,Kingsley Crescent
23 Bracken Avenue,Heath,Chesterfield,S44 5RB,03-04-2017,23,NA,Bracken Avenue
9 The Crescent,Clay Cross,Chesterfield,S45 9EH,10-04-2017,9,NA,The Crescent
10 Shaw Street,Holmewood,Chesterfield,S42 5TT,10-04-2017,10,NA,Shaw Street
60 Osmund Road,NA,Eckington,S21 4ET,10-04-2017,60,NA,Osmund Road
26 Masefield Avenue,Holmewood,Chesterfield,S42 5TL,10-04-2017,26,NA,Masefield Avenue
137 Ash Crescent,NA,Eckington,S21 4AQ,18-04-2017,137,NA,Ash Crescent
5 Burns Drive,Grassmoor,Chesterfield,S42 5AZ,19-04-2017,5,NA,Burns Drive
32 Ash Crescent,NA,Eckington,S21 4AQ,24-04-2017,32,NA,Ash Crescent
47 Shireoaks Road,NA,Dronfield,S18 2EU,24-04-2017,47,NA,Shireoaks Road
17 Milton Avenue,Mickley,Alfreton,DE55 6GG,24-04-2017,17,NA,Milton Avenue
168 Ash Crescent,NA,Eckington,S21 4AQ,24-04-2017,168,NA,Ash Crescent
"16 Oakdale Close, Danesmoor",Clay Cross,Chesterfield,S45 9RY,24-04-2017,16,NA,"Oakdale Close, Danesmoor"
7 Cedar Close,NA,Eckington,S21 4BA,24-04-2017,7,NA,Cedar Close
"21 Beech Way, Danesmoor",Clay Cross,Chesterfield,S45 9SQ,05-06-2017,21,NA,"Beech Way, Danesmoor"
"35 Rock Crescent, Holmgate",Clay Cross,Chesterfield,S45 9QS,19-06-2017,35,NA,"Rock Crescent, Holmgate"
5 Chavery Road,Clay Cross,Chesterfield,S45 9LN,19-06-2017,5,NA,Chavery Road
31 Main Road,Ridgeway,Eckington,S12 3XR,19-06-2017,31,NA,Main Road
3 Elm Street,Temple Normanton,Chesterfield,S42 5DW,26-06-2017,3,NA,Elm Street
6 Broom Avenue,Pilsley,Chesterfield,S45 8HS,26-06-2017,6,NA,Broom Avenue
5 Rowan Road,NA,Eckington,S21 4FJ,10-07-2017,5,NA,Rowan Road
14 Vernon Rise,Grassmoor,Chesterfield,S42 5HD,10-07-2017,14,NA,Vernon Rise
11 Broom Avenue,Pilsley,Chesterfield,S45 8HP,24-07-2017,11,NA,Broom Avenue
11 The Wynd,Renishaw,Eckington,S21 3WJ,31-07-2017,11,NA,The Wynd
34 Birches Fold,Coal Aston,Dronfield,S18 3AG,01-08-2017,34,NA,Birches Fold
44 Beech Crescent,NA,Eckington,S21 4AQ,07-08-2017,44,NA,Beech Crescent
6 Warren Crescent,Marsh Lane,Eckington,S21 5RW,21-08-2017,6,NA,Warren Crescent
4 Larch Road,NA,Eckington,S21 4ED,21-08-2017,4,NA,Larch Road
1 North Close,Unstone,Dronfield,S18 4DX,21-08-2017,1,NA,North Close
13 Poplar Road,NA,Eckington,S21 4FB,21-08-2017,13,NA,Poplar Road
7 Pennine Way,Grassmoor,Chesterfield,S42 5BN,04-09-2017,7,NA,Pennine Way
6 Birkin Lane,Grassmoor,Chesterfield,S42 5HB,04-09-2017,6,NA,Birkin Lane
28 Lilac Close,Heath,Chesterfield,S44 5QZ,04-09-2017,28,NA,Lilac Close
18 Sitwell Street,NA,Eckington,S21 4BN,04-09-2017,18,NA,Sitwell Street
44 Adlington Avenue,Wingerworth,Chesterfield,S42 6NJ,11-09-2017,44,NA,Adlington Avenue
3 North Road,Calow,Chesterfield,S44 5BG,11-09-2017,3,NA,North Road
32 John Street,NA,Eckington,S21 4DW,11-09-2017,32,NA,John Street
12 Willow Street,Shirland,Alfreton,DE55 6AD,18-09-2017,12,NA,Willow Street
22 Hillcrest Avenue,Wessington,Alfreton,DE55 6DR,18-09-2017,22,NA,Hillcrest Avenue
"46 North Street, Holmgate",Clay Cross,Chesterfield,S45 9PL,18-09-2017,46,NA,"North Street, Holmgate"
12 Lady Bank View,NA,Eckington,S21 4DZ,25-09-2017,12,NA,Lady Bank View
33 Heath Road,Holmewood,Chesterfield,S42 5SL,25-09-2017,33,NA,Heath Road
15 Coupe Lane,Clay Cross,Chesterfield,S45 9QJ,09-10-2017,15,NA,Coupe Lane
4 Kent Close,Ridgeway,Eckington,S12 3XS,24-10-2017,4,NA,Kent Close
3 Idas Road,NA,Eckington,S21 4DT,30-10-2017,3,NA,Idas Road
23 Rotherwood Road,NA,Killamarsh,S21 2DT,06-11-2017,23,NA,Rotherwood Road
1 Norwood Crescent,NA,Killamarsh,S21 2DE,13-11-2017,1,NA,Norwood Crescent
14 Old Whittington,Unstone,Dronfield,S18 4DR,13-11-2017,14,NA,Old Whittington
16 Ash Crescent,NA,Eckington,S21 4AB,20-11-2017,16,NA,Ash Crescent
10 Gorse Bank,Heath,Chesterfield,S44 5RA,20-11-2017,10,NA,Gorse Bank
68 New Street,North Wingfield,Chesterfield,S42 5JW,28-11-2017,68,NA,New Street
2 Lonsdale Road,Pilsley,Chesterfield,S45 8HR,04-12-2017,2,NA,Lonsdale Road
14 Shaw Street,Holmewood,Chesterfield,S42 5TT,05-12-2017,14,NA,Shaw Street
9 Redfern Street,New Tupton,Chesterfield,S42 6YQ,18-12-2017,9,NA,Redfern Street
55 Bunyan Crescent,Stonebroom,Alfreton,DE55 6JH,02-01-2018,55,NA,Bunyan Crescent
61 Searston Avenue,Holmewood,Chesterfield,S42 5QZ,08-01-2018,61,NA,Searston Avenue
6 Devonshire Terrace,Holmewood,Chesterfield,S42 5RF,08-01-2018,6,NA,Devonshire Terrace
43 Moorland Drive,Heath,Chesterfield,S44 5QX,08-01-2018,43,NA,Moorland Drive
8 Fern Close,Heath,Chesterfield,S44 5RE,15-01-2018,8,NA,Fern Close
2 Whittington Lane,Unstone Green,Dronfield,S18 4QD,15-01-2018,2,NA,Whittington Lane
39 Upperthorpe Road,NA,Killamarsh,S21 1EQ,22-01-2018,39,NA,Upperthorpe Road
19 Burnside Avenue,Shirland,Alfreton,DE55 6AE,22-01-2018,19,NA,Burnside Avenue
28 North Side,New Tupton,Chesterfield,S42 6BW,22-01-2018,28,NA,North Side
9 Delves Road,NA,Killamarsh,S21 1AW,05-02-2018,9,NA,Delves Road
28 Shireoaks Road,NA,Dronfield,S18 2EU,05-02-2018,28,NA,Shireoaks Road
"11 Penncroft Lane, Danesmoor",Clay Cross,Chesterfield,S45 9DF,05-02-2018,11,NA,"Penncroft Lane, Danesmoor"
3 Heather Avenue,Heath,Chesterfield,S44 5RF,12-02-2018,3,NA,Heather Avenue
8 Sales Avenue,New Tupton,Chesterfield,S42 6YG,19-02-2018,8,NA,Sales Avenue
5 Musard Way,NA,Killamarsh,S21 1HJ,19-02-2018,5,NA,Musard Way
57 Lansbury Road,NA,Eckington,S21 4DX,26-02-2018,57,NA,Lansbury Road
4 Shaw Street,Holmewood,Chesterfield,S42 5TT,26-02-2018,4,NA,Shaw Street
8 Ayncourt Road,North Wingfield,Chesterfield,S42 5NP,26-02-2018,8,NA,Ayncourt Road
6 Delves Road,NA,Killamarsh,S21 1AW,26-02-2018,6,NA,Delves Road
207 Sheffield Road,Unstone,Dronfield,S18 4DA,26-02-2018,207,NA,Sheffield Road
23 High Street,Apperknowle,NA,S18 4BD,26-02-2018,23,NA,High Street
19 Bunyan Crescent,Stonebroom,Alfreton,DE55 6JH,05-03-2018,19,NA,Bunyan Crescent
"122 North Street, Holmgate",Clay Cross,Chesterfield,S45 9PT,12-03-2018,122,NA,"North Street, Holmgate"
2b Loundes Road,Unstone,Dronfield,S18 4DE,12-03-2018,2b,NA,Loundes Road
1 Springfield Road,Barlow,Dronfield,S18 7SQ,19-03-2018,1,NA,Springfield Road
49 Shireoaks Road,NA,Dronfield,S18 2EU,26-03-2018,49,NA,Shireoaks Road
13 Summerwood Place,NA,Dronfield,S18 1NY,16-04-2018,13,NA,Summerwood Place
15 Stubley Place,NA,Dronfield,S18 1NZ,16-04-2018,15,NA,Stubley Place
26 St Leonards Place,Shirland,Alfreton,DE55 6AY,23-04-2018,26,NA,St Leonards Place
56 Northside,Tupton,Chesterfield,S42 6BW,23-04-2018,56,NA,Northside
11 East Street,Renishaw,Eckington,S21 3UJ,30-04-2018,11,NA,East Street
8 Birkinstyle Avenue,Stonebroom,Alfreton,DE55 6LF,30-04-2018,8,NA,Birkinstyle Avenue
7 Elm Tree Avenue,Shirland,Alfreton,DE55 6AF,08-05-2017,7,NA,Elm Tree Avenue
85 Church Lane,Calow,Chesterfield,S44 5AJ,14-05-2018,85,NA,Church Lane
4 Rother Street,Pilsley,Chesterfield,S45 8HG,14-05-2018,4,NA,Rother Street
51 Lansbury Road,NA,Eckington,S21 4EA,14-05-2018,51,NA,Lansbury Road
"21 Brook Street, Holmgate",Clay Cross,Chesterfield,S45 9QZ,14-05-2018,21,NA,"Brook Street, Holmgate"
"5 Penistone Gardens, Danesmoor",Clay Cross,Chesterfield,S45 9ST,21-05-2018,5,NA,"Penistone Gardens, Danesmoor"
"1 Brockway, Danesmoor",Clay Cross,Chesterfield,S45 9RZ,22-05-2018,1,NA,"Brockway, Danesmoor"
6 Meynell Way,NA,Killamarsh,S21 1HG,04-06-2018,6,NA,Meynell Way
116 Kingsley Crescent,Stonebroom,Alfreton,DE55 6HZ,04-06-2018,116,NA,Kingsley Crescent
87 Adlington Avenue,Wingerworth,Chesterfield,S42 6NQ,04-06-2018,87,NA,Adlington Avenue
"2 Ashbourne Avenue, Holmgate",Clay Cross,Chesterfield,S45 9RB,04-06-2018,2,NA,"Ashbourne Avenue, Holmgate"
42 Blacksmiths Lane,Calow,Chesterfield,S44 5TT,04-06-2018,42,NA,Blacksmiths Lane
20 Birkin Lane,Grassmoor,Chesterfield,S42 5BW,11-06-2018,20,NA,Birkin Lane
32 Beech Crescent,NA,Eckington,S21 4AQ,11-06-2018,32,NA,Beech Crescent
12 Valley Road,Barlow,Dronfield,S18 7SL,11-06-2018,12,NA,Valley Road
13 Shaw Street,Holmewood,Chesterfield,S42 5TT,18-06-2018,13,NA,Shaw Street
8 Valley View Close,NA,Eckington,S21 4HD,18-06-2018,8,NA,Valley View Close
3 Tennyson Way,Grassmoor,Chesterfield,S42 5BA,18-06-2018,3,NA,Tennyson Way
8 Davenport Road,New Tupton,Chesterfield,S42 6YA,16-07-2018,8,NA,Davenport Road
26 Shakespeare Street,Grassmoor,Chesterfield,S42 5BB,30-07-2018,26,NA,Shakespeare Street
16 Heather Avenue,Heath,Chesterfield,S44 5RF,10-09-2018,16,NA,Heather Avenue
52 New Street,Grassmoor,Chesterfield,S42 5EE,24-09-2018,52,NA,New Street
41 Bridge Street,Pilsley,Chesterfield,S45 8HE,24-09-2018,41,NA,Bridge Street
78 Osmund Road,NA,Eckington,S21 4ET,01-10-2018,78,NA,Osmund Road
19 William Street,NA,Eckington,S21 4GD,08-10-2018,19,NA,William Street
"120 Cemetery Road, Danesmoor",Clay Cross,Chesterfield,S45 9DA,08-10-2018,120,NA,"Cemetery Road, Danesmoor"
33 Baker Drive,NA,Killamarsh,S21 1HD,08-10-2018,33,NA,Baker Drive
"57 Coupe Lane, Holmgate",Clay Cross,Chesterfield,S45 9QN,15-10-2018,57,NA,"Coupe Lane, Holmgate"
99 Wingfield Road,New Tupton,Chesterfield,S42 6XZ,15-10-2018,99,NA,Wingfield Road
54 Davenport Road,New Tupton,Chesterfield,S42 6YA,15-10-2018,54,NA,Davenport Road
75 Kingsley Crescent,Stonebroom,Alfreton,DE55 6HW,22-10-2018,75,NA,Kingsley Crescent
69 Coupe Lane,"Holmgate, Clay Cross",Chesterfield,S45 9PU,22-10-2018,69,NA,Coupe Lane
2 North Close,Unstone,Dronfield,S18 4DX,22-10-2018,2,NA,North Close
51 Warren Crescent,Marsh Lane,Eckington,S21 5RW,29-10-2018,51,NA,Warren Crescent
34 Rosling Way,Arkwright Town,Chesterfield,S44 5BY,05-11-2018,34,NA,Rosling Way
4 Chapel Road,Grassmoor,Chesterfield,S42 5EJ,12-11-2018,4,NA,Chapel Road
17 Lonsdale Road,Pilsley,Chesterfield,S45 8HR,19-11-2018,17,NA,Lonsdale Road
47 Sheepcote Road,NA,Killamarsh,S21 1DU,19-11-2018,47,NA,Sheepcote Road
41 Norwood Place,NA,Killamarsh,S21 2DF,19-11-2018,41,NA,Norwood Place
7 Tennyson Street,Holmewood,Chesterfield,S42 5TY,26-11-2018,7,NA,Tennyson Street
31 Redfern Street,Tupton,Chesterfield,S42 6YQ,03-12-2018,31,NA,Redfern Street
41 Elyn Avenue,North Wingfield,Chesterfield,S42 5NN,03-12-2018,41,NA,Elyn Avenue
15 Queensway,Stonebroom,Alfreton,DE55 6LE,10-12-2018,15,NA,Queensway
6 Keats Road,Stonebroom,Alfreton,DE55 6JJ,10-12-2018,6,NA,Keats Road
18 Fletcher Avenue,NA,Dronfield,S19 1RW,10-12-2018,18,NA,Fletcher Avenue
7 Hardie Street,NA,Eckington,S21 4DB,17-12-2018,7,NA,Hardie Street
3 Edward Street,NA,Eckington,S21 4BT,17-12-2018,3,NA,Edward Street
21 William Street,NA,Eckington,S21 4GD,17-12-2018,21,NA,William Street
7 King George Street,Wessington,Alfreton,DE55 6DZ,17-12-2018,7,NA,King George Street
29 Wenlock Walk,Grassmoor,Chesterfield,S42 5BJ,17-12-2018,29,NA,Wenlock Walk
4 Moss Rise Place,NA,Eckington,S21 4HA,07-01-2019,4,NA,Moss Rise Place
32 Elm Tree Crescent,NA,Dronfield,S18 2HD,07-01-2019,32,NA,Elm Tree Crescent
146 Ash Crescent,NA,Eckington,S21 4AF,14-01-2019,146,NA,Ash Crescent
9 Westwood Road,Calow,Chesterfield,S44 5TZ,21-01-2019,9,NA,Westwood Road
29 Masefield Avenue,Holmewood,Chesterfield,S42 5TN,21-01-2019,29,NA,Masefield Avenue
9 Lawn Villas,Calow,Chesterfield,S44 5SZ,21-01-2019,9,NA,Lawn Villas
34 Wingfield Road,New Tupton,Chesterfield,S42 6XX,28-01-2019,34,NA,Wingfield Road
10 Shakespeare Street,Grassmoor,Chesterfield,S42 5BB,28-01-2019,10,NA,Shakespeare Street
10 Sandringham Close,Calow,Chesterfield,S44 5TY,28-01-2019,10,NA,Sandringham Close
3 The Wynd,Renishaw,Eckington,S21 3WJ,04-02-2019,3,NA,The Wynd
18 Wesley Road,Stonebroom,Alfreton,DE55 6JA,11-02-2019,18,NA,Wesley Road
33 Sheffield Road,NA,Killamarsh,S21 2DX,11-02-2019,33,NA,Sheffield Road
30 Grange Road,Pilsley,Chesterfield,S45 8HZ,18-02-2019,30,NA,Grange Road
12 Malthouse Lane,Ashover,Chesterfield,S45 0AL,18-02-2019,12,NA,Malthouse Lane
21 Norwood Crescent,NA,Killamarsh,S21 2DE,04-03-2019,21,NA,Norwood Crescent
109 Derby Road,New Tupton,Chesterfield,S42 6JX,11-03-2019,109,NA,Derby Road
15 Wood Street,Holmewood,Chesterfield,S42 5RU,11-03-2019,15,NA,Wood Street
4 Devonshire Terrace,Holmewood,Chesterfield,S42 5RF,18-03-2019,4,NA,Devonshire Terrace
22 Broom Avenue,Pilsley,Chesterfield,S45 8HS,18-03-2019,22,NA,Broom Avenue
120 Heath Road,Holmewood,Chesterfield,S42 5SH,18-03-2019,120,NA,Heath Road
"1 Hamill Close, Hepthorne Lane",North Wingfield,Chesterfield,S42 5UD,25-03-2019,1,NA,"Hamill Close, Hepthorne Lane"
45 Broom Drive,Grassmoor,Chesterfield,S42 5AH,01-04-2019,45,NA,Broom Drive
147 Queen Victoria Road,New Tupton,Chesterfield,S42 6DY,01-04-2019,147,NA,Queen Victoria Road
74 Sheakespeare Street,Holmewood,Chesterfield,S42 5TP,08-04-2019,74,NA,Sheakespeare Street
12 Darcy Road,NA,Eckington,S21 4BP,08-04-2019,12,NA,Darcy Road
16 Springfield Road,Barlow,Dronfield,S18 7SR,08-04-2019,16,NA,Springfield Road
26 Sharman Close,Apperknowle,NA,S18 4BH,15-04-2019,26,NA,Sharman Close
10 Haddon Road,North Wingfield,Chesterfield,S42 5PT,15-04-2019,10,NA,Haddon Road
3 Rotherwood Road,NA,Killamarsh,S21 2DT,15-04-2018,3,NA,Rotherwood Road
10 Matlock Road,Wessington,Alfreton,DE55 6DS,29-04-2019,10,NA,Matlock Road
9 Fairview Road,NA,Dronfield,S18 2HF,29-04-2019,9,NA,Fairview Road
57 Cecil Road,NA,Dronfield,S18 2GX,13-05-2019,57,NA,Cecil Road
3 Norwood Crescent,NA,Killamarsh,S21 2DE,20-05-2019,3,NA,Norwood Crescent
53 Loundes Road,Unstone,Dronfield,S18 4DE,03-06-2019,53,NA,Loundes Road
"6 Ashbourne Avenue, Holmgate",Clay Cross,Chesterfield,S45 9RB,24-06-2019,6,NA,"Ashbourne Avenue, Holmgate"
69 John Street,NA,Eckington,S21 4DU,24-06-2019,69,NA,John Street
100 Lansbury Road,NA,Eckington,S21 4EB,01-07-2019,100,NA,Lansbury Road
1 Holm Close,Dronfield Woodhouse,Dronfield,S18 8XS,15-07-2019,1,NA,Holm Close
40 Warren Crescent,Marsh Lane,Eckington,S21 5RW,29-07-2019,40,NA,Warren Crescent
65 Springfield Road,Barlow,Dronfield,S18 7SQ,29-07-2019,65,NA,Springfield Road
54 Cleveland Road,Stonebroom,Alfreton,DE55 6JF,29-07-2019,54,NA,Cleveland Road
"4 Cromford Road, Holmgate",Clay Cross,Chesterfield,S45 9RD,29-07-2019,4,NA,"Cromford Road, Holmgate"
33 Cleveland Road,Stonebroom,Alfreton,DE55 6JF,29-07-2019,33,NA,Cleveland Road
16 Leigh Way,North Wingfield,Chesterfield,S42 5UA,05-08-2019,16,NA,Leigh Way
47 New Road,Apperknowle,NA,S18 4AT,05-08-2019,47,NA,New Road
23 Shireoaks Road,NA,Dronfield,S18 2EU,05-08-2019,23,NA,Shireoaks Road
35 Blacksmith Lane,Calow,Chesterfield,S44 5TT,05-08-2019,35,NA,Blacksmith Lane
85 Northside,New Tupton,Chesterfield,S42 6BN,05-08-2019,85,NA,Northside
103 Clay Lane,Clay Cross,Chesterfield,S45 9AW,12-08-2019,103,NA,Clay Lane
126 Stonelow Road,NA,Dronfield,S18 2EP,19-08-2019,126,NA,Stonelow Road
19 Lonsdale Road,Pilsley,Chesterfield,S45 8HR,19-08-2019,19,NA,Lonsdale Road
12 Kingsley Crescent,Stonebroom,Alfreton,DE55 6HU,19-08-2019,12,NA,Kingsley Crescent
21 Sitwell Villas,Morton,Alfreton,DE55 6GX,02-09-2019,21,NA,Sitwell Villas
140 Alma Road,North Wingfield,Chesterfield,S42 5PY,02-09-2019,140,NA,Alma Road
48 Mill Lane,Grassmoor,Chesterfield,S42 5AB,16-09-2019,48,NA,Mill Lane
50 Ash Crescent,NA,Eckington,S21 4AE,30-09-2019,50,NA,Ash Crescent
"140 North Street, Holmgate",Clay Cross,Chesterfield,S45 9PT,30-09-2019,140,NA,"North Street, Holmgate"
5 Woodside Avenue,NA,Killamarsh,S21 2EX,07-10-2019,5,NA,Woodside Avenue
22 North Road,Calow,Chesterfield,S44 5BD,07-10-2019,22,NA,North Road
47 Hucklow Avenue,North Wingfield,Chesterfield,S42 5PX,07-10-2019,47,NA,Hucklow Avenue
18 Robertsons Avenue,Duckmanton,Chesterfield,S44 5JR,14-10-2019,18,NA,Robertsons Avenue
10 Leigh Way,North Wingfield,Chesterfield,S42 5UA,14-10-2019,10,NA,Leigh Way
23 Queen Street,Clay Cross,Chesterfield,S45 9EQ,14-10-2019,23,NA,Queen Street
12 Statham Avenue,New Tupton,Chesterfield,S42 6YF,14-10-2019,12,NA,Statham Avenue
152 Ash Crescent,NA,Eckington,S21 4AF,21-10-2019,152,NA,Ash Crescent
88 Fletcher Avenue,NA,Dronfield,S18 1RX,28-10-2019,88,NA,Fletcher Avenue
"7 Jackson Road, Danesmoor",Clay Cross,Chesterfield,S45 9BW,28-10-2019,7,NA,"Jackson Road, Danesmoor"
16 Frederick Street,Grassmoor,Chesterfield,S42 5AR,04-11-2019,16,NA,Frederick Street
3 Wesley Road,Stonebroom,Alfreton,DE55 6JA,11-11-2019,3,NA,Wesley Road
25 Lime Road,NA,Eckington,S21 4EE,11-11-2019,25,NA,Lime Road
9 Birkin Avenue,New Tupton,Chesterfield,S42 6DT,25-11-2019,9,NA,Birkin Avenue
1 Aspen Road,NA,Eckington,S21 4QA,25-11-2019,1,NA,Aspen Road
34 Thirlmere Drive,NA,Dronfield,S18 2HW,25-11-2019,34,NA,Thirlmere Drive
"20 Cromford Road, Holmgate",Clay Cross,Chesterfield,S45 9RE,02-12-2019,20,NA,"Cromford Road, Holmgate"
72 Alma Road,North Wingfield,Chesterfield,S42 5PY,25-11-2019,72,NA,Alma Road
46 Dark Lane,North Wingfield,Chesterfield,S42 5NH,16-12-2019,46,NA,Dark Lane
200 Ash Crescent,NA,Eckington,S21 4AF,16-12-2019,200,NA,Ash Crescent
1 Springfield Road,Holmewood,Chesterfield,S42 5SP,16-12-2019,1,NA,Springfield Road
5 Springfield Road,Holmewood,Chesterfield,S42 5SP,06-01-2020,5,NA,Springfield Road
39 Ash Crescent,NA,Eckington,S21 4AB,06-01-2019,39,NA,Ash Crescent
88 Heath Road,Holmewood,Chesterfield,S42 5SH,20-01-2020,88,NA,Heath Road
98 New Street,North Wingfield,Chesterfield,S42 5JW,20-01-2020,98,NA,New Street
1 Tennyson Street,Stretton,Alfreton,DE55 6GL,20-01-2020,1,NA,Tennyson Street
22 Bestwood Park,Clay Cross,Chesterfield,S45 9LD,27-01-2020,22,NA,Bestwood Park
233 Sheffield Road,Unstone,Dronfield,S18 4DA,27-01-2020,233,NA,Sheffield Road
9 Lime Tree Grove,"Danesmoor, Clay Cross",Chesterfield,S45 9SH,03-02-2020,9,NA,Lime Tree Grove
25 Baker Drive,NA,Killamarsh,S21 1HD,03-02-2020,25,NA,Baker Drive
104 Heath Road,Holmewood,Chesterfield,S42 5SH,10-02-2020,104,NA,Heath Road
105 Church Lane,Calow,Chesterfield,S44 5AL,17-02-2020,105,NA,Church Lane
18 Coronation Street,Wessington,Alfreton,DE55 6DX,24-02-2020,18,NA,Coronation Street
"9 Coupe Lane, Holmgate",Clay Cross,Chesterfield,S45 9QJ,02-03-2020,9,NA,"Coupe Lane, Holmgate"
5 Thirlmere Drive,NA,Dronfield,S18 2HW,02-03-2020,5,NA,Thirlmere Drive
16 North Crescent,NA,Killamarsh,S21 2DD,02-03-2020,16,NA,North Crescent
63 North Crescent,Marsh Lane,Eckington,S21 5RW,02-03-2020,63,NA,North Crescent
6 South Close,Unstone,Dronfield,S18 4DT,09-03-2020,6,NA,South Close
8 Springwood Street,Temple Normanton,Chesterfield,S42 5DN,09-03-2020,8,NA,Springwood Street
3 Holymoor Road,Holymoorside,Chesterfield,S42 7EB,23-03-2020,3,NA,Holymoor Road
20 Vicarage Close,Holmesfield,Dronfield,S18 7WZ,16-03-2020,20,NA,Vicarage Close
25 Beech Crescent,NA,Eckington,S21 4AP,16-03-2020,25,NA,Beech Crescent
32 Station New Road,Tupton,Chesterfield,S42 6DB,30-03-2020,32,NA,Station New Road
29 North Street,"Holmgate, Clay Cross",Chesterfield,S45 9PJ,30-03-2020,29,NA,North Street
138 Ash Crescent,NA,Eckington,S21 4AF,30-03-2020,138,NA,Ash Crescent
16 Manvers Road,Calow,Chesterfield,S44 5UA,06-04-2020,16,NA,Manvers Road
13 Oakdale Close,"Danesmoor, Clay Cross",Chesterfield,S45 9RY,06-04-2020,13,NA,Oakdale Close
63 Springvale Road,"Danesmoor, Clay Cross",Chesterfield,S45 9SB,06-04-2020,63,NA,Springvale Road
80 Northside,Tupton,Chesterfield,S42 6BW,14-04-2020,80,NA,Northside
17 Hambleton Avenue,North Wingfield,Chesterfield,S42 5LS,27-04-2020,17,NA,Hambleton Avenue
15 Sheepcote Road,NA,Killamarsh,S21 1DU,27-04-2020,15,NA,Sheepcote Road
6 Church Street,Calow,Chesterfield,S44 5AQ,04-05-2020,6,NA,Church Street
25 Beech Crescent,NA,Killamarsh,S21 1AE,11-05-2020,25,NA,Beech Crescent
1 Holbrook Way,North Wingfield,Chesterfield,S42 5PE,18-05-2020,1,NA,Holbrook Way
41 Ash Crescent,NA,Eckington,S21 4AB,18-05-2020,41,NA,Ash Crescent
17 Rye Crescent,Clay Cross,Chesterfield,S45 9HJ,01-06-2020,17,NA,Rye Crescent
33 Warren Crescent,Marsh Lane,Eckington,S21 5RW,01-06-2020,33,NA,Warren Crescent
5 Bracken Avenue,Heath,Chesterfield,S44 5RB,08-06-2020,5,NA,Bracken Avenue
90 Meadow Road,"Holmgate, Clay Cross",Chesterfield,S45 9QN,08-06-2020,90,NA,Meadow Road
84 Fletcher Avenue,NA,Dronfield,S18 1RX,15-06-2020,84,NA,Fletcher Avenue
7 Castle View,NA,Eckington,S21 4AZ,22-06-2020,7,NA,Castle View
5 Riley Avenue,Wessington,Alfreton,DE55 6DT,06-07-2020,5,NA,Riley Avenue
12 Valley View Close,NA,Eckington,S21 4HD,06-07-2020,12,NA,Valley View Close
11 Church Street,Calow,Chesterfield,S44 5AQ,13-07-2020,11,NA,Church Street
37 Ash Crescent,NA,Eckington,S21 4AB,20-07-2020,37,NA,Ash Crescent
1 Loundes Road,Unstone,Dronfield,S18 4DE,20-07-2020,1,NA,Loundes Road
12 Northside,Tupton,Chesterfield,S42 6BW,20-07-2020,12,NA,Northside
99 Carrwood Road,Renishaw,Eckington,S21 3UF,27-07-2020,99,NA,Carrwood Road
27 Sherwood Street,Mickley,Alfreton,DE55 6GA,03-08-2020,27,NA,Sherwood Street
19 Statham Avenue,Tupton,Chesterfield,S42 6YE,03-08-2020,19,NA,Statham Avenue
32 Queen Street,Clay Cross,Chesterfield,S45 9EQ,10-08-2020,32,NA,Queen Street
13 Mill Lane,Grassmoor,Chesterfield,S42 5AA,10-08-2020,13,NA,Mill Lane
10 Pinfold Close,Holymoorside,Chesterfield,S42 7DY,17-08-2020,10,NA,Pinfold Close
33 Burnside Avenue,Shirland,Alfreton,DE55 6AE,17-08-2020,33,NA,Burnside Avenue
2 Stoneholes Drive,"Danesmoor, Clay Cross",Chesterfield,S45 9SY,12-10-2020,2,NA,Stoneholes Drive
28 Wood View,Renishaw,Eckington,S21 3WH,26-10-2020,28,NA,Wood View
19 Cressbrook Avenue,North Wingfield,Chesterfield,S42 5NL,26-10-2020,19,NA,Cressbrook Avenue
30 East Street,Renishaw,Eckington,S21 3UJ,26-10-2020,30,NA,East Street
14 Darcy Road,NA,Eckington,S21 4BP,09-11-2020,14,NA,Darcy Road
25 Cherry Tree Drive,NA,Killamarsh,S21 1AT,09-11-2020,25,NA,Cherry Tree Drive
"53 Adlington Avenue,",Wingerworth,Chesterfield,S42 6NQ,23-11-2020,53,NA,"Adlington Avenue,"
11 Parker Avenue,Calow,Chesterfield,S44 5AX,23-11-2020,11,NA,Parker Avenue
26 Sales Avenue,Tupton,Chesterfield,S42 6YG,30-11-2020,26,NA,Sales Avenue
66 Rectory Road,NA,Killamarsh,S21 1DQ,07-12-2020,66,NA,Rectory Road
75 Osmund Road,NA,Eckington,S21 4ES,14-12-2020,75,NA,Osmund Road
28 The Wynd,Renishaw,Eckington,S21 3WL,21-12-2020,28,NA,The Wynd
89 Stonelow Road,NA,Dronfield,S18 2EP,21-12-2020,89,NA,Stonelow Road
1 Valley Drive,NA,Killamarsh,S21 1GZ,21-12-2020,1,NA,Valley Drive
93 North Street,Clay Cross,Chesterfield,S45 9PU,21-12-2020,93,NA,North Street
"39, Springvale Road","Danesmoor, Clay Cross",Chesterfield,S45 9SB,18-01-2021,39,NA,", Springvale Road"
"36, Circular Drive",Renishaw,Eckington,S21 3UH,18-01-2021,36,NA,", Circular Drive"
12 North Close,Unstone,Dronfield,S18 4DX,25-01-2021,12,NA,North Close
10 Shafton Close,Clay Cross,Chesterfield,S45 9NN,08-02-2021,10,NA,Shafton Close
5 Shelley Grove,Stonebroom,Alfreton,DE55 6HY,08-02-2021,5,NA,Shelley Grove
2 Lime Road,NA,Eckington,S21 4EE,08-02-2021,2,NA,Lime Road
90 Cemetery Road,Clay Cross,Chesterfield,S45 9SJ,08-02-2021,90,NA,Cemetery Road
3 Smithy Croft,Dronfield Woodhouse,Dronfield,S18 8YB,08-02-2021,3,NA,Smithy Croft
13 Broom Avenue,Pilsley,Chesterfield,S45 8HP,08-02-2021,13,NA,Broom Avenue
138 Alma Road,North Wingfield,Chesterfield,S42 5PY,08-02-2021,138,NA,Alma Road
39 Hallgate Lane,Pilsley,Chesterfield,S45 8HN,15-02-2021,39,NA,Hallgate Lane
40 Rotherham Road,NA,Killamarsh,S21 2DS,15-02-2021,40,NA,Rotherham Road
1 Whitemore Avenue,Grassmoor,Chesterfield,S42 5AE,22-02-2021,1,NA,Whitemore Avenue
50 Station New Road,Old Tupton,Chesterfield,S42 6DB,22-02-2021,50,NA,Station New Road
5 Hawley Street,Apperknowle,NA,S18 4AY,22-02-2021,5,NA,Hawley Street
24 Warren Crescent,Marsh Lane,Eckington,S21 5RW,22-02-2021,24,NA,Warren Crescent
19 Norburn Drive,NA,Killamarsh,S21 1DB,22-02-2021,19,NA,Norburn Drive
12 Bracken Avenue,Heath,Chesterfield,S44 5RD,01-03-2021,12,NA,Bracken Avenue
18 Queensway,Pilsley,Chesterfield,S45 8EJ,01-03-2021,18,NA,Queensway
20 Warren Crescent,Marsh Lane,Eckington,S21 5RW,08-03-2021,20,NA,Warren Crescent
34 Cleveland Way,Stonebroom,Alfreton,DE55 6JF,08-03-2021,34,NA,Cleveland Way
1 Shireoaks Road,NA,Dronfield,S18 2EU,12-04-2021,1,NA,Shireoaks Road
52 Cecil Road,NA,Dronfield,S18 2GU,12-04-2021,52,NA,Cecil Road
10 Central Drive,Calow,Chesterfield,S44 5BA,12-04-2021,10,NA,Central Drive
4 Elm Road,NA,Eckington,S21 4BU,12-04-2021,4,NA,Elm Road
33 Springfield Road,Barlow,Dronfield,S18 7SQ,19-04-2021,33,NA,Springfield Road
4 Whittington Lane,Unstone,Dronfield,S18 4DQ,19-04-2021,4,NA,Whittington Lane
61 Kingsley Crescent,Stonebroom,Alfreton,DE55 6HW,26-04-2021,61,NA,Kingsley Crescent
14 Norburn Drive,NA,Killamarsh,S21 1DB,10-05-2021,14,NA,Norburn Drive
8 Dumbleton Road,NA,Killamarsh,S21 1AX,10-05-2002,8,NA,Dumbleton Road
15 Mathers Way,Tupton,Chesterfield,S42 6EX,10-05-2021,15,NA,Mathers Way
19 Springfield Road,Barlow,Dronfield,S18 7SZ,10-05-2021,19,NA,Springfield Road
118 Heath Road,Holmewood,Chesterfield,S42 5SH,17-05-2021,118,NA,Heath Road
119 Wingfield Road,Tupton,Chesterfield,S42 6XZ,17-05-2021,119,NA,Wingfield Road
4 Meynell Road,NA,Killamarsh,S21 1HG,24-05-2021,4,NA,Meynell Road
40 Loundes Road,Unstone,Dronfield,S18 4DE,24-05-2021,40,NA,Loundes Road
142 Stonelow Road,NA,Dronfield,S18 2EP,24-05-2021,142,NA,Stonelow Road
5 Holymoor Road,Holymoorside,Chesterfield,S42 6NG,24-05-2021,5,NA,Holymoor Road
24 Pear Tree Road,Pilsley,Chesterfield,S42 8HU,07-06-2021,24,NA,Pear Tree Road
28 Priestly Avenue,Mickley,Alfreton,DE55 6GX,07-06-2021,28,NA,Priestly Avenue
25 North Street,Clay Cross,Chesterfield,S45 9PJ,12-07-2021,25,NA,North Street
15 Rotherham Road,NA,Killamarsh,S21 2DR,19-07-2021,15,NA,Rotherham Road
76 Shakespeare Street,Holmewood,Chesterfield,S42 5TP,19-07-2021,76,NA,Shakespeare Street
31 Shireoakes Road,NA,Dronfield,S18 2EU,19-07-2021,31,NA,Shireoakes Road
24 Masefield Avenue,Holmewood,Chesterfield,S42 5TL,26-07-2021,24,NA,Masefield Avenue
47 Gallery Lane,Holymoorside,Chesterfield,S42 7ER,26-07-2021,47,NA,Gallery Lane
80 Ash Crescent,NA,Eckington,S21 4AE,26-07-2021,80,NA,Ash Crescent
136 Snape Hill Crescent,NA,Dronfield,S18 2DR,26-07-2021,136,NA,Snape Hill Crescent
50 Mill Lane,Grassmoor,Chesterfield,S42 5AB,02-08-2021,50,NA,Mill Lane
45 Bunyan Crescent,Stonebroom,Alfreton,DE55 6JH,02-08-2021,45,NA,Bunyan Crescent
16 Wesley Road,Stonebroom,Alfreton,DE55 6JA,16-08-2021,16,NA,Wesley Road
22 Heather Avenue,Heath,Chesterfield,S44 5RF,16-08-2021,22,NA,Heather Avenue
52 Delves Road,NA,Killamarsh,S21 1AW,23-08-2021,52,NA,Delves Road
8 Birkin Avenue,Tupton,Chesterfield,S42 6DT,23-08-2021,8,NA,Birkin Avenue
11 Shireoaks Road,NA,Dronfield,S18 2EU,23-08-2021,11,NA,Shireoaks Road
21 Woodside View,Holmesfield,Dronfield,S18 7WX,06-09-2021,21,NA,Woodside View
23 Lansbury Avenue,Pilsley,Chesterfield,S45 8EH,13-09-2021,23,NA,Lansbury Avenue
35 Bracken Avenue,Heath,Chesterfield,S44 5RB,27-09-2021,35,NA,Bracken Avenue
18 North Road,Calow,Chesterfield,S44 5BD,27-09-2021,18,NA,North Road
21 Dunshill Walk,Clay Cross,Chesterfield,S45 9LP,11-10-2021,21,NA,Dunshill Walk
1 Ridge Road,Marsh Lane,Eckington,S21 5RQ,18-10-2021,1,NA,Ridge Road
33 Redfern Road,Tupton,Chesterfield,S42 6YQ,18-10-2021,33,NA,Redfern Road
71 Snape Hill Crescent,NA,Dronfield,S18 2GR,25-10-2021,71,NA,Snape Hill Crescent
18 Birking Lane,Grassmoor,Chesterfield,S42 5HB,08-11-2021,18,NA,Birking Lane
16 Allpits Orad,Calow,Chesterfield,S44 5AT,15-11-2021,16,NA,Allpits Orad
63 Lansbury Road,NA,Eckington,S21 4EA,22-11-2021,63,NA,Lansbury Road
3 Osmund Court,NA,Eckington,S21 4ET,29-11-2021,3,NA,Osmund Court
42 Stonelow Green,NA,Dronfield,S18 2ET,06-12-2021,42,NA,Stonelow Green
23 Tennyson Way,Grassmoor,Chesterfield,S42 5BA,06-12-2021,23,NA,Tennyson Way
21 Grange Walk,Grassmoor,Chesterfield,S42 5AL,06-12-2021,21,NA,Grange Walk
84 Castle Hill,NA,Eckington,S21 4AY,13-12-2021,84,NA,Castle Hill
56 Shakespeare Street,Holmewood,Chesterfield,S42 5TP,20-12-2021,56,NA,Shakespeare Street
5 Mill Crescent,Wingerworth,Chesterfield,S42 6NN,20-12-2021,5,NA,Mill Crescent
24 Cherry Tree Drive,NA,Killamarsh,S21 1AR,20-12-2021,24,NA,Cherry Tree Drive
8 Rotherwood Road,NA,Killamarsh,S21 2ST,20-12-2021,8,NA,Rotherwood Road
1 Elm Road,NA,Eckington,S21 4BU,20-12-2021,1,NA,Elm Road
38 New Street,Grassmoor,Chesterfield,S42 5EE,20-12-2021,38,NA,New Street
39 Rock Crescent,"Holmgate, Clay Cross",Chesterfield,S45 9QT,20-12-2021,39,NA,Rock Crescent
15 Ladybank View,NA,Eckington,S21 4DZ,10-01-2022,15,NA,Ladybank View
59 Snapehill Crescent,NA,Dronfield,S18 2GR,24-01-2022,59,NA,Snapehill Crescent
32 Broom Avenue,Pilsley,Chesterfield,S45 8HS,24-01-2022,32,NA,Broom Avenue
60 Kingsley Crescent,Stonebroom,Alfreton,DE55 6HW,24-01-2022,60,NA,Kingsley Crescent
32 Fairview Road,NA,Dronfield,S18 2HG,31-01-2022,32,NA,Fairview Road
12 Garden Avenue,Renishaw,Eckington,S21 3UP,31-01-2022,12,NA,Garden Avenue
"1 Queen Street,",Clay Cross,Chesterfield,S45 9EQ,31-01-2022,1,NA,"Queen Street,"
14 Chandos Crescent,NA,Killamarsh,S21 1AP,07-02-2022,14,NA,Chandos Crescent
5 Bestwood Park,Clay Cross,Chesterfield,S45 9LD,14-02-2022,5,NA,Bestwood Park
9 Cowsell Drive,"Danesmoor, Clay Cross",Chesterfield,S45 9SX,14-02-2022,9,NA,Cowsell Drive
74 Holmley Lane,NA,Dronfield,S18 2HS,21-02-2022,74,NA,Holmley Lane
6 Cavendish Close,Holmewood,Chesterfield,S42 5SB,21-02-2022,6,NA,Cavendish Close
18 Elm Tree Avenue,Shirland,Alfreton,DE55 6AF,28-02-2022,18,NA,Elm Tree Avenue
42 Rectory Road,NA,Killamarsh,S21 1DQ,07-03-2022,42,NA,Rectory Road
239 Sheffield Road,Unstone,Dronfield,S21 4DA,07-03-2022,239,NA,Sheffield Road
53 Bestwood Park,Clay Cross,Chesterfield,S45 9LB,07-03-2022,53,NA,Bestwood Park
100 Heath Road,Holmewood,Chesterfield,S42 5SH,14-03-2022,100,NA,Heath Road
32 Northside,Tupton,Chesterfield,S42 6BW,21-03-2022,32,NA,Northside
114 Kingsley Crescent,Stonebroom,Alfreton,DE55 6HZ,21-03-2022,114,NA,Kingsley Crescent
33 Ducksett Lane,NA,Eckington,SWQ 4BS,28-03-2022,33,NA,Ducksett Lane
176 Birkinstyle Lane,Stonebroom,Alfreton,DE55 6LD,28-03-2022,176,NA,Birkinstyle Lane
7 Brook Street,Clay Cross,Chesterfield,S45 9QZ,25-04-2022,7,NA,Brook Street
12 Broom Drive,Grassmoor,Chesterfield,S42 5AP,25-04-2022,12,NA,Broom Drive
16 Hardhurst Road,Unstone,Dronfield,S18 4DS,03-05-2022,16,NA,Hardhurst Road
7 Greendale Court,NA,Dronfield,S18 2FU,09-05-2022,7,NA,Greendale Court
9 Rotherwood Road,NA,Killamarsh,S21 2DT,09-05-2022,9,NA,Rotherwood Road
104 Kingsley Crescent,Stonebroom,Alfreton,DE55 6HZ,16-05-2022,104,NA,Kingsley Crescent
51 Meadow Road,"Holmgate, Clay Cross",Chesterfield,S45 9QN,16-05-2022,51,NA,Meadow Road
86 The Wynd,Renishaw,Eckington,S21 3WL,16-05-2022,86,NA,The Wynd
22 Woodside Avenue,NA,Killamarsh,S21 2EX,23-05-2022,22,NA,Woodside Avenue
16 Vernon Rise,Grassmoor,Chesterfield,S42 5HD,30-05-2022,16,NA,Vernon Rise
17 Morningtn Road,Holmewood,Chesterfield,S42 5SU,20-06-2022,17,NA,Morningtn Road
8 Lawrence Avenue,Holmewood,Chesterfield,S42 5TS,27-06-2022,8,NA,Lawrence Avenue
57 Statham Avenue,New Tupton,Chesterfield,S42 6YE,28-06-2022,57,NA,Statham Avenue
54 Beech Crescent,NA,Eckington,S21 4AQ,11-07-2022,54,NA,Beech Crescent
18 Mary Street,NA,Eckington,S21 4EN,08-08-2022,18,NA,Mary Street
23 Robertsons Avenue,Duckmanton,Chesterfield,S44 5JR,15-08-2022,23,NA,Robertsons Avenue
11 Lime Tree Grove,Clay Cross,Chesterfield,S45 9SH,15-08-2022,11,NA,Lime Tree Grove
42 Queen Street,Pilsley,Chesterfield,S45 8HA,15-08-2022,42,NA,Queen Street
6 Orchard Square,Dronfield Woodhouse,Dronfield,S18 8XT,15-08-2022,6,NA,Orchard Square
27 Beech Crescent,NA,Eckington,S21 4AP,22-08-2022,27,NA,Beech Crescent
109 Castle Hill,NA,Eckington,S21 4AX,22-08-2022,109,NA,Castle Hill
12 Birches Fold,Coal Aston,Dronfield,S18 3AG,12-09-2022,12,NA,Birches Fold
8 Meadow Road,"Holmgate, Clay Cross",Chesterfield,S45 9QR,17-10-2022,8,NA,Meadow Road
30 North Street,Clay Cross,Chesterfield,S45 9PL,17-10-2022,30,NA,North Street
100 Circular Drive,Renishaw,Eckington,S21 3UH,31-10-2022,100,NA,Circular Drive
10 New Street,Grassmoor,Chesterfield,S42 5EE,07-11-2022,10,NA,New Street
3 Cleveland Road,Stonebroom,Alfreton,DE55 6JF,14-11-2022,3,NA,Cleveland Road
18 Searston Avenue,Holmewood,Chesterfield,S42 5QY,21-11-2022,18,NA,Searston Avenue
202 Birkinstyle Lane,Stonebroom,Alfreton,DE55 6LD,28-11-2022,202,NA,Birkinstyle Lane
32 Fletcher Avenue,NA,Dronfield,S18 1RX,28-11-2022,32,NA,Fletcher Avenue
5 Tennyson Street,Mickley,Alfreton,DE55 6GJ,12-12-2022,5,NA,Tennyson Street
17 Circular Drive,Renishaw,Eckington,S21 3UG,12-12-2022,17,NA,Circular Drive
77 Castle Hill,NA,Eckington,S21 4AX,19-12-2022,77,NA,Castle Hill
59 Shakespeare Street,Grassmoor,Chesterfield,S42 5AY,19-12-2022,59,NA,Shakespeare Street
9 Elm Street,Temple Normanton,Chesterfield,S42 5DW,16-01-2023,9,NA,Elm Street
16 Stoneholes Drive,"Danesmoor, Clay Cross",Chesterfield,S45 9SY,16-01-2023,16,NA,Stoneholes Drive
17 Manvers Road,Calow,Chesterfield,S44 5UA,23-01-2023,17,NA,Manvers Road
29 Statham Road,Tupton,Chesterfield,S42 6YE,23-01-2023,29,NA,Statham Road
79 Lansbury Road,NA,Eckington,S21 4EA,23-01-2023,79,NA,Lansbury Road
