address,property_type,num_bedrooms,date_valuation,valuation,discount,sale_value,date,house_number,house_number2,postcode,town,street_name,street_number
"38 Joyce Road, Bungay",House,3,08-04-2003,NA,NA,51000,17-11-2003,38,NA,NA,Bungay,Joyce Road,38 Joyce Road
"6 Windsor Road, Reydon",House,3,08-04-2003,NA,NA,41000,25-09-2003,6,NA,NA,Reydon,Windsor Road,6 Windsor Road
"30 Northgate, Lowestoft",House,3,22-04-2003,NA,NA,48000,28-11-2003,30,NA,NA,Lowestoft,Northgate,30 Northgate
"42 Haward St, Lowestoft",House,3,29-04-2003,NA,NA,42000,28-11-2003,42,NA,NA,Lowestoft,Haward Street,42 Haward Street
"63 Spashett Road, Lowestoft",House,3,29-04-2003,NA,NA,44000,08-03-2004,63,NA,NA,Lowestoft,Spashett Road,63 Spashett Road
"41 Southfield Gardens, Lowestoft",House,3,15-05-2003,NA,NA,38880,24-11-2003,41,NA,NA,Lowestoft,Southfield Gardens,41 Southfield Gardens
"1 Grice Close, Kessingland",House,3,20-05-2003,NA,NA,38000,11-11-2003,1,NA,NA,Kessingland,Grice Close,1 Grice Close
"32 Bedingfield Crescent, Halesworth",Bungalow,2,20-05-2003,NA,NA,73000,22-12-2003,32,NA,NA,Halesworth,Bedingfield Crescent,32 Bedingfield Crescent
"38 Tedder Road, Lowestoft",House,3,29-05-2003,NA,NA,53040,15-03-2004,38,NA,NA,Lowestoft,Tedder Road,38 Tedder Road
"10 Frostenden Crescent, Lowestoft",House,3,29-05-2003,NA,NA,44460,22-12-2003,10,NA,NA,Lowestoft,Frostenden Crescent,10 Frostenden Crescent
"25 Peddars Way, Lowestoft",House,3,28-05-2003,NA,NA,61000,02-02-2004,25,NA,NA,Lowestoft,Peddars Way,25 Peddars Way
"17 Silverley, Redisham",Bungalow,2,28-05-2003,NA,NA,46000,02-02-2004,17,NA,NA,Redisham,Silverley,17 Silverley
"57 Ellough Road, Beccles",House,3,28-05-2003,NA,NA,48750,06-04-2004,57,NA,NA,Beccles,Ellough Road,57 Ellough Road
"21 Northgate, Lowestoft",House,3,12-06-2003,NA,NA,45000,08-10-2003,21,NA,NA,Lowestoft,Northgate,21 Northgate
"28 Princes Road, Bungay",House,3,12-06-2003,NA,NA,54250,14-11-2003,28,NA,NA,Bungay,Princes Road,28 Princes Road
"10 Montgomery Ave, Lowestoft",House,2,12-06-2003,NA,NA,43470,01-12-2003,10,NA,NA,Lowestoft,Montgomery Avenue,10 Montgomery Avenue
"6 Halcyon Crescent, Lowestoft",House,3,16-06-2003,NA,NA,41250,23-02-2004,6,NA,NA,Lowestoft,Halcyon Crescent,6 Halcyon Crescent
"99 Avondale Road, Lowestoft",House,3,18-06-2003,NA,NA,48500,23-02-2004,99,NA,NA,Lowestoft,Avondale Road,99 Avondale Road
"23 Greenfield Road, Lowestoft",House,3,30-06-2003,NA,NA,39150,12-01-2004,23,NA,NA,Lowestoft,Greenfield Road,23 Greenfield Road
"2 Springfield Gardens, Lowestoft",House,2,03-07-2003,NA,NA,51000,10-05-2004,2,NA,NA,Lowestoft,Springfield Gardens,2 Springfield Gardens
"45 Northgate, Lowestoft",House,3,03-07-2003,NA,NA,50000,20-02-2004,45,NA,NA,Lowestoft,Northgate,45 Northgate
"4 Banham Road, Beccles",House,2,17-07-2003,NA,NA,56000,15-03-2004,4,NA,NA,Beccles,Banham Road,4 Banham Road
"15 Telisha Court, Lowestoft",House,3,15-07-2003,NA,NA,45000,09-03-2004,15,NA,NA,Lowestoft,Telisha Court,15 Telisha Court
"6 Churchill Road, Halesworth",House,3,15-07-2003,NA,NA,51000,15-12-2003,6,NA,NA,Halesworth,Churchill Road,6 Churchill Road
"128 Spashett Road, Lowestoft",House,3,17-07-2003,NA,NA,38000,02-02-2004,128,NA,NA,Lowestoft,Spashett Road,128 Spashett Road
"11 Windsor Terrace, Kessingland",House,3,17-07-2003,NA,NA,36000,05-03-2004,11,NA,NA,Kessingland,Windsor Terrace,11 Windsor Terrace
"16 Burnham Way, Lowestoft",Flat,1,25-09-2003,NA,NA,28500,03-11-2004,16,NA,NA,Lowestoft,Burnham Way,16 Burnham Way
"13 Myloden Road, Lowestoft",House,2,10-10-2003,NA,NA,45880,15-06-2004,13,NA,NA,Lowestoft,Myloden Road,13 Myloden Road
"69 Ellough Road, Beccles",House,3,02-08-2003,NA,NA,49600,16-02-2004,69,NA,NA,Beccles,Ellough Road,69 Ellough Road
"35 Mylodon Road, Lowestoft",Bungalow,2,28-08-2003,NA,NA,56070,02-02-2004,35,NA,NA,Lowestoft,Mylodon Road,35 Mylodon Road
"1 Garden Close, Bungay",House,3,12-09-2003,NA,NA,56000,05-03-2004,1,NA,NA,Bungay,Garden Close,1 Garden Close
"1 Europa Road, Lowestoft",House,3,19-09-2003,NA,NA,49000,06-02-2004,1,NA,NA,Lowestoft,Europa Road,1 Europa Road
"29 Normandy Road, Lowestoft",House,3,02-10-2003,NA,NA,47880,16-04-2004,29,NA,NA,Lowestoft,Normandy Road,29 Normandy Road
"89 Rigbourne Hill, Beccles",House,3,08-10-2003,NA,NA,51000,16-08-2004,89,NA,NA,Beccles,Rigbourne Hill,89 Rigbourne Hill
"40A Orchard Valley, Beccles",House,3,07-11-2003,NA,NA,56000,10-05-2004,40a,NA,NA,Beccles,Orchard Valley,40a Orchard Valley
"54 Orchard Valley, Beccles",House,3,07-11-2003,NA,NA,23000,25-10-2004,54,NA,NA,Beccles,Orchard Valley,54 Orchard Valley
"1 Viburnum Green, Lowestoft",House,3,16-10-2003,NA,NA,49200,15-03-2004,1,NA,NA,Lowestoft,Viburnum Green,1 Viburnum Green
"9 Eastwood Avenue, Lowestoft",House,2,02-03-2004,NA,NA,59000,30-08-2004,9,NA,NA,Lowestoft,Eastwood Avenue,9 Eastwood Avenue
"5 Evergreen Road, Lowestoft",Flat,1,16-10-2003,NA,NA,45976.62,02-02-2004,5,NA,NA,Lowestoft,Evergreen Road,5 Evergreen Road
"Flat 3 12 Earsham St, Bungay",Flat,1,21-11-2003,NA,NA,35000,30-04-2004,NA,NA,NA,Bungay,Flat 3 12 Earsham Street,Flat 3 12 Earsham Street
"82 Hawthorn Ave, Lowestoft",House,3,21-10-2003,NA,NA,52659.43,27-01-2004,82,NA,NA,Lowestoft,Hawthorn Avenue,82 Hawthorn Avenue
"67 Orchard Valley, Holton",House,3,24-10-2003,NA,NA,20500,03-12-2004,67,NA,NA,Holton,Orchard Valley,67 Orchard Valley
"36 Kirkley Gardens, Lowestoft",House,3,24-10-2003,NA,NA,54560,26-04-2004,36,NA,NA,Lowestoft,Kirkley Gardens,36 Kirkley Gardens
"6 Uggeshall Close, Lowestoft",House,3,21-11-2003,NA,NA,50000,08-03-2004,6,NA,NA,Lowestoft,Uggeshall Close,6 Uggeshall Close
"31 Love Road, Lowestoft",House,3,16-01-2004,NA,NA,49500,29-03-2004,31,NA,NA,Lowestoft,Love Road,31 Love Road
"3 Dukes Road, Bungay",House,2,06-01-2004,NA,NA,49000,07-09-2004,3,NA,NA,Bungay,Dukes Road,3 Dukes Road
"18A Osbourne Street, Lowestoft",Flat,1,21-01-2004,NA,NA,24960,19-08-2004,18a,NA,NA,Lowestoft,Osbourne Street,18a Osbourne Street
"20 Britten Road, Lowestoft",House,2,21-01-2004,NA,NA,52920,18-06-2004,20,NA,NA,Lowestoft,Britten Road,20 Britten Road
"20 North Road, Southwold",House,2,16-01-2004,NA,NA,91000,15-11-2004,20,NA,NA,Southwold,North Road,20 North Road
"1 Spinney Close, Beccles",House,3,11-02-2004,NA,NA,65613.43,11-07-2005,1,NA,NA,Beccles,Spinney Close,1 Spinney Close
"8 Hawthorn Avenue, Lowestoft",House,3,16-01-2004,NA,NA,42000,27-09-2004,8,NA,NA,Lowestoft,Hawthorn Avenue,8 Hawthorn Avenue
"16 Ellough Road, Beccles",House,3,03-02-2004,NA,NA,51000,20-09-2004,16,NA,NA,Beccles,Ellough Road,16 Ellough Road
"27 Mimosa Walk, Lowestoft",House,3,03-02-2004,NA,NA,59000,28-06-2004,27,NA,NA,Lowestoft,Mimosa Walk,27 Mimosa Walk
"12 Colman Road, Corton",House,3,08-02-2004,NA,NA,49000,08-09-2004,12,NA,NA,Corton,Colman Road,12 Colman Road
"10 Churchill Close, Lowestoft",House,2,11-02-2004,NA,NA,48800,29-11-2004,10,NA,NA,Lowestoft,Churchill Close,10 Churchill Close
"25 Harris Avenue, Lowestoft",House,2,11-02-2004,NA,NA,46483.72,06-10-2004,25,NA,NA,Lowestoft,Harris Avenue,25 Harris Avenue
"3 Frostenden Crescent, Lowestoft",House,3,16-02-2004,NA,NA,38640,02-08-2004,3,NA,NA,Lowestoft,Frostenden Crescent,3 Frostenden Crescent
"380 Long Road, Carlton Colville",House,3,16-02-2004,NA,NA,59630,31-08-2004,380,NA,NA,Carlton,Long Road Colville,380 Long Road Colville
"10 Jubilee Road, Bungay",House,3,20-02-2004,NA,NA,54000,07-09-2004,10,NA,NA,Bungay,Jubilee Road,10 Jubilee Road
"51 Tedder Road, Lowestoft",House,3,02-03-2004,NA,NA,50000,26-07-2004,51,NA,NA,Lowestoft,Tedder Road,51 Tedder Road
"4 Lakeland Drive, Lowestoft",Flat,1,10-03-2004,NA,NA,20000,18-10-2004,4,NA,NA,Lowestoft,Lakeland Drive,4 Lakeland Drive
"13 Burnham Way, Lowestoft",Flat,1,17-03-2004,NA,NA,26400,22-11-2004,13,NA,NA,Lowestoft,Burnham Way,13 Burnham Way
"17 Churchill Road, Halesworth",House,3,17-03-2004,NA,NA,51000,11-10-2004,17,NA,NA,Halesworth,Churchill Road,17 Churchill Road
"98 Rigbourne Hill, Beccles",NA,NA,31-03-2004,NA,NA,61000,20-12-2004,98,NA,NA,Beccles,Rigbourne Hill,98 Rigbourne Hill
"21 Jubilee Road, Bungay",House,3,19-04-2004,NA,NA,53397.17,02-08-2004,21,NA,NA,Bungay,Jubilee Road,21 Jubilee Road
"12 Walker Gardens, Wrentham",House,3,19-04-2004,NA,NA,53500,03-09-2004,12,NA,NA,Wrentham,Walker Gardens,12 Walker Gardens
"4 Queens Road, Lowestoft",House,3,19-04-2004,NA,NA,61000,06-09-2004,4,NA,NA,Lowestoft,Queens Road,4 Queens Road
"3 Broom Road, Lowestoft",House,3,19-04-2004,NA,NA,71000,04-10-2004,3,NA,NA,Lowestoft,Broom Road,3 Broom Road
"28 Tower Hill, Beccles",House,3,15-06-2004,NA,NA,58000,17-11-2005,28,NA,NA,Beccles,Tower Hill,28 Tower Hill
"8 Banham Road, Beccles",House,2,05-05-2004,NA,NA,56000,31-08-2004,8,NA,NA,Beccles,Banham Road,8 Banham Road
"10 Mimosa Walk, Lowestoft",House,3,02-04-2004,NA,NA,55440,17-08-2004,10,NA,NA,Lowestoft,Mimosa Walk,10 Mimosa Walk
"74 Edgerton Road, Lowestoft",House,3,18-05-2004,NA,NA,53979.39,06-09-2004,74,NA,NA,Lowestoft,Edgerton Road,74 Edgerton Road
"36 Greenfield Road, Lowestoft",House,3,13-05-2004,NA,NA,51000,01-12-2005,36,NA,NA,Lowestoft,Greenfield Road,36 Greenfield Road
"34 Newsons Meadow, Lowestoft",House,3,15-06-2004,NA,NA,67817.78,12-11-2004,34,NA,NA,Lowestoft,Newsons Meadow,34 Newsons Meadow
"87 Britten Road, Lowestoft",House,3,15-06-2004,NA,NA,56000,14-10-2004,87,NA,NA,Lowestoft,Britten Road,87 Britten Road
"4 Pinewood Ave, Lowestoft",Flat,1,15-06-2004,NA,NA,27600,05-10-2005,4,NA,NA,Lowestoft,Pinewood Avenue,4 Pinewood Avenue
"8 Lakeland Drive, Lowestoft",Flat,1,12-07-2004,NA,NA,31859.74,09-12-2004,8,NA,NA,Lowestoft,Lakeland Drive,8 Lakeland Drive
"30 Normanhurst Close, Lowestoft",Flat,2,20-05-2005,NA,NA,44000,09-01-2006,30,NA,NA,Lowestoft,Normanhurst Close,30 Normanhurst Close
"15 Ellough Road, Beccles",House,2,04-03-2005,NA,NA,58500,16-01-2006,15,NA,NA,Beccles,Ellough Road,15 Ellough Road
"12 Burnham Way, Lowestoft",Flat,1,24-08-2004,NA,NA,41000,24-05-2005,12,NA,NA,Lowestoft,Burnham Way,12 Burnham Way
"55 Kirkley Gardens, Lowestoft",House,3,24-08-2004,NA,NA,71412,07-01-2005,55,NA,NA,Lowestoft,Kirkley Gardens,55 Kirkley Gardens
"13 Hillside Way, Halesworth",House,3,09-09-2004,NA,NA,63500,06-12-2004,13,NA,NA,Halesworth,Hillside Way,13 Hillside Way
"12 Stoven Close, Lowestoft",House,3,09-09-2004,NA,NA,56000,07-02-2005,12,NA,NA,Lowestoft,Stoven Close,12 Stoven Close
"44 Nelsons Meadow, Lowestoft",House,3,09-09-2004,NA,NA,56400,18-03-2005,44,NA,NA,Lowestoft,Nelsons Meadow,44 Nelsons Meadow
"34 Borrow Close, Carlton Colville",House,3,07-09-2004,NA,NA,63766.96,04-04-2005,34,NA,NA,Carlton,Borrow Close Colville,34 Borrow Close Colville
"11 Gorse Green, Lowestoft",House,3,17-09-2004,NA,NA,60802.97,28-01-2005,11,NA,NA,Lowestoft,Gorse Green,11 Gorse Green
"41 Spruce Court, Lowestoft",Flat,1,13-10-2004,NA,NA,37800,23-05-2005,41,NA,NA,Lowestoft,Spruce Court,41 Spruce Court
"9 Tedder Road, Lowestoft",House,2,02-11-2004,NA,NA,68257.81,06-04-2005,9,NA,NA,Lowestoft,Tedder Road,9 Tedder Road
"21 Europa Road, Lowestoft",House,3,04-11-2004,NA,NA,67848.2,28-11-2005,21,NA,NA,Lowestoft,Europa Road,21 Europa Road
"28 Queens Road, Bungay",House,3,04-11-2004,NA,NA,56000,04-05-2005,28,NA,NA,Bungay,Queens Road,28 Queens Road
"3 Council Houses, Uggeshall",House,3,04-11-2004,NA,NA,66000,05-12-2005,3,NA,NA,Uggeshall,Council Houses,3 Council Houses
"24 Andrew Johnston Way, Halesworth",Bungalow,2,04-11-2004,NA,NA,55374.5,19-12-2005,24,NA,NA,Halesworth,Andrew Johnston Way,24 Andrew Johnston Way
"11 Andrew Johnston Way, Halesworth",Bungalow,2,13-01-2005,NA,NA,53500,18-08-2005,11,NA,NA,Halesworth,Andrew Johnston Way,11 Andrew Johnston Way
"20 Viburnum Green, Lowestoft",House,3,05-01-2005,NA,NA,68000,13-12-2005,20,NA,NA,Lowestoft,Viburnum Green,20 Viburnum Green
"10A Wissett Way, Lowestoft",Flat,1,03-12-2005,NA,NA,31000,07-12-2005,10a,NA,NA,Lowestoft,Wissett Way,10a Wissett Way
"26 Elliot Avenue, Reydon",House,3,10-12-2004,NA,NA,66000,04-04-2005,26,NA,NA,Reydon,Elliot Avenue,26 Elliot Avenue
"34 The Nordalls, Kessingland",House,3,07-01-2005,NA,NA,58000,01-04-2005,34,NA,NA,Kessingland,The Nordalls,34 The Nordalls
"34 Spashett Road, Lowestoft",House,3,16-02-2005,NA,NA,68000,10-07-2005,34,NA,NA,Lowestoft,Spashett Road,34 Spashett Road
"30 Harris Avenue, Lowestoft",House,2,07-01-2005,NA,NA,61200,13-06-2005,30,NA,NA,Lowestoft,Harris Avenue,30 Harris Avenue
"63 Crown St West, Lowestoft",Flat,1,13-01-2005,NA,NA,31000,30-08-2005,63,NA,NA,Lowestoft,Crown St West,63 Crown St West
"143 Rigbourne Hill, Beccles",House,3,26-01-2005,NA,NA,63000,31-05-2005,143,NA,NA,Beccles,Rigbourne Hill,143 Rigbourne Hill
"6 Woodland Avenue, Beccles",House,3,21-01-2005,NA,NA,63500,31-05-2005,6,NA,NA,Beccles,Woodland Avenue,6 Woodland Avenue
"34 Europa Road, Lowestoft",House,3,21-01-2005,NA,NA,52000,11-07-2005,34,NA,NA,Lowestoft,Europa Road,34 Europa Road
"127 Spashett Road, Lowestoft",House,3,31-08-2005,NA,NA,55180,16-01-2006,127,NA,NA,Lowestoft,Spashett Road,127 Spashett Road
"15 Europa Road, Lowestoft",House,3,28-01-2005,NA,NA,66000,04-04-2005,15,NA,NA,Lowestoft,Europa Road,15 Europa Road
"117 Rigbourne Hill, Beccles",House,4,27-01-2005,NA,NA,65960,31-10-2005,117,NA,NA,Beccles,Rigbourne Hill,117 Rigbourne Hill
"23 Hillside Road East, Bungay",House,3,10-02-2005,NA,NA,76000,13-06-2005,23,NA,NA,Bungay,Hillside Road East,23 Hillside Road East
"48 Throckmorton Road, Bungay",House,3,10-02-2005,NA,NA,77900,24-08-2005,48,NA,NA,Bungay,Throckmorton Road,48 Throckmorton Road
"74 Notley Road, Lowestof",House,3,16-02-2005,NA,NA,68000,26-10-2005,74,NA,NA,Lowestof,Notley Road,74 Notley Road
"60 Ellough Road, Beccles",House,3,10-02-2005,NA,NA,53000,18-07-2005,60,NA,NA,Beccles,Ellough Road,60 Ellough Road
"43 Kirkley Gardens, Lowestoft",House,3,25-02-2005,NA,NA,74000,02-12-2005,43,NA,NA,Lowestoft,Kirkley Gardens,43 Kirkley Gardens
"4 Churchill Road, Halesworth",House,2,04-03-2005,NA,NA,61000,30-08-2005,4,NA,NA,Halesworth,Churchill Road,4 Churchill Road
"26 Queens Road, Bungay",House,3,23-03-2005,NA,NA,56000,20-07-2005,26,NA,NA,Bungay,Queens Road,26 Queens Road
"5 St James Lane, Halesworth",House,3,31-03-2005,NA,NA,76000,24-08-2005,5,NA,NA,Halesworth,St James Lane,5 St James Lane
"16 Castle Hill, Beccles",Bungalow,2,09-11-2005,NA,NA,67000,24-01-2006,16,NA,NA,Beccles,Castle Hill,16 Castle Hill
"3 Bigod Close, Halesworth",House,3,15-04-2005,NA,NA,61000,22-11-2005,3,NA,NA,Halesworth,Bigod Close,3 Bigod Close
"3A The Hemplands, Lowestoft",Flat,3,15-04-2005,NA,NA,40880,19-12-2005,3a,NA,NA,Lowestoft,The Hemplands,3a The Hemplands
"5 Churchill Close, Lowestoft",House,2,15-04-2005,NA,NA,56000,28-11-2005,5,NA,NA,Lowestoft,Churchill Close,5 Churchill Close
"72 St Peters St, Lowestoft",Flat,2,15-04-2005,NA,NA,46000,02-11-2005,72,NA,NA,Lowestoft,St Peters Street,72 St Peters Street
"2A Bonsey Gardens, Wrentham",House,3,26-04-2005,NA,NA,76000,29-07-2005,2a,NA,NA,Wrentham,Bonsey Gardens,2a Bonsey Gardens
"46 Notley Road, Lowestoft",House,3,11-08-2005,NA,NA,59840,30-01-2006,46,NA,NA,Lowestoft,Notley Road,46 Notley Road
"23 Coney Hill, Beccles",House,3,05-05-2005,NA,NA,58500,22-08-2005,23,NA,NA,Beccles,Coney Hill,23 Coney Hill
"32 Elliot Ave, Reydon",House,3,12-07-2004,NA,NA,66000,31-01-2006,32,NA,NA,Reydon,Elliot Avenue,32 Elliot Avenue
"28 Griffith Close, Kessingland",Bungalow,2,31-08-2005,NA,NA,53500,03-02-2006,28,NA,NA,Kessingland,Griffith Close,28 Griffith Close
"10 Oakwood Road, Lowestoft",House,2,22-06-2005,NA,NA,74000,05-12-2005,10,NA,NA,Lowestoft,Oakwood Road,10 Oakwood Road
"3 Love Road, Lowestoft",House,3,22-06-2005,NA,NA,69000,24-10-2005,3,NA,NA,Lowestoft,Love Road,3 Love Road
"4 Meadow Close, Westhall",House,3,01-07-2005,NA,NA,53500,12-12-2005,4,NA,NA,Westhall,Meadow Close,4 Meadow Close
"6 Ellough Road, Beccles",House,3,21-06-2005,NA,NA,34650,10-02-2006,6,NA,NA,Beccles,Ellough Road,6 Ellough Road
"43 Harris Road, Lowestoft",House,3,31-08-2005,NA,NA,67000,13-02-2006,43,NA,NA,Lowestoft,Harris Road,43 Harris Road
"3 Myrtle Close, Lowestoft",House,3,14-10-2005,NA,NA,60520,13-02-2006,3,NA,NA,Lowestoft,Myrtle Close,3 Myrtle Close
"80 Hawthorn Ave, Lowestoft",House,3,20-07-2005,NA,NA,55000,20-12-2005,80,NA,NA,Lowestoft,Hawthorn Avenue,80 Hawthorn Avenue
"1 Moyse Ave, Reydon",House,3,20-07-2005,NA,NA,76000,05-12-2005,1,NA,NA,Reydon,Moyse Avenue,1 Moyse Avenue
"35 Bungay Road, Halesworth",Bungalow,2,20-07-2005,NA,NA,56070,20-02-2006,35,NA,NA,Halesworth,Bungay Road,35 Bungay Road
"48 Kings Road, Bungay",House,3,30-08-2005,NA,NA,53500,27-02-2006,48,NA,NA,Bungay,Kings Road,48 Kings Road
"23 Queens Road, Bungay",House,3,31-08-2005,NA,NA,76000,13-12-2005,23,NA,NA,Bungay,Queens Road,23 Queens Road
"3 Newsons Ave, Mutford",House,3,10-10-2005,NA,NA,71000,06-03-2006,3,NA,NA,Mutford,Newsons Avenue,3 Newsons Avenue
"37 Europa Road, Lowestoft",House,3,06-10-2005,NA,NA,55000,09-03-2006,37,NA,NA,Lowestoft,Europa Road,37 Europa Road
"9 Windsor Terrace, Kessingland",House,3,24-04-2005,NA,NA,66000,20-03-2006,9,NA,NA,Kessingland,Windsor Terrace,9 Windsor Terrace
"15 Fairfield Road, Oulton Broad",Bungalow,2,08-11-2005,NA,NA,83000,21-03-2006,15,NA,NA,Oulton,Fairfield Road Broad,15 Fairfield Road Broad
"4 Woodend Cottages, Stoven",House,3,27-06-2005,NA,NA,7600,03-04-2006,4,NA,NA,Stoven,Woodend Cottages,4 Woodend Cottages
18 Vicarage Lane Mettingham,House,2,12-05-2005,NA,NA,54400,24-04-2006,18,NA,NA,NA,Vicarage Lane Mettingham,18 Vicarage Lane Mettingham
"93 Castle Hill, Beccles",House,3,09-11-2005,NA,NA,66000,25-04-2006,93,NA,NA,Beccles,Castle Hill,93 Castle Hill
"2 Olive Court, Lowestoft",House,3,31-08-2005,NA,NA,76000,28-04-2006,2,NA,NA,Lowestoft,Olive Court,2 Olive Court
"29 The Avenue, Halesworth",House,3,16-07-2004,NA,NA,66865.6,15-05-2006,29,NA,NA,Halesworth,The Avenue,29 The Avenue
"34 Spexhall Way, Lowestoft",House,3,23-03-2005,NA,NA,68000,15-05-2006,34,NA,NA,Lowestoft,Spexhall Way,34 Spexhall Way
"265 St Peters St, Lowestoft",House,3,19-01-2006,NA,NA,76000,15-05-2006,265,NA,NA,Lowestoft,St Peters Street,265 St Peters Street
"92 Rotterdam Road, Lowestoft",House,4,09-11-2005,NA,NA,62400,24-05-2006,92,NA,NA,Lowestoft,Rotterdam Road,92 Rotterdam Road
"95 Fir Lane, Lowestoft",House,3,08-10-2005,NA,NA,55000,31-05-2006,95,NA,NA,Lowestoft,Fir Lane,95 Fir Lane
"17 Tower Hill, Beccles",House,3,14-10-2005,NA,NA,63500,01-06-2006,17,NA,NA,Beccles,Tower Hill,17 Tower Hill
"3 Wissett Way, Lowestoft",House,3,06-03-2006,NA,NA,68500,02-06-2006,3,NA,NA,Lowestoft,Wissett Way,3 Wissett Way
"31 Borrow Close, Carlton Colville",House,2,08-10-2005,NA,NA,49000,12-06-2006,31,NA,NA,Carlton,Borrow Close Colville,31 Borrow Close Colville
"29 Notley Road, Lowestoft",House,3,07-03-2006,NA,NA,61000,16-06-2006,29,NA,NA,Lowestoft,Notley Road,29 Notley Road
"113 Fir Lane, Lowestoft",House,3,22-02-2006,NA,NA,69000,26-06-2006,113,NA,NA,Lowestoft,Fir Lane,113 Fir Lane
"52 Banham Road, Beccles",House,3,05-12-2005,NA,NA,73750,04-07-2006,52,NA,NA,Beccles,Banham Road,52 Banham Road
"34 Yeovil Road, Lowestoft",House,3,17-01-2006,NA,NA,74000,24-07-2006,34,NA,NA,Lowestoft,Yeovil Road,34 Yeovil Road
"75A Hollingsworth Road, Lowestoft",Maisonette,3,27-03-2006,NA,NA,39150,02-08-2006,75a,NA,NA,Lowestoft,Hollingsworth Road,75a Hollingsworth Road
"101 Rigbourne Hill, Beccles",House,3,24-04-2006,NA,NA,63650,04-08-2006,101,NA,NA,Beccles,Rigbourne Hill,101 Rigbourne Hill
"17 Beechwood Gardens, Lowestoft",House,3,17-02-2006,NA,NA,72000,11-08-2006,17,NA,NA,Lowestoft,Beechwood Gardens,17 Beechwood Gardens
"7 Sir John Lemon Road, Beccles",House,2,06-04-2006,NA,NA,56000,04-09-2006,7,NA,NA,Beccles,Sir John Lemon Road,7 Sir John Lemon Road
"26 Garden Close, Bungay",House,2,13-02-2006,NA,NA,63650,18-09-2006,26,NA,NA,Bungay,Garden Close,26 Garden Close
"33 Ellough Road, Beccles",House,2,07-03-2006,NA,NA,71000,18-09-2006,33,NA,NA,Beccles,Ellough Road,33 Ellough Road
"14 Wiggs Way, Corton",House,3,09-05-2006,NA,NA,64000,26-09-2006,14,NA,NA,Corton,Wiggs Way,14 Wiggs Way
"69 Flixton Road, Bungay",House,3,07-03-2006,NA,NA,55250,02-10-2006,69,NA,NA,Bungay,Flixton Road,69 Flixton Road
"5 Fauconberg Ct, Beccles",Flat,1,15-02-2006,NA,NA,32500,10-10-2006,5,NA,NA,Beccles,Fauconberg Crescent,5 Fauconberg Crescent
"56 Lansbury Road, Halesworth",Bungalow,2,15-02-2006,NA,NA,76000,23-10-2006,56,NA,NA,Halesworth,Lansbury Road,56 Lansbury Road
"115 Rigbourne Hill, Beccles",House,3,24-04-2006,NA,NA,66000,24-10-2006,115,NA,NA,Beccles,Rigbourne Hill,115 Rigbourne Hill
"66 Banham Road, Beccles",House,2,24-04-2006,NA,NA,57600,30-10-2006,66,NA,NA,Beccles,Banham Road,66 Banham Road
"1 Mimosa Walk, Lowestoft",House,3,06-06-2006,NA,NA,71000,07-11-2006,1,NA,NA,Lowestoft,Mimosa Walk,1 Mimosa Walk
"1 Mill Cottages, Mill Road, Rumburgh",House,3,24-04-2006,NA,NA,101000,21-11-2006,1,NA,NA,Rumburgh,Mill Cottages Mill Road,1 Mill Cottages Mill Road
"45 Church St, Wangford",House,3,08-08-2006,NA,NA,76000,01-12-2006,45,NA,NA,Wangford,Church Street,45 Church Street
"1 Shoal Flats, Southwold",Flat,2,08-05-2006,NA,NA,41000,14-12-2006,1,NA,NA,Southwold,Shoal Flats,1 Shoal Flats
"15 Hillside Road East, Bungay",House,3,01-07-2006,NA,NA,76000,12-01-2007,15,NA,NA,Bungay,Hillside Road East,15 Hillside Road East
"79 Spashett Road, Lowestoft",House,3,04-08-2006,NA,NA,76000,15-01-2007,79,NA,NA,Lowestoft,Spashett Road,79 Spashett Road
"5 Magnolia Ct, Lowestoft",House,3,09-05-2006,NA,NA,71000,16-01-2007,5,NA,NA,Lowestoft,Magnolia Crescent,5 Magnolia Crescent
"12 Montgomery Ave, Lowestoft",House,3,22-05-2006,NA,NA,60000,16-01-2007,12,NA,NA,Lowestoft,Montgomery Avenue,12 Montgomery Avenue
"3 Hill Cottages, Shadingfield",House,3,07-08-2006,NA,NA,76000,22-01-2007,3,NA,NA,Shadingfield,Hill Cottages,3 Hill Cottages
"1 Larch Road, Lowestoft",House,3,18-07-2006,NA,NA,78000,29-01-2007,1,NA,NA,Lowestoft,Larch Road,1 Larch Road
"3 Mount Pleasant, Halesworth",House,3,12-10-2006,NA,NA,81000,12-02-2007,3,NA,NA,Halesworth,Mount Pleasant,3 Mount Pleasant
3 Colman Road Corton,House,3,09-01-2007,115000,NA,81000,09-04-2007,3,NA,NA,Corton,Colman Road,3 Colman Road
137 Rigbourne Hill Beccles,Flat,2,12-10-2006,NA,NA,41000,NA,137,NA,NA,Beccles,Rigbourne Hill,137 Rigbourne Hill
12 Eastwood Avenue Lowestoft,House,4,05-01-2007,85000,NA,51000,30-04-2007,12,NA,NA,Lowestoft,Eastwood Avenue,12 Eastwood Avenue
10 Marsh Lane Worlingham,House,3,10-01-2007,142000,NA,108000,30-04-2007,10,NA,NA,NA,Marsh Lane Worlingham,10 Marsh Lane Worlingham
8A Northgate,NA,NA,02-11-2007,NA,NA,60000,08-05-2007,8a,NA,NA,NA,Northgate,8a Northgate
9 Grice Close Kessingland,House,3,06-10-2006,110000,NA,76000,14-05-2007,9,NA,NA,Kessingland,Grice Close,9 Grice Close
2 Nile Court Lowestoft,Flat,2,26-10-2006,80000,NA,46000,17-12-2007,2,NA,NA,Lowestoft,Nile Court,2 Nile Court
95 Avondale Road Lowestoft,House,3,10-01-2007,115000,NA,81000,21-05-2007,95,NA,NA,Lowestoft,Avondale Road,95 Avondale Road
4 Moyse Avenue Reydon,House,3,04-12-2006,13300,NA,99000,20-08-2007,4,NA,NA,Reydon,Moyse Avenue,4 Moyse Avenue
34 Clerks Piece Beccles,Bungalow,2,16-11-2006,87000,NA,57420,04-06-2007,34,NA,NA,Beccles,Clerks Piece,34 Clerks Piece
2 Nursery Cottages Moncton Ave,House,3,19-09-2007,NA,NA,86000,11-06-2007,2,NA,NA,NA,Nursery Cottages Moncton Avenue,2 Nursery Cottages Moncton Avenue
125 Spashett Road Lowestoft,House,3,10-01-2007,105000,NA,71000,11-06-2007,125,NA,NA,Lowestoft,Spashett Road,125 Spashett Road
1 Windsor Terrace Kessingland,House,3,26-02-2007,120000,NA,86000,25-06-2007,1,NA,NA,Kessingland,Windsor Terrace,1 Windsor Terrace
10 Earsham Street Bungay,Flat,1,10-01-2007,80000,NA,46000,01-10-2007,10,NA,NA,Bungay,Earsham Street,10 Earsham Street
19 Minden Road Lowestoft,House,3,16-10-2006,118000,NA,84000,27-06-2007,19,NA,NA,Lowestoft,Minden Road,19 Minden Road
11 Montgomery Avenue,NA,NA,13-02-2006,NA,NA,61000,02-07-2007,11,NA,NA,NA,Montgomery Avenue,11 Montgomery Avenue
30 Europa Road Lowestoft,House,3,30-04-2007,110000,NA,76000,17-09-2007,30,NA,NA,Lowestoft,Europa Road,30 Europa Road
17 Northgate Lowestoft,House,4,04-04-2007,110000,NA,76000,01-10-2007,17,NA,NA,Lowestoft,Northgate,17 Northgate
56 Montgomery Avenue Lowestoft,House,3,07-06-2007,111000,NA,77000,17-09-2007,56,NA,NA,Lowestoft,Montgomery Avenue,56 Montgomery Avenue
12 Castleton Close Lowestoft,House,3,07-06-2007,110000,NA,76000,17-09-2007,12,NA,NA,Lowestoft,Castleton Close,12 Castleton Close
36 Mimosa Walk Lowestoft,House,4,19-06-2007,114000,NA,80000,05-10-2007,36,NA,NA,Lowestoft,Mimosa Walk,36 Mimosa Walk
14 Spruce Court Lowestoft,Flat,1,09-08-2007,65000,NA,31000,14-05-2008,14,NA,NA,Lowestoft,Spruce Court,14 Spruce Court
5 Eastwood Avenue Lowestoft,House,2,24-08-2007,108000,NA,74000,14-03-2008,5,NA,NA,Lowestoft,Eastwood Avenue,5 Eastwood Avenue
4 Olive Court Lowestoft,House,3,11-09-2007,114000,NA,80000,17-03-2008,4,NA,NA,Lowestoft,Olive Court,4 Olive Court
27 Wissett Way Lowestoft,House,3,02-10-2007,117000,NA,83000,28-10-2008,27,NA,NA,Lowestoft,Wissett Way,27 Wissett Way
5 Durban Close Halesworth,House,3,11-10-2007,168000,NA,134000,08-09-2008,5,NA,NA,Halesworth,Durban Close,5 Durban Close
30 Blyford Road Lowestoft,House,3,05-11-2007,119000,NA,85000,25-02-2008,30,NA,NA,Lowestoft,Blyford Road,30 Blyford Road
263 St Peters Street Lowestoft,House,4,11-11-2008,92500,NA,58500,14-01-2010,263,NA,NA,Lowestoft,St Peters Street,263 St Peters Street
10 Halcyon Crescent Lowestoft,House,3,24-11-2008,90000,NA,56000,22-05-2009,10,NA,NA,Lowestoft,Halcyon Crescent,10 Halcyon Crescent
143 Fir Lane Lowestoft,Flat,1,24-11-2008,52000,NA,18000,24-08-2009,143,NA,NA,Lowestoft,Fir Lane,143 Fir Lane
"23 Kent Road, Lowestoft",House,3,19-03-2009,95000,NA,61000,15-09-2009,23,NA,NA,Lowestoft,Kent Road,23 Kent Road
"21 Elliott Avenue, Reydon",House,4,06-07-2009,127000,NA,93000,28-05-2010,21,NA,NA,Reydon,Elliott Avenue,21 Elliott Avenue
"103 Fir Lane, Lowestoft",House,3,10-12-2009,95000,NA,61000,08-03-2010,103,NA,NA,Lowestoft,Fir Lane,103 Fir Lane
"44 Weston Road, Lowestoft",House,2,04-06-2010,92500,NA,58500,22-04-2010,44,NA,NA,Lowestoft,Weston Road,44 Weston Road
6 Francis Road Kessingland,House,3,05-01-2010,90000,NA,58500,15-10-2010,6,NA,NA,Kessingland,Francis Road,6 Francis Road
96 Notley Road Lowestoft,House,3,04-03-2010,90000,NA,56000,18-08-2010,96,NA,NA,Lowestoft,Notley Road,96 Notley Road
11 Castleton Close Lowestoft,House,2,09-06-2010,75000,NA,42000,10-12-2010,11,NA,NA,Lowestoft,Castleton Close,11 Castleton Close
"1 Springfield Gardens, Lowestoft",House,3,21-06-2010,92500,NA,58500,18-02-2011,1,NA,NA,Lowestoft,Springfield Gardens,1 Springfield Gardens
"2 Westhall Road, Lowestoft",House,3,23-07-2010,95000,34000,61000,15-07-2011,2,NA,NA,Lowestoft,Westhall Road,2 Westhall Road
"196 Hillside Road, Halesworth",House,3,12-08-2010,115000,NA,81000,18-02-2011,196,NA,NA,Halesworth,Hillside Road,196 Hillside Road
"8 Briarwood Road, Lowestoft",House,3,22-09-2010,90000,34000,56000,16-05-2011,8,NA,NA,Lowestoft,Briarwood Road,8 Briarwood Road
"21 Newsons Meadow, Lowestoft",House,2,08-10-2010,105000,NA,71000,28-06-2011,21,NA,NA,Lowestoft,Newsons Meadow,21 Newsons Meadow
"131a Fir Lane, Lowestoft",Flat,1,26-11-2010,60000,24000,36000,29-06-2011,131a,NA,NA,Lowestoft,Fir Lane,131a Fir Lane
"20 Eastwood Avenue, Lowestoft",House,4,14-12-2010,92500,34000,58500,28-07-2011,20,NA,NA,Lowestoft,Eastwood Avenue,20 Eastwood Avenue
"68 Tedder Road, Lowestoft",House,3,14-12-2010,92500,34000,58500,30-06-2011,68,NA,NA,Lowestoft,Tedder Road,68 Tedder Road
"18 Eastwood Avenue, Lowestoft",House,2,23-12-2010,82500,31350,51150,20-05-2011,18,NA,NA,Lowestoft,Eastwood Avenue,18 Eastwood Avenue
"35 Tedder Road, Lowestoft",House,3,04-04-2011,90000,NA,56000,17-11-2011,35,NA,NA,Lowestoft,Tedder Road,35 Tedder Road
45 Alexandra Road Beccles,House,3,13-04-2011,115000,34000,81000,24-11-2011,45,NA,NA,Beccles,Alexandra Road,45 Alexandra Road
"7 Greenfield Road, Lowestoft",House,3,04-05-2011,82000,34000,48000,30-09-2011,7,NA,NA,Lowestoft,Greenfield Road,7 Greenfield Road
"27 Ellough Road, Beccles",House,3,17-06-2011,105000,34000,71000,03-02-2012,27,NA,NA,Beccles,Ellough Road,27 Ellough Road
"68 St Peters Street, Lowestoft",Maisonette,2,17-06-2011,60000,33600,26400,15-11-2011,68,NA,NA,Lowestoft,St Peters Street,68 St Peters Street
"4 Spashett Road, Lowestoft",House,2,14-07-2011,90000,34000,56000,03-09-2012,4,NA,NA,Lowestoft,Spashett Road,4 Spashett Road
"23 Chapel Road, Wrentham, Beccles",House,3,27-09-2011,102500,34000,68500,03-02-2012,23,NA,NA,Beccles,Chapel Road Wrentham,23 Chapel Road Wrentham
"52 Ashley Downs, Lowestoft",House,3,13-10-2011,90000,34000,56000,08-01-2012,52,NA,NA,Lowestoft,Ashley Downs,52 Ashley Downs
"5 St Felix Rise, Flixton, Bungay",House,2,10-02-2012,120000,52800,67200,08-07-2012,5,NA,NA,Bungay,St Felix Rise Flixton,5 St Felix Rise Flixton
140 Spashett Road Lowestoft,House,3,19-04-2012,89000,39160,49840,31-07-2012,140,NA,NA,Lowestoft,Spashett Road,140 Spashett Road
"4 Napier Terrace, Grove Road, Beccles",House,3,19-04-2012,111000,54580,56420,08-01-2012,4,NA,NA,Beccles,Napier Terrace Grove Road,4 Napier Terrace Grove Road
"44 Tedder Road, Lowestoft",House,2,04-07-2012,77000,31570,45430,22-01-2013,44,NA,NA,Lowestoft,Tedder Road,44 Tedder Road
"63 Castle Hill, Beccles",House,4,04-07-2012,106000,63600,42400,02-05-2013,63,NA,NA,Beccles,Castle Hill,63 Castle Hill
"1 Council Houses, Blyford, Halesworth",House,3,31-07-2012,164000,73800,90200,16-05-2013,1,NA,NA,Halesworth,Council Houses Blyford,1 Council Houses Blyford
"69 Castle Hill, Beccles",House,3,31-07-2012,96000,33600,62400,02-01-2013,69,NA,NA,Beccles,Castle Hill,69 Castle Hill
"30 Beechwood Gardens, Lowestoft",House,3,28-08-2012,98000,39200,58800,24-05-2013,30,NA,NA,Lowestoft,Beechwood Gardens,30 Beechwood Gardens
"3 Beechwood Gardens, Lowestoft",House,3,30-10-2012,97000,58200,38800,28-03-2013,3,NA,NA,Lowestoft,Beechwood Gardens,3 Beechwood Gardens
"81 Hollingsworth Road, Lowestoft",House,3,21-11-2012,105000,48300,56700,27-01-2013,81,NA,NA,Lowestoft,Hollingsworth Road,81 Hollingsworth Road
"28 North Road, Southwold",House,3,18-02-2013,210000,75000,135000,25-10-2013,28,NA,NA,Southwold,North Road,28 North Road
"12 Goose Green West, Beccles",House,2,11-03-2013,128000,81920,46080,05-06-2014,12,NA,NA,Beccles,Goose Green West,12 Goose Green West
"20 Earth Lane, Lound, Lowestoft",Bungalow,1,20-03-2013,98000,34300,63700,25-07-2013,20,NA,NA,Lowestoft,Earth Lane Lound,20 Earth Lane Lound
"27 Westhall Road, Lowestoft",House,3,20-03-2013,91000,48230,42770,15-08-2013,27,NA,NA,Lowestoft,Westhall Road,27 Westhall Road
"51 The Street, Carlton Colville, Lowestoft",House,3,21-05-2013,127000,54610,72390,15-11-2013,51,NA,NA,Lowestoft,The Street Carlton Colville,51 The Street Carlton Colville
"1 Dukes Road, Bungay",House,3,04-06-2013,120000,51600,68400,28-11-2013,1,NA,NA,Bungay,Dukes Road,1 Dukes Road
"1 Wissett Way, Lowestoft",House,3,04-06-2013,108000,48600,59400,07-06-2014,1,NA,NA,Lowestoft,Wissett Way,1 Wissett Way
"16 Europa Road, Lowestoft",House,3,14-06-2013,96750,49342.5,47407.5,16-12-2013,16,NA,NA,Lowestoft,Europa Road,16 Europa Road
"55 Northgate, Lowestoft",House,3,30-07-2013,90000,47700,42300,05-01-2014,55,NA,NA,Lowestoft,Northgate,55 Northgate
"22 Spashett Road, Lowestoft",House,3,07-08-2013,84500,30420,54080,31-01-2014,22,NA,NA,Lowestoft,Spashett Road,22 Spashett Road
200 Hillside Road West Bungay,House,3,03-09-2013,139000,55600,83400,23-05-2014,200,NA,NA,Bungay,Hillside Road West,200 Hillside Road West
"1 Fox Hill, S Elmham St Cross, Harleston",House,3,09-09-2013,153000,75000,78000,25-02-2014,1,NA,NA,Harleston,Fox Hill S Elmham St Cross,1 Fox Hill S Elmham St Cross
"25 Elliott Ave, Reydon, Southwold",House,3,18-09-2013,149000,71520,77480,01-10-2014,25,NA,NA,Southwold,Elliott Ave Reydon,25 Elliott Ave Reydon
"22 Springfield Gardens, Lowestoft",House,4,15-10-2013,117500,47000,70500,05-08-2014,22,NA,NA,Lowestoft,Springfield Gardens,22 Springfield Gardens
"46 Ellough Road, Beccles",House,3,03-11-2013,118000,35400,82600,30-05-2014,46,NA,NA,Beccles,Ellough Road,46 Ellough Road
"131 Queen Elizabeth Drive, Beccles",House,2,04-11-2013,107000,44940,62060,13-06-2014,131,NA,NA,Beccles,Queen Elizabeth Drive,131 Queen Elizabeth Drive
"7 Carlton Square, Lowestoft",House,2,12-11-2013,111500,60210,51290,11-04-2014,7,NA,NA,Lowestoft,Carlton Square,7 Carlton Square
"25 Hillside Road East, Bungay",House,3,12-11-2013,124000,53320,70680,05-01-2014,25,NA,NA,Bungay,Hillside Road East,25 Hillside Road East
"7 Woodland Avenue, Worlingham, Beccles",House,3,12-11-2013,104500,44935,59565,25-02-2014,7,NA,NA,Beccles,Woodland Avenue Worlingham,7 Woodland Avenue Worlingham
"27 Chapel Road, Wrentham, Beccles,",House,3,05-12-2013,126000,74340,51660,22-04-2014,27,NA,NA,Beccles,Chapel Road Wrentham,27 Chapel Road Wrentham
"4 St Margarets Plain, Lowestoft",House,2,03-01-2014,83000,34030,48970,31-07-2014,4,NA,NA,Lowestoft,St Margarets Plain,4 St Margarets Plain
"5 Mill Lane, Wrentham, Beccles",House,3,25-02-2014,129500,65000,54500,07-11-2014,5,NA,NA,Beccles,Mill Lane Wrentham,5 Mill Lane Wrentham
"8 Beccles Road, Bungay",House,3,06-02-2014,107000,64200,42800,06-03-2014,8,NA,NA,Bungay,Beccles Road,8 Beccles Road
"91 Joyce Road, Bungay",House,3,06-02-2014,121000,61710,59828.16,18-09-2014,91,NA,NA,Bungay,Joyce Road,91 Joyce Road
"5 Hill Road, Lowestoft",House,3,24-02-2014,93500,39270,54230,28-07-2014,5,NA,NA,Lowestoft,Hill Road,5 Hill Road
"7 Top Road, Ilketshal St Andrew, Beccles",House,3,17-02-2014,119800,59900,59900,19-09-2014,7,NA,NA,Beccles,Top Road Ilketshal St Andrew,7 Top Road Ilketshal St Andrew
"18 Kirkley Gardens, Lowestoft",House,3,17-02-2014,99500,59700,39800,23-07-2014,18,NA,NA,Lowestoft,Kirkley Gardens,18 Kirkley Gardens
"1 Castleton Close, Lowestoft",House,2,15-04-2014,108000,37800,70200,22-08-2014,1,NA,NA,Lowestoft,Castleton Close,1 Castleton Close
"21 Marham Road, Lowestoft",House,2,21-03-2014,98000,58800,39200,10-09-2014,21,NA,NA,Lowestoft,Marham Road,21 Marham Road
"7 Constable Close, Lowestoft",House,3,21-03-2014,114000,59280,54720,28-07-2014,7,NA,NA,Lowestoft,Constable Close,7 Constable Close
"25 Hawthorn Avenue, Lowestoft",House,3,25-03-2014,95500,46795,48705,12-09-2014,25,NA,NA,Lowestoft,Hawthorn Avenue,25 Hawthorn Avenue
"2 Elliott Avenue, Reydon, Southwold",House,3,29-04-2014,148500,56430,92070,12-12-2014,2,NA,NA,Southwold,Elliott Avenue Reydon,2 Elliott Avenue Reydon
"75 Flixton Road, Bungay",House,3,29-04-2014,114000,41040,72960,16-12-2014,75,NA,NA,Bungay,Flixton Road,75 Flixton Road
"48 Spruce Court, Lowestoft",Flat,1,06-06-2014,55000,31900,23100,01-09-2015,48,NA,NA,Lowestoft,Spruce Court,48 Spruce Court
"6 Minster Cottages, St Cross South Elmham",House,2,06-06-2014,138000,68720,77280,19-12-2014,6,NA,NA,St,Minster Cottages Cross South Elmham,6 Minster Cottages Cross South Elmham
"29 Love Road, Lowestoft",House,3,19-06-2014,105000,52500,52500,02-12-2015,29,NA,NA,Lowestoft,Love Road,29 Love Road
"29 Westhall Road, Lowestoft",House,3,09-10-2014,115000,54050,60950,07-10-2015,29,NA,NA,Lowestoft,Westhall Road,29 Westhall Road
"6 Normandy Road, Lowestoft",House,2,09-10-2014,115500,64680,50820,23-01-2015,6,NA,NA,Lowestoft,Normandy Road,6 Normandy Road
"3 Normandy Road, Lowestoft",House,3,21-10-2014,106500,63900,42600,23-03-2015,3,NA,NA,Lowestoft,Normandy Road,3 Normandy Road
"1 Goose Green West, Beccles",Bungalow,2,28-11-2014,102500,41000,61500,04-02-2015,1,NA,NA,Beccles,Goose Green West,1 Goose Green West
"7 Kirkley Run, Lowestoft",House,3,30-01-2015,149500,59800,89700,06-04-2015,7,NA,NA,Lowestoft,Kirkley Run,7 Kirkley Run
"36 Spruce Court, Rotterdam Road, Lowestoft",Flat,2,13-02-2015,66500,46550,19950,13-10-2015,36,NA,NA,Lowestoft,Spruce Court Rotterdam Road,36 Spruce Court Rotterdam Road
"2 Latymere Close, Gisleham, Lowestoft",House,3,05-03-2015,143000,77900,65100,01-12-2016,2,NA,NA,Lowestoft,Latymere Close Gisleham,2 Latymere Close Gisleham
"4 Griffith Close, Kessingland, Lowestoft",Bungalow,1,17-03-2015,86500,49305,37195,26-11-2015,4,NA,NA,Lowestoft,Griffith Close Kessingland,4 Griffith Close Kessingland
"1 Southwold Road, Brampton, Beccles",House,3,27-03-2015,110000,40700,69300,15-12-2015,1,NA,NA,Beccles,Southwold Road Brampton,1 Southwold Road Brampton
"96 Hawthorn Avenue, Lowestoft",House,3,08-04-2015,104500,40755,63745,22-01-2016,96,NA,NA,Lowestoft,Hawthorn Avenue,96 Hawthorn Avenue
"17 Newsons Meadow, Lowestoft",House,2,17-04-2015,99500,59700,39800,13-10-2015,17,NA,NA,Lowestoft,Newsons Meadow,17 Newsons Meadow
"2a Sir John Leman Road, Beccles",House,3,01-05-2015,125000,63750,61250,26-02-2016,2a,NA,NA,Beccles,Sir John Leman Road,2a Sir John Leman Road
"30 Rigbourne Hill, Beccles",House,3,15-04-2015,126500,55660,70840,23-10-2015,30,NA,NA,Beccles,Rigbourne Hill,30 Rigbourne Hill
"43 Castle Hill, Beccles",House,3,01-05-2015,141500,73580,67920,12-08-2015,43,NA,NA,Beccles,Castle Hill,43 Castle Hill
"21 Hollingsworth Road, Lowestoft",House,3,07-05-2015,99000,34650,64350,15-12-2015,21,NA,NA,Lowestoft,Hollingsworth Road,21 Hollingsworth Road
"63 Garden Close, Bungay",House,2,12-06-2015,125500,75300,50200,30-10-2015,63,NA,NA,Bungay,Garden Close,63 Garden Close
53 Notley Road Lowestoft,House,3,01-09-2015,114000,54720,59280,14-01-2016,53,NA,NA,Lowestoft,Notley Road,53 Notley Road
"35 Love Road, Lowestoft",House,3,01-09-2015,115000,69000,46000,02-05-2016,35,NA,NA,Lowestoft,Love Road,35 Love Road
"11 Rose Court, Lowestoft",House,3,08-09-2015,118000,57820,60180,03-11-2016,11,NA,NA,Lowestoft,Rose Court,11 Rose Court
"7a Frostenden Crescent, Lowestoft",Flat,2,10-09-2015,78000,39000,39000,02-09-2016,7a,NA,NA,Lowestoft,Frostenden Crescent,7a Frostenden Crescent
28 Goose Green West Beccles,House,2,20-10-2015,135000,76950,58050,03-10-2016,28,NA,NA,Beccles,Goose Green West,28 Goose Green West
"20 Jubilee Road, Bungay",House,3,11-11-2015,130500,66555,63945,31-03-2016,20,NA,NA,Bungay,Jubilee Road,20 Jubilee Road
"11 Queensway, Lowestoft Road, Bungay",House,3,NA,145000,65250,79750,06-05-2016,11,NA,NA,Bungay,Queensway Lowestoft Road,11 Queensway Lowestoft Road
"72 Briarwood Road, Lowestoft",House,3,NA,114000,41040,72960,05-04-2016,72,NA,NA,Lowestoft,Briarwood Road,72 Briarwood Road
53 Northgate Lowestoft,House,3,NA,115000,77900,37100,06-05-2016,53,NA,NA,Lowestoft,Northgate,53 Northgate
"22 Goose Green West, Beccles",Bungalow,2,NA,104000,45760,58240,26-05-2016,22,NA,NA,Beccles,Goose Green West,22 Goose Green West
"17 Marham Road, Lowestoft",House,2,NA,117500,44650,72850,12-07-2016,17,NA,NA,Lowestoft,Marham Road,17 Marham Road
23 Southfield Gardens Lowestoft,House,3,NA,120000,72000,48000,23-06-2016,23,NA,NA,South,Southfield Gardens Lowestoft,23 Southfield Gardens Lowestoft
"53 Pleasant Place, Beccles",House,3,NA,133000,73150,59850,12-05-2016,53,NA,NA,Beccles,Pleasant Place,53 Pleasant Place
"8 Tedder Road, Lowestoft",House,2,NA,101250,46575,54675,27-09-2016,8,NA,NA,Lowestoft,Tedder Road,8 Tedder Road
"25 High Leas, Beccles",House,3,NA,137000,77900,59100,07-07-2016,25,NA,NA,Beccles,High Leas,25 High Leas
"8 Copperfield Terrace, Lowestoft Road, Blund",House,3,NA,155000,77500,77500,13-09-2016,8,NA,NA,Blund,Copperfield Terrace Lowestoft Road,8 Copperfield Terrace Lowestoft Road
"59 Flixton Road, Bungay",House,3,NA,133500,64080,69420,28-09-2016,59,NA,NA,Bungay,Flixton Road,59 Flixton Road
"8 Marsh Lane, Worlingham, Beccles",House,3,NA,184500,77900,106600,20-10-2016,8,NA,NA,Beccles,Marsh Lane Worlingham,8 Marsh Lane Worlingham
"49 Harris Avenue, Lowestoft",House,3,NA,132000,64680,67320,20-10-2016,49,NA,NA,Lowestoft,Harris Avenue,49 Harris Avenue
"4 Spruce Court, Rotterdam Road, Lowestoft",Flat,1,NA,61000,30500,30500,20-09-2016,4,NA,NA,Lowestoft,Spruce Court Rotterdam Road,4 Spruce Court Rotterdam Road
"31 Clare Road, Kessingland, Lowestoft",House,2,NA,115000,77900,37100,15-11-2016,31,NA,NA,Lowestoft,Clare Road Kessingland,31 Clare Road Kessingland
"17 Orchard Valley, Holton, Halesworth",Bungalow,2,15-12-2015,150000,60000,90000,26-01-2017,17,NA,NA,Halesworth,Orchard Valley Holton,17 Orchard Valley Holton
"3 Throckmorton Road, Bungay",House,3,17-09-2016,127000,60960,66040,06-12-2016,3,NA,NA,Bungay,Throckmorton Road,3 Throckmorton Road
"3 Telesia Court, Lowestoft",House,3,06-03-2227,119500,72895,46605,29-11-2016,3,NA,NA,Lowestoft,Telesia Court,3 Telesia Court
"3 Hawthorn Avenue, Lowestoft",House,3,01-06-2172,99500,68655,30845,07-12-2016,3,NA,NA,Lowestoft,Hawthorn Avenue,3 Hawthorn Avenue
"11 Latymere Close, Gisleham, Lowestoft",House,3,17-03-2305,148000,57195,90805,05-01-2017,11,NA,NA,Lowestoft,Latymere Close Gisleham,11 Latymere Close Gisleham
"21 Tower Hill, Beccles",House,3,25-05-2016,129000,76110,52890,12-01-2017,21,NA,NA,Beccles,Tower Hill,21 Tower Hill
"29 The Avenue, Halesworth",House,3,13-06-2016,147000,66150,80850,22-02-2017,29,NA,NA,Halesworth,The Avenue,29 The Avenue
"30 Tedder Road, Lowestoft",House,2,02-06-2016,94500,35910,58590,02-03-2017,30,NA,NA,Lowestoft,Tedder Road,30 Tedder Road
"27 Normanhurst Close, Lowestoft",House,3,20-09-2016,131000,77900,53100,10-03-2017,27,NA,NA,Lowestoft,Normanhurst Close,27 Normanhurst Close
"54 Notley Road, Lowestoft",House,3,13-06-2016,102000,44880,57120,21-03-2017,54,NA,NA,Lowestoft,Notley Road,54 Notley Road
8 Greenfield Road Lowestoft,House,3,24-08-2016,116000,77900,38100,22-03-2017,8,NA,NA,Lowestoft,Greenfield Road,8 Greenfield Road
"14 Viburnum Green, Lowestoft",House,3,04-04-2016,117000,57330,59670,18-12-2016,14,NA,NA,Lowestoft,Viburnum Green,14 Viburnum Green
"6 Common Lane, Beccles",House,3,04-05-2016,139000,66720,72280,13-04-2017,6,NA,NA,Beccles,Common Lane,6 Common Lane
"10 Grice Close, Kessingland, Lowestoft",House,3,05-07-2016,135000,72800,62100,25-04-2017,10,NA,NA,Lowestoft,Grice Close Kessingland,10 Grice Close Kessingland
"58 Tedder Road, Lowestoft",House,3,25-08-2016,120000,66000,54000,08-05-2017,58,NA,NA,Lowestoft,Tedder Road,58 Tedder Road
6 Black Boy Meadow Beccles,House,3,12-09-2016,135000,60750,77000,05-05-2017,6,NA,NA,Beccles,Black Boy Meadow,6 Black Boy Meadow
"1 North End, St James Road, All Sts Sth Elmham",House,2,01-08-2016,145000,52200,92800,08-05-2017,1,NA,NA,All,North End St James Road Sts Sth Elmham,1 North End St James Road Sts Sth Elmham
"31 Ellough Road, Beccles",House,3,03-08-2016,143000,74360,68640,26-05-2017,31,NA,NA,Beccles,Ellough Road,31 Ellough Road
"9a Lilac Drive, Lowestoft",Flat,1,13-06-2016,60000,31200,28800,24-07-2017,9a,NA,NA,Lowestoft,Lilac Drive,9a Lilac Drive
26 Rigbourne Hill Beccles,House,3,02-12-2016,146000,59860,86140,31-07-2017,26,NA,NA,Beccles,Rigbourne Hill,26 Rigbourne Hill
"8 Old Station Rd, Halesworth",House,3,17-02-2017,155000,68200,86800,21-08-2017,8,NA,NA,Halesworth,Old Station Road,8 Old Station Road
"107 Montgomery Avenue, Lowestoft",House,4,07-04-2017,130000,62400,67600,18-09-2017,107,NA,NA,Lowestoft,Montgomery Avenue,107 Montgomery Avenue
"77 Field Lane, Kessingland, Lowestoft",House,3,12-04-2017,139000,61160,77840,18-09-2017,77,NA,NA,Lowestoft,Field Lane Kessingland,77 Field Lane Kessingland
"39 Mimosa Walk, Lowestoft",House,3,16-02-2017,115000,55200,59800,25-09-2017,39,NA,NA,Lowestoft,Mimosa Walk,39 Mimosa Walk
"21 Minden Road, Lowestoft",House,4,03-03-2017,134000,75040,58960,25-09-2017,21,NA,NA,Lowestoft,Minden Road,21 Minden Road
"3a Griffith Close, Kessingland, Lowestoft",Flat,1,31-10-2016,98000,56.84,41160,02-10-2017,3a,NA,NA,Lowestoft,Griffith Close Kessingland,3a Griffith Close Kessingland
"26 Evergreen Road, Lowestoft, ",House,4,19-04-2017,132000,60720,71280,09-10-2017,26,NA,NA,Lowestoft,Evergreen Road,26 Evergreen Road
"48 Rigbourne Hill, Beccles",House,3,24-03-2017,159000,65190,93810,30-10-2017,48,NA,NA,Beccles,Rigbourne Hill,48 Rigbourne Hill
"48 Hawthorn Avenue, Lowestoft",House,3,09-03-2017,117000,45630,71370,30-10-2017,48,NA,NA,Lowestoft,Hawthorn Avenue,48 Hawthorn Avenue
"3 Tower Hill, Beccles",House,3,03-03-2017,133500,74760,58740,13-11-2017,3,NA,NA,Beccles,Tower Hill,3 Tower Hill
"1 Annis Hill, Bungay",House,3,17-03-2017,152000,77900,74100,13-11-2017,1,NA,NA,Bungay,Annis Hill,1 Annis Hill
"41 Notley Road, Lowestoft",House,4,08-03-2017,114000,52440,61560,20-11-2017,41,NA,NA,Lowestoft,Notley Road,41 Notley Road
"11 Park Terrace, Marsh Lane, North Cove, Beccles ",House,3,23-05-2017,160000,73600,86400,29-01-2018,11,NA,NA,Beccles,Park Terrace Marsh Lane North Cove,11 Park Terrace Marsh Lane North Cove
"48 Clemence St, Lowestoft",House,2,03-08-2017,121000,43560,77440,12-02-2018,48,NA,NA,Lowestoft,Clemence Street,48 Clemence Street
"32 Bourne Road, Lowestoft",House,3,16-06-2017,124000,53320,70680,21-02-2018,32,NA,NA,Lowestoft,Bourne Road,32 Bourne Road
"2 Jacobs Court, Raglan Street, Lowestoft",Flat,2,02-06-2017,76000,38000,38000,26-02-2018,2,NA,NA,Lowestoft,Jacobs Court Raglan Street,2 Jacobs Court Raglan Street
"2 Montgomery Avenue, Lowestoft",Flat,1,28-06-2017,84500,42250,42250,26-02-2018,2,NA,NA,Lowestoft,Montgomery Avenue,2 Montgomery Avenue
"1 Andrew Johnston Way, Halesworth",Bungalow,1,27-01-2017,145000,60417,84583,26-02-2018,1,NA,NA,Halesworth,Andrew Johnston Way,1 Andrew Johnston Way
"6 Mylodon Road, Lowestoft",House,2,19-05-2017,103000,72100,30900,26-03-2018,6,NA,NA,Lowestoft,Mylodon Road,6 Mylodon Road
"65 Europa Road, Lowestoft",House,3,03-05-2017,142000,69420,72580,26-03-2018,65,NA,NA,Lowestoft,Europa Road,65 Europa Road
"103 Field Lane, Kessingland",House,2,27-09-2017,138000,62100,75900,26-03-2018,103,NA,NA,Kessingland,Field Lane,103 Field Lane
"2 Top Road, Ilketshall St Andrew, Beccles",House,3,30-11-2017,160000,78400,81600,26-03-2018,2,NA,NA,Beccles,Top Road Ilketshall St Andrew,2 Top Road Ilketshall St Andrew
"57 Orchard Valley, Holton,Halesworth, ",House,3,03-08-2017,130000,58500,71500,09-04-2018,57,NA,NA,Holton,Orchard ValleyHalesworth,57 Orchard ValleyHalesworth
"2 Crisp Close, Lowestoft",House,3,06-10-2017,130000,74100,55900,16-04-2018,2,NA,NA,Lowestoft,Crisp Close,2 Crisp Close
"26 Princes Road, Bungay",House,3,13-09-2017,173000,77850,95150,30-04-2018,26,NA,NA,Bungay,Princes Road,26 Princes Road
"21B Melbourne Rd, Lowestoft",Flat,3,20-09-2017,74000,51800,22200,21-05-2018,21b,NA,NA,Lowestoft,Melbourne Road,21b Melbourne Road
10 Minden Road,House,3,07-12-2017,135000,48600,86400,21-05-2018,10,NA,NA,NA,Minden Road,10 Minden Road
47 Love Road,House,3,15-09-2017,95000,35150,59850,21-05-2018,47,NA,NA,NA,Love Road,47 Love Road
"4 Francis Road, Kessingland",House,3,23-11-2017,132500,78600,53900,18-06-2018,4,NA,NA,Kessingland,Francis Road,4 Francis Road
"11 Spashett Road, Lowestoft",House,2,30-11-2017,122500,75950,46550,25-06-2018,11,NA,NA,Lowestoft,Spashett Road,11 Spashett Road
"38 Mount Pleasant, Halesworth",Bungalow,1,01-09-2017,150000,69000,81000,16-07-2018,38,NA,NA,Halesworth,Mount Pleasant,38 Mount Pleasant
"3 Napier Terrace, Grove Road, Beccles",House,3,16-08-2017,125000,62500,62500,13-08-2018,3,NA,NA,Beccles,Napier Terrace Grove Road,3 Napier Terrace Grove Road
"33 Bonsey Gardens, Wrentham",House,3,18-01-2018,160000,57600,102400,13-08-2018,33,NA,NA,Wrentham,Bonsey Gardens,33 Bonsey Gardens
"22 Oliver Close, Lowestoft",House,3,07-12-2017,149000,65560,83440,10-09-2018,22,NA,NA,Lowestoft,Oliver Close,22 Oliver Close
"22 Minos Road, Lowestoft",House,3,13-10-2017,131000,78600,52400,20-08-2018,22,NA,NA,Lowestoft,Minos Road,22 Minos Road
5 Southfield Gardens,House,3,22-02-2018,137500,49500,88000,24-09-2018,5,NA,NA,South,Southfield Gardens,5 Southfield Gardens
"2 Spinney Close, North Cove",House,3,12-01-2018,170000,78600,91400,29-10-2018,2,NA,NA,North,Spinney Close Cove,2 Spinney Close Cove
"6 Olive Court, Lowestoft",House,3,23-02-2018,130000,72800,57200,08-02-2019,6,NA,NA,Lowestoft,Olive Court,6 Olive Court
"66 Garden Close, Bungay",House,2,04-05-2018,144500,72250,72250,19-11-2018,66,NA,NA,Bungay,Garden Close,66 Garden Close
"9 Rose Court, Lowestoft",House,4,31-05-2018,135000,74250,60750,19-11-2018,9,NA,NA,Lowestoft,Rose Court,9 Rose Court
"24 Throckmorton Road, Bungay",House,2,27-04-2018,140000,49000,91000,17-12-2018,24,NA,NA,Bungay,Throckmorton Road,24 Throckmorton Road
"72 Silverwood Close, Lowestoft",House,2,07-06-2018,131000,52400,78600,14-01-2019,72,NA,NA,Lowestoft,Silverwood Close,72 Silverwood Close
"10 Latymere Close, Gisleham, NR33 8EH",House,3,28-06-2018,180000,80900,99100,21-01-2019,10,NA,NR33 8EH,Gisleham,Latymere Close,10 Latymere Close
"2A Bramble Green, Lowestoft, NR32 2SJ",Flat,1,31-08-2018,73000,39420,33580,17-05-2019,2a,NA,NR32 2SJ,Lowestoft,Bramble Green,2a Bramble Green
174 Hillside Road West,House,3,16-11-2018,159000,80900,78100,22-05-2019,174,NA,NA,NA,Hillside Road West,174 Hillside Road West
"1 Peddars Ct, Lowestoft",House,3,22-06-2018,166000,80900,85100,15-04-2019,1,NA,NA,Lowestoft,Peddars Crescent,1 Peddars Crescent
"2 Park Terrace, Marsh lane, North Cove, Beccles",House,2,28-06-2018,180000,80900,99100,03-05-2019,2,NA,NA,Beccles,Park Terrace Marsh lane North Cove,2 Park Terrace Marsh lane North Cove
"13 Spashett Road, Lowestoft, NR32 4DA",House,2,29-08-2018,124500,63495,61005,08-05-2019,13,NA,NR32 4DA,Lowestoft,Spashett Road,13 Spashett Road
"4 Woodland Avenue, Worlingham, Beccles, NR34 7EF",House,3,09-08-2018,176000,80900,95100,08-05-2019,4,NA,NR34 7EF,Beccles,Woodland Avenue Worlingham,4 Woodland Avenue Worlingham
"21 Greenfield Road, Lowestoft, NR33 9EF",House,3,12-01-2260,131500,56545,94075,12-06-2019,21,NA,NR33 9EF,Lowestoft,Greenfield Road,21 Greenfield Road
"19 Burnham Way, Lowestoft, NR33 9LE",Flat,2,23-08-2018,88000,52800,35200,14-06-2019,19,NA,NR33 9LE,Lowestoft,Burnham Way,19 Burnham Way
"31 Bungay Road, Holton, Halesworth, IP19 8PL",Bungalow,2,12-09-2018,153000,62730,90270,21-06-2019,31,NA,IP19 8PL,Halesworth,Bungay Road Holton,31 Bungay Road Holton
"18 Newsons Meadow, Lowestoft",House,4,25-04-2018,149500,68770,80730,24-06-2019,18,NA,NA,Lowestoft,Newsons Meadow,18 Newsons Meadow
"3 East View, South Elmham",House,3,15-11-2018,190000,80900,109100,24-07-2019,3,NA,NA,South,East View Elmham,3 East View Elmham
"1a Bramble Green, Lowestoft, NR32 2SJ",Flat,1,26-02-2019,76000,53200,22800,02-09-2019,1a,NA,NR32 2SJ,Lowestoft,Bramble Green,1a Bramble Green
11 Lakeland Drive,House,3,11-10-2018,146000,51100,94900,09-09-2019,11,NA,NA,NA,Lakeland Drive,11 Lakeland Drive
"51 Flixton Road, Bungay, NR35 1RB",House,3,21-02-2019,165000,80900,84100,09-09-2019,51,NA,NR35 1RB,Bungay,Flixton Road,51 Flixton Road
"186 Hillside Road West, Bungay, NR35 1RF",House,4,06-11-2018,167000,70140,96860,30-09-2019,186,NA,NR35 1RF,Bungay,Hillside Road West,186 Hillside Road West
71 Flixton Road,House,3,14-06-2019,153000,71910,81090,21-10-2019,71,NA,NA,NA,Flixton Road,71 Flixton Road
"24 Francis Road, Kessingland, NR33 7PU",House,3,06-03-2019,160000,80900,79100,15-11-2019,24,NA,NR33 7PU,Kessingland,Francis Road,24 Francis Road
"28 Normanston Drive, Lowestoft",Flat,1,07-02-2019,77000,53900,23100,02-12-2019,28,NA,NA,Lowestoft,Normanston Drive,28 Normanston Drive
34 Beechwood Gardens,House,3,06-09-2018,122000,80900,41100,17-01-2020,34,NA,NA,NA,Beechwood Gardens,34 Beechwood Gardens
"15 Bedingfield Crescent, Halesworth, IP19 8EE",House,3,10-04-2019,199000,77610,121390,27-01-2020,15,NA,IP19 8EE,Halesworth,Bedingfield Crescent,15 Bedingfield Crescent
"119 Spashett Road, Lowestoft",House,3,18-07-2019,130000,71500,58500,03-02-2020,119,NA,NA,Lowestoft,Spashett Road,119 Spashett Road
43A Britten Road,Flat,1,01-08-2019,78000,54600,23400,10-03-2020,43a,NA,NA,NA,Britten Road,43a Britten Road
8 Joyce Road,House,4,05-09-2019,175000,82800,92200,11-03-2020,8,NA,NA,NA,Joyce Road,8 Joyce Road
"85 Station Road, Corton",House,2,10-07-2019,155000,82800,72200,16-03-2020,85,NA,NA,Corton,Station Road,85 Station Road
30 Frostenden Crescent,House,3,27-08-2019,132500,82800,49700,23-03-2020,30,NA,NA,NA,Frostenden Crescent,30 Frostenden Crescent
10 Goose Green West,House,2,10-09-2019,155000,60450,94550,31-03-2020,10,NA,NA,NA,Goose Green West,10 Goose Green West
46 Britten Road,House,3,19-02-2020,132500,74200,58300,12-03-2021,46,NA,NA,NA,Britten Road,46 Britten Road
"13A Lilac Lilac Drive, Lowestoft, NR32 2SS",Flat,1,15-04-2019,82500,44550,37950,24-04-2020,13a,NA,NR32 2SS,Lowestoft,Lilac Lilac Drive,13a Lilac Lilac Drive
"2 Oliver Close, Lowestoft",Bungalow,1,06-06-2019,110000,58300,51700,15-06-2020,2,NA,NA,Lowestoft,Oliver Close,2 Oliver Close
11 Stoven Close,House,3,27-08-2019,130000,67600,62400,29-06-2020,11,NA,NA,NA,Stoven Close,11 Stoven Close
"5 Uggeshall Close, Lowestoft",House,3,13-12-2018,132000,54120,77880,24-08-2020,5,NA,NA,Lowestoft,Uggeshall Close,5 Uggeshall Close
"8 Old Mill Cott, Westhall, Halesworth",House,3,12-12-2019,225000,82800,142200,04-09-2020,8,NA,NA,Halesworth,Old Mill Cott Westhall,8 Old Mill Cott Westhall
"109 Blackheath Road, Lowestoft, NR33 7JF",Bungalow,1,26-02-2019,115000,52900,62100,28-08-2020,109,NA,NR33 7JF,Lowestoft,Blackheath Road,109 Blackheath Road
"27 Northgate, Lowestoft",House,3,06-06-2019,134000,58960,75040,17-11-2020,27,NA,NA,Lowestoft,Northgate,27 Northgate
251 St Peters Street,House,4,15-01-2020,130000,57200,72800,04-12-2020,251,NA,NA,NA,St Peters Street,251 St Peters Street
24 Eastwood Avenue,House,2,20-08-2019,130000,48100,81900,07-12-2020,24,NA,NA,NA,Eastwood Avenue,24 Eastwood Avenue
"26 Europa Road, Lowestoft, NR32 4BH",House,3,01-03-2019,117000,80900,36100,17-12-2020,26,NA,NR32 4BH,Lowestoft,Europa Road,26 Europa Road
41 Rigbourne Hill,House,4,13-08-2020,185000,84200,100800,07-05-2021,41,NA,NA,NA,Rigbourne Hill,41 Rigbourne Hill
1 Wiggs Way,House,3,09-10-2020,157500,80325,77175,05-05-2021,1,NA,NA,NA,Wiggs Way,1 Wiggs Way
2 Greenfield Road,House,3,09-09-2020,150000,67500,82500,10-05-2021,2,NA,NA,NA,Greenfield Road,2 Greenfield Road
93 Spashett Road,House,3,16-07-2020,137500,55000,82500,21-05-2021,93,NA,NA,NA,Spashett Road,93 Spashett Road
16 Church Street,Bungalow,2,01-12-2020,145000,72500,72500,28-06-2021,16,NA,NA,NA,Church Street,16 Church Street
22 Blyford Road,House,3,05-03-2020,152000,82800,69200,15-09-2021,22,NA,NA,NA,Blyford Road,22 Blyford Road
36 Ellough Road,House,3,14-01-2021,170000,81600,88400,13-09-2021,36,NA,NA,NA,Ellough Road,36 Ellough Road
8 Throckmorton Road,House,3,30-10-2020,177500,81650,95850,29-09-2021,8,NA,NA,NA,Throckmorton Road,8 Throckmorton Road
64 London Road,House,3,03-02-2021,160000,64000,96000,15-10-2021,64,NA,NA,NA,London Road,64 London Road
65 Orchard Valley,House,3,12-03-2021,160000,56000,104000,11-10-2021,65,NA,NA,NA,Orchard Valley,65 Orchard Valley
17 Jubilee Road,House,3,17-02-2021,165000,67650,97350,18-10-2021,17,NA,NA,NA,Jubilee Road,17 Jubilee Road
23 Tedder Road,House,3,07-04-2021,145000,68150,76850,10-11-2021,23,NA,NA,NA,Tedder Road,23 Tedder Road
2 Skinners View,House,2,20-04-2021,185000,60097.52,124902.48,11-11-2021,2,NA,NA,NA,Skinners View,2 Skinners View
"69 Field Lane, Kessingland",House,3,14-01-2020,172000,79120,92880,22-11-2021,69,NA,NA,Kessingland,Field Lane,69 Field Lane
1 Westwood Avenue,House,4,25-02-2021,165000,62700,102300,20-12-2021,1,NA,NA,NA,Westwood Avenue,1 Westwood Avenue
16 Normandy Road,House,3,03-02-2021,145000,81200,63800,22-12-2021,16,NA,NA,NA,Normandy Road,16 Normandy Road
9 The Avenue,House,3,04-12-2020,162500,60125,102375,22-12-2021,9,NA,NA,NA,The Avenue,9 The Avenue
14 Manor Road,House,3,06-04-2021,170000,83300,86700,17-01-2022,14,NA,NA,NA,Manor Road,14 Manor Road
16 Manor Close,House,3,06-11-2020,173600,84200,89400,21-01-2022,16,NA,NA,NA,Manor Close,16 Manor Close
42 St Georges Road,House,3,14-04-2021,122000,63440,58560,21-01-2022,42,NA,NA,NA,St Georges Road,42 St Georges Road
77 Edgerton Road,House,3,03-11-2020,125000,53750,71250,28-01-2022,77,NA,NA,NA,Edgerton Road,77 Edgerton Road
5 Mylodon Road ,House,3,08-04-2021,140000,70000,70000,24-01-2022,5,NA,NA,NA,Mylodon Road,5 Mylodon Road
90 Rotterdam Road,House,4,18-02-2021,145000,76850,68150,31-01-2022,90,NA,NA,NA,Rotterdam Road,90 Rotterdam Road
135 Kirkley Run,House,3,18-05-2021,147500,69325,78175,17-02-2022,135,NA,NA,NA,Kirkley Run,135 Kirkley Run
57 Northgate,House,3,06-05-2021,150000,81000,69000,08-02-2022,57,NA,NA,NA,Northgate,57 Northgate
5 Long Close,House,3,03-06-2021,210000,84600,125400,09-03-2022,5,NA,NA,NA,Long Close,5 Long Close
70 Dell Road East,House,3,17-08-2021,162500,58500,104000,15-03-2022,70,NA,NA,NA,Dell Road East,70 Dell Road East
31 Chapel Road,House,3,14-05-2021,185000,84600,100400,23-03-2022,31,NA,NA,NA,Chapel Road,31 Chapel Road
23 The Street,Bungalow,1,20-05-2021,135200,63544,71656,18-05-2022,23,NA,NA,NA,The Street,23 The Street
72 Hawthorn Avenue,House,3,19-10-2021,145000,53650,91350,28-06-2022,72,NA,NA,NA,Hawthorn Avenue,72 Hawthorn Avenue
6 Briarwood Road,House,3,21-09-2021,150000,82500,67500,10-06-2022,6,NA,NA,NA,Briarwood Road,6 Briarwood Road
9 Kennedy Avenue,House,3,13-10-2021,210000,84600,125400,15-06-2022,9,NA,NA,NA,Kennedy Avenue,9 Kennedy Avenue
11 May Road,House,3,14-07-2021,135000,56700,78300,18-07-2022,11,NA,NA,NA,May Road,11 May Road
16 Briarwood Road,House,3,12-11-2021,150000,67500,82500,14-07-2022,16,NA,NA,NA,Briarwood Road,16 Briarwood Road
7 Arnhem Court,Bungalow,2,09-02-2021,150000,68750,56250,25-07-2022,7,NA,NA,NA,Arnhem Court,7 Arnhem Court
8a Henham Road,Flat,2,05-03-2021,90000,63000,27000,25-08-2022,8a,NA,NA,NA,Henham Road,8a Henham Road
2 Britten Road,House,3,24-11-2021,152000,56240,95760,30-08-2022,2,NA,NA,NA,Britten Road,2 Britten Road
73 Hawthorn Avenue,House,3,10-11-2021,142500,68400,74100,30-08-2022,73,NA,NA,NA,Hawthorn Avenue,73 Hawthorn Avenue
37 Bedingfield Crescent,House,3,14-07-2021,210000,84600,125400,05-09-2022,37,NA,NA,NA,Bedingfield Crescent,37 Bedingfield Crescent
19 Rounces Lane,House,3,13-01-2022,170000,62900,107100,07-10-2022,19,NA,NA,NA,Rounces Lane,19 Rounces Lane
42 Edgerton Road ,House,3,23-08-2021,132500,75525,56975,07-10-2022,42,NA,NA,NA,Edgerton Road,42 Edgerton Road
273 Raglan Street,House,2,23-12-2021,93000,52080,40920,10-10-2022,273,NA,NA,NA,Raglan Street,273 Raglan Street
21 Mountbatten Road,House,2,05-08-2021,135000,64800,70200,04-11-2022,21,NA,NA,NA,Mountbatten Road,21 Mountbatten Road
99 Kirkley Gardens,House,3,22-09-2021,162500,81250,81250,06-02-2023,99,NA,NA,NA,Kirkley Gardens,99 Kirkley Gardens
