date,street_number,house_number,house_number2,street_name
26-07-2004,109 Tunnel Hill,109,NA,Tunnel Hill
02-08-2004,143 Hollymount Road,143,NA,Hollymount Road
02-08-2004,47 Durham Road,47,NA,Durham Road
02-08-2004,69 Humber Road,69,NA,Humber Road
02-08-2004,28 Windermere Drive,28,NA,Windermere Drive
09-08-2004,38 Lichfield Avenue,38,NA,Lichfield Avenue
09-08-2004,196 Bromwich Road,196,NA,Bromwich Road
16-08-2004,27 Mersey Road,27,NA,Mersey Road
23-08-2004,12 Dart Road,12,NA,Dart Road
23-08-2004,87 Liverpool Road,87,NA,Liverpool Road
23-08-2004,195 Canterbury Road,195,NA,Canterbury Road
23-08-2004,173 Liverpool Road,173,NA,Liverpool Road
23-08-2004,56 Ransom Avenue,56,NA,Ransom Avenue
23-08-2004,3 Norfolk Close,3,NA,Norfolk Close
06-09-2004,104 Canterbury Road,104,NA,Canterbury Road
06-09-2004,194 Canterbury Road,194,NA,Canterbury Road
13-09-2004,106 Carlisle Road,106,NA,Carlisle Road
20-09-2004,142 Drake Avenue,142,NA,Drake Avenue
20-09-2004,92 Drake Avenue,92,NA,Drake Avenue
25-10-2004,Flat 11 Wells Road,11,NA,Wells Road
25-10-2004,183 Liverpool Road,183,NA,Liverpool Road
01-11-2004,7 Grisedale Drive,7,NA,Grisedale Drive
08-11-2004,6 Hawkins Close,6,NA,Hawkins Close
08-11-2004,25 Carlisel Road,25,NA,Carlisel Road
22-11-2004,39 Linden Road,39,NA,Linden Road
22-11-2004,61 Carlisle Road,61,NA,Carlisle Road
06-12-2004,44 Westminster Road,44,NA,Westminster Road
06-12-2004,106 Glenthorne Avenue,106,NA,Glenthorne Avenue
06-12-2004,Flat 52 Rodborough Drive,52,NA,Rodborough Drive
06-12-2004,Flat 50 Ennerdale Close,50,NA,Ennerdale Close
13-12-2004,18 Glenthorne Avenue,18,NA,Glenthorne Avenue
13-12-2004,72 Langdale Drive,72,NA,Langdale Drive
20-12-2004,45 Linden Road,45,NA,Linden Road
20-12-2004,81 Liverpool Road,81,NA,Liverpool Road
20-12-2004,42 Lichfield Avenue,42,NA,Lichfield Avenue
20-12-2004,84 Glenthorne Avenue,84,NA,Glenthorne Avenue
20-12-2004,12 Poplar Avenue,12,NA,Poplar Avenue
10-01-2005,9 Oxford Close,9,NA,Oxford Close
10-01-2005,Flat 29 Dent Close,29,NA,Dent Close
10-01-2005,21 Raleigh Close,21,NA,Raleigh Close
10-01-2005,Flat 67 Dent Close,67,NA,Dent Close
17-01-2005,11 Hazel Close,11,NA,Hazel Close
17-01-2005,Flat 53 Back Lane South,53,NA,Back Lane South
24-01-2005,Flat 5 Selsey Close,5,NA,Selsey Close
31-01-2005,Flat 49 Crickley Drive,49,NA,Crickley Drive
31-01-2005,Flat 7 Ryeland Close,7,NA,Ryeland Close
31-01-2005,11 Sycamore Road,11,NA,Sycamore Road
07-02-2005,66 Linden Road,66,NA,Linden Road
14-02-2005,49 Rydal Close,49,NA,Rydal Close
21-02-2005,74 Borrowdale Drive,74,NA,Borrowdale Drive
21-02-2005,54 Rydal Close,54,NA,Rydal Close
28-02-2005,30 Lear Close,30,NA,Lear Close
28-02-2005,83 Langdale Drive,83,NA,Langdale Drive
07-03-2005,81 Drake Avenue,81,NA,Drake Avenue
07-03-2005,Flat 36 Randwick Drive,36,NA,Randwick Drive
21-03-2005,8 Oxford Close,8,NA,Oxford Close
21-03-2005,140 Drake Avenue,140,NA,Drake Avenue
21-03-2005,272 Drake Avenue,272,NA,Drake Avenue
28-03-2005,81 Patterdale Drive,81,NA,Patterdale Drive
04-04-2005,112 Liverpool Road,112,NA,Liverpool Road
04-04-2005,122 Liverpool Road,122,NA,Liverpool Road
04-04-2005,119 Ransom Avenue,119,NA,Ransom Avenue
04-04-2005,9 Linden Road,9,NA,Linden Road
04-04-2005,43 Westminster Road,43,NA,Westminster Road
04-04-2005,21 Thorn Avenue,21,NA,Thorn Avenue
11-04-2005,34 Solent Road,34,NA,Solent Road
18-04-2005,50 Linden Road,50,NA,Linden Road
25-04-2005,76 Carlisle Road,76,NA,Carlisle Road
25-04-2005,53 Liverpool Road,53,NA,Liverpool Road
25-04-2005,105 Canterbury Road,105,NA,Canterbury Road
25-04-2005,165 Liverpool Road,165,NA,Liverpool Road
09-05-2005,108 Randwick Drive,108,NA,Randwick Drive
09-05-2005,1 Thorn Avenue,1,NA,Thorn Avenue
09-05-2005,135 Avon Road,135,NA,Avon Road
09-05-2005,5 Cartmel Close,5,NA,Cartmel Close
09-05-2005,110 Liverpool Road,110,NA,Liverpool Road
09-05-2005,8 Grenville Road,8,NA,Grenville Road
09-05-2005,156 Tunnel Hill,156,NA,Tunnel Hill
16-05-2005,192 Canterbury Road,192,NA,Canterbury Road
16-05-2005,67 Portefields Road,67,NA,Portefields Road
23-05-2005,Flat 57 Avening Close,57,NA,Avening Close
06-06-2005,236 Bransford Road,236,NA,Bransford Road
06-06-2005,6 Green Lane,6,NA,Green Lane
13-06-2005,37 Liverpool Road,37,NA,Liverpool Road
20-06-2005,Flat 3 Selsey Close,3,NA,Selsey Close
20-06-2005,65 Tudor Way,65,NA,Tudor Way
04-07-2005,30 Burleigh Road,30,NA,Burleigh Road
18-07-2005,138 Canterbury Road,138,NA,Canterbury Road
18-07-2005,38 Hawkins Close,38,NA,Hawkins Close
18-07-2005,14 Liverpool Road,14,NA,Liverpool Road
18-07-2005,63 Liverpool Road,63,NA,Liverpool Road
18-07-2005,77 Liverpool Road,77,NA,Liverpool Road
18-07-2005,Flat 32 The Hopmarket,32,NA,The Hopmarket
25-07-2005,147 Bath Road,147,NA,Bath Road
25-07-2005,Flat 415 Tolladine Road,415,NA,Tolladine Road
01-08-2005,71 Drake Avenue,71,NA,Drake Avenue
08-08-2005,12 Norfolk Close,12,NA,Norfolk Close
29-08-2005,182 Canterbury Road,182,NA,Canterbury Road
05-09-2005,6 Linden Road,6,NA,Linden Road
05-09-2005,33 Bunns Road,33,NA,Bunns Road
03-10-2005,191 Drake Avenue,191,NA,Drake Avenue
03-10-2005,46 Rydal Close,46,NA,Rydal Close
31-10-2005,24 Tudor Way,24,NA,Tudor Way
31-10-2005,50 Drake Avenue,50,NA,Drake Avenue
31-10-2005,138 Hollymount Road,138,NA,Hollymount Road
07-11-2005,10 Norfolk Close,10,NA,Norfolk Close
14-11-2005,12 Howard Road,12,NA,Howard Road
14-11-2005,78 Rydal Close,78,NA,Rydal Close
21-11-2005,134 Drake Avenue,134,NA,Drake Avenue
28-11-2005,90 Ransom Avenue,90,NA,Ransom Avenue
05-12-2005,54 Green Lane,54,NA,Green Lane
05-12-2005,14 Linden Road,14,NA,Linden Road
05-12-2005,Flat 5 Vesta Tilley Court,5,NA,Vesta Tilley Court
12-12-2005,27 Liverpool Road,27,NA,Liverpool Road
12-12-2005,70 Linden Road,70,NA,Linden Road
19-12-2005,42 Carlisle Road,42,NA,Carlisle Road
19-12-2005,31 Shap Drive,31,NA,Shap Drive
09-01-2006,Flat 78 Gresham Road,78,NA,Gresham Road
16-01-2006,13 Humber Road,13,NA,Humber Road
23-01-2006,96 Foxwell Street,96,NA,Foxwell Street
06-02-2006,136 Canterbury Road,136,NA,Canterbury Road
13-02-2006,30 Norfolk Close,30,NA,Norfolk Close
27-02-2006,59 Liverpool Road,59,NA,Liverpool Road
06-03-2006,13 Dart Road,13,NA,Dart Road
13-03-2006,86 Brickfields Road,86,NA,Brickfields Road
20-03-2006,164 Drake Avenue,164,NA,Drake Avenue
27-03-2006,Flat 76 Tetbury Drive,76,NA,Tetbury Drive
10-04-2006,181 Liverpool Road,181,NA,Liverpool Road
24-04-2006,144 Drake Avenue,144,NA,Drake Avenue
08-05-2006,29 Westminster Road,29,NA,Westminster Road
15-05-2006,135 Liverpool Road,135,NA,Liverpool Road
22-05-2006,15 Walnut Avenue,15,NA,Walnut Avenue
05-06-2006,7 Oxford Close,7,NA,Oxford Close
05-06-2006,27 Tetbury Drive,27,NA,Tetbury Drive
19-06-2006,73 Rose Avenue,73,NA,Rose Avenue
26-06-2006,2 Rose Avenue,2,NA,Rose Avenue
26-06-2006,Flat 36 Moor Street,36,NA,Moor Street
03-07-2006,160 Tudor Way,160,NA,Tudor Way
03-07-2006,54 Linden Road,54,NA,Linden Road
03-07-2006,16 Grenville Road,16,NA,Grenville Road
24-07-2006,180 Drake Avenue,180,NA,Drake Avenue
21-08-2006,2 Stallard Road,2,NA,Stallard Road
21-08-2006,16 Linden Road,16,NA,Linden Road
04-09-2006,40 Lichfield Avenue,40,NA,Lichfield Avenue
02-10-2006,24 Whitmore Road,24,NA,Whitmore Road
09-10-2006,6 Wakefield Close,6,NA,Wakefield Close
06-11-2006,94 Carlisle Road,94,NA,Carlisle Road
13-11-2006,58 Grenville Road,58,NA,Grenville Road
20-11-2006,537 Tolladine Road,537,NA,Tolladine Road
20-11-2006,207 Drake Avenue,207,NA,Drake Avenue
11-12-2006,23 Troutbeck Drive,23,NA,Troutbeck Drive
08-01-2007,17 Durham Road,17,NA,Durham Road
15-01-2007,55 Rose Avenue,55,NA,Rose Avenue
29-01-2007,37 Chatcombe Drive,37,NA,Chatcombe Drive
05-02-2007,Flat 54 Randwick Drive,54,NA,Randwick Drive
21-05-2007,20 Cope Road,20,NA,Cope Road
21-05-2007,29 Linden Road,29,NA,Linden Road
28-05-2007,153 Liverpool Road,153,NA,Liverpool Road
11-06-2007,Flat 7 James Close,7,NA,James Close
16-07-2007,77 Drake Avenue,77,NA,Drake Avenue
30-07-2007,22 Solent Road,22,NA,Solent Road
13-08-2007,Flat 11 Vesta Tilley Court,11,NA,Vesta Tilley Court
24-09-2007,18 Grenville Road,18,NA,Grenville Road
22-10-2007,Flat 14 Randwick Drive,14,NA,Randwick Drive
12-11-2007,Flat 24 Selsey Close,24,NA,Selsey Close
10-12-2007,2 Solent Road,2,NA,Solent Road
10-12-2007,21 Linden Road,21,NA,Linden Road
14-01-2008,Flat 33 Wells Road,33,NA,Wells Road
21-01-2008,4 Portland Walk,4,NA,Portland Walk
28-01-2008,120 Liverpool Road,120,NA,Liverpool Road
18-02-2008,60 Canterbury Road,60,NA,Canterbury Road
25-02-2008,8 Medway Road,8,NA,Medway Road
12-05-2008,27 Fairbairn Avenue,27,NA,Fairbairn Avenue
19-05-2008,210 Canterbury Road,210,NA,Canterbury Road
29-09-2008,5 Larch Road,5,NA,Larch Road
03-11-2008,32 Oak Avenue,32,NA,Oak Avenue
01-12-2008,22 Coombs Road,22,NA,Coombs Road
16-02-2009,23 Burleigh Road,23,NA,Burleigh Road
30-03-2009,231 Drake Avenue,231,NA,Drake Avenue
07-09-2009,113 Windermere Drive,113,NA,Windermere Drive
04-11-2009,14 Ripon Road by WCH (RTA),14,NA,Ripon Road by WCH (RTA)
23-11-2009,27 Durham Road,27,NA,Durham Road
01-12-2009,155 Rose Avenue by WCH (RTA),155,NA,Rose Avenue by WCH (RTA)
21-12-2009,135 Hollymount Road,135,NA,Hollymount Road
18-01-2010,30 Bunns Road,30,NA,Bunns Road
01-02-2010,74 Tunnel Hill,74,NA,Tunnel Hill
19-04-2010,Flat 20 Randwick Drive,20,NA,Randwick Drive
21-06-2010,60 Glenthorne Avenue,60,NA,Glenthorne Avenue
08-11-2010,Flat 31 Grenville Road,31,NA,Grenville Road
28-03-2011,195 Drake Avenue,195,NA,Drake Avenue
16-05-2011,39 Boughton Avenue,39,NA,Boughton Avenue
11-07-2011,25 Canterbury Road,25,NA,Canterbury Road
18-07-2011,17 Buck Street,17,NA,Buck Street
12-09-2011,74 Rodborough Drive (Flat),74,NA,Rodborough Drive ()
08-10-2012,6 Thirlmere Close,6,NA,Thirlmere Close
04-03-2013,9 Chedworth Close,9,NA,Chedworth Close
04-03-2013,44 Norwich Road,44,NA,Norwich Road
11-03-2013,93 Windermere Drive,93,NA,Windermere Drive
25-03-2013,10 Calder Road,10,NA,Calder Road
25-03-2013,24 Bunns Road,24,NA,Bunns Road
25-03-2013,1 Glenthorne Avenue,1,NA,Glenthorne Avenue
08-04-2013,53 Norwich Road,53,NA,Norwich Road
29-04-2013,193 Cranham Drive,193,NA,Cranham Drive
13-05-2013,51 Drake Avenue,51,NA,Drake Avenue
10-06-2013,15 Portefields Road (Taylor),15,NA,Portefields Road (Taylor)
24-06-2013,10 Green Lane,10,NA,Green Lane
24-06-2013,17 Canterbury Road,17,NA,Canterbury Road
24-06-2013,47 Canterbury Road,47,NA,Canterbury Road
29-07-2013,103 Ransom Avenue,103,NA,Ransom Avenue
19-08-2013,14 Norwich Road,14,NA,Norwich Road
19-08-2013,42 Checketts Lane,42,NA,Checketts Lane
09-09-2013,24 Glenthorne Avenue,24,NA,Glenthorne Avenue
09-09-2013,24 Rea Way,24,NA,Rea Way
29-09-2013,103 Tunnel Hill,103,NA,Tunnel Hill
14-10-2013,22 Burleigh Road,22,NA,Burleigh Road
14-10-2013,126 Canterbury Road,126,NA,Canterbury Road
28-10-2013,30 Ryeland Close,30,NA,Ryeland Close
28-10-2013,64 Grenville Road,64,NA,Grenville Road
09-12-2013,11 Wakefield Close,11,NA,Wakefield Close
09-12-2013,8 James Close (Flat),8,NA,James Close ()
09-12-2013,7 Barnes way,7,NA,Barnes way
09-12-2013,9 Pine Way,9,NA,Pine Way
16-12-2013,4 Norfolk Close,4,NA,Norfolk Close
10-02-2014,1 Crickley Drive,1,NA,Crickley Drive
10-03-2014,26 Ryeland Close,26,NA,Ryeland Close
24-03-2014,36 Ripon Road,36,NA,Ripon Road
28-04-2014,38 Troutbeck Drive,38,NA,Troutbeck Drive
12-05-2014,32 Portefields Road,32,NA,Portefields Road
09-06-2014,187 Drake Avenue,187,NA,Drake Avenue
17-07-2014,10 Blackthorn Road,10,NA,Blackthorn Road
25-08-2014,230 Bromwich Road,230,NA,Bromwich Road
01-09-2014,57 Canterbury Road,57,NA,Canterbury Road
13-10-2014,7 Ash Avenue,7,NA,Ash Avenue
13-10-2014,129 Tudor Way,129,NA,Tudor Way
17-11-2014,35 Humber Road,35,NA,Humber Road
08-12-2014,118 Glenthorne Avenue,118,NA,Glenthorne Avenue
22-12-2014,24 Mayfield Avenue,24,NA,Mayfield Avenue
05-01-2015,13 Medway Road,13,NA,Medway Road
19-01-2015,6 Haresfield Close,6,NA,Haresfield Close
02-02-2015,Flat 51 Ambleside Drive,51,NA,Ambleside Drive
23-02-2015,20 Burford Close ,20,NA,Burford Close
06-07-2015,23 Shap Drive,23,NA,Shap Drive
13-07-2015,157 Avon Road,157,NA,Avon Road
03-08-2015,59 Carlisle Road,59,NA,Carlisle Road
07-09-2015,13 Hawthorn Road,13,NA,Hawthorn Road
02-11-2015,9 Painswick Close,9,NA,Painswick Close
30-11-2015,91 Langdale Drive,91,NA,Langdale Drive
11-01-2016,39 Carlisle Road,39,NA,Carlisle Road
11-01-2016,2 Wakefield Close,2,NA,Wakefield Close
01-02-2016,50 Victoria Street,50,NA,Victoria Street
15-02-2016,47 Hawkins Close,47,NA,Hawkins Close
15-02-2016,68 Liverpool Road,68,NA,Liverpool Road
29-02-2016,97 Avon Road,97,NA,Avon Road
07-03-2016,3 First Avenue,3,NA,First Avenue
14-03-2016,44 Langdale Drive,44,NA,Langdale Drive
18-04-2016,35 Carlisle Road,35,NA,Carlisle Road
18-04-2016,6 Coventry Avenue,6,NA,Coventry Avenue
25-04-2016,98 Mayfield Road,98,NA,Mayfield Road
09-05-2016,1 Spenser Road,1,NA,Spenser Road
23-05-2016,266 Drake Avenue,266,NA,Drake Avenue
06-06-2016,18 Checketts Lane,18,NA,Checketts Lane
20-06-2016,129 Tolladine Road,129,NA,Tolladine Road
27-06-2016,80 Green Lane,80,NA,Green Lane
27-06-2016,21 May Avenue,21,NA,May Avenue
04-07-2016,96 Glenthorne Avenue,96,NA,Glenthorne Avenue
18-07-2016,34 Fairbairn Avenue,34,NA,Fairbairn Avenue
22-08-2016,66 Winderemere Drive (RTA) ,66,NA,Winderemere Drive (RTA)
12-09-2016,76 Langdale Drive,76,NA,Langdale Drive
12-09-2016,31 Ryedale Close (Flat),31,NA,Ryedale Close ()
19-09-2016,94 Gresham Road (Flat) ,94,NA,Gresham Road ()
07-11-2016,18 Norwich Road,18,NA,Norwich Road
14-11-2016,41 Westminster Road,41,NA,Westminster Road
05-12-2016,36 Cedar Avenue,36,NA,Cedar Avenue
05-12-2016,62 Glenthorne Avenue (RTA),62,NA,Glenthorne Avenue (RTA)
05-12-2016,14 Selsey Close,14,NA,Selsey Close
19-12-2016,107 Avon Road,107,NA,Avon Road
23-01-2017,31 Vigornia Avenue,31,NA,Vigornia Avenue
30-01-2017,54 Norwich Road,54,NA,Norwich Road
13-02-2017,7 Laurel Road ,7,NA,Laurel Road
13-02-2017,26 Goodrest Walk ,26,NA,Goodrest Walk
13-03-2017,11 Avening Close ,11,NA,Avening Close
08-05-2017,5 Spenser Road ,5,NA,Spenser Road
08-05-2017,160 Drake Avenue,160,NA,Drake Avenue
15-05-2017,28 Cedar Avenue,28,NA,Cedar Avenue
16-10-2017,50 Boughton Avenue,50,NA,Boughton Avenue
16-10-2017,96 Mayfield Road,96,NA,Mayfield Road
13-11-2017,36 Lichfield Ave,36,NA,Lichfield Ave
20-11-2017,27 Rose Avenue,27,NA,Rose Avenue
18-12-2017,13 Middle Street,13,NA,Middle Street
08-01-2018,35 Crickley Drive (Flat),35,NA,Crickley Drive ()
08-01-2018,3 Linden Road,3,NA,Linden Road
22-01-2018,17 Ryeland Close,17,NA,Ryeland Close
05-02-2018,25 Linden Rd,25,NA,Linden Rd
19-02-2018,29 Gorse Hill Rd,29,NA,Gorse Hill Rd
26-03-2018,14 Wellington Close,14,NA,Wellington Close
16-05-2018,1 Laurel Road,1,NA,Laurel Road
02-07-2018,52 Coventry Avenue ,52,NA,Coventry Avenue
23-07-2018,14 Canterbury Road ,14,NA,Canterbury Road
23-07-2018,5 Oxford Close,5,NA,Oxford Close
01-08-2018,14 Raleigh Close,14,NA,Raleigh Close
20-08-2018,160 Canterbury Road,160,NA,Canterbury Road
20-08-2018,207C Drake Avenue,207C,NA,Drake Avenue
24-09-2018,20 Ripon Road,20,NA,Ripon Road
15-10-2018,30 Blackpole Road ,30,NA,Blackpole Road
17-12-2018,41 Bunns Road ,41,NA,Bunns Road
21-01-2019,24 Calder Road,24,NA,Calder Road
13-05-2019,27 Thorn Avenue,27,NA,Thorn Avenue
17-06-2019,28 Durham Road,28,NA,Durham Road
01-07-2019,24 Canterbury Road,24,NA,Canterbury Road
05-08-2019,16 Rose Avenue,16,NA,Rose Avenue
04-11-2019,38 Coventry Avenue,38,NA,Coventry Avenue
25-11-2019,12 St Richards Garden (Wychavon),12,NA,St Richards Garden (Wychavon)
09-12-2019,30 Shannon Way (WTA – Wychavon),30,NA,Shannon Way (WTA – Wychavon)
10-02-2020,123 Drake Ave,123,NA,Drake Ave
10-02-2020,149 Rose Ave,149,NA,Rose Ave
29-06-2020,82 Borrowdale Drive,82,NA,Borrowdale Drive
29-06-2020,36 Humber Road,36,NA,Humber Road
13-07-2020,2 Humber Road,2,NA,Humber Road
17-08-2020,55 Linden Avenue,55,NA,Linden Avenue
28-08-2020,2 Carlisle Road (VRTB),2,NA,Carlisle Road (VRTB)
05-10-2020,4 Oxford Close ,4,NA,Oxford Close
26-10-2020,8 Gresham Road ,8,NA,Gresham Road
07-12-2020,224 Canterbury Road,224,NA,Canterbury Road
08-02-2021,29 Chatcombe Drive,29,NA,Chatcombe Drive
25-05-2021,75 Liverpool Road (RTA),75,NA,Liverpool Road (RTA)
14-06-2021,28 Ryeland Close ,28,NA,Ryeland Close
14-06-2021,15 Carlisle Road ,15,NA,Carlisle Road
05-07-2021,131 Chedworth Drive (RTA),131,NA,Chedworth Drive (RTA)
11-10-2021,22 Shap Drive ,22,NA,Shap Drive
15-10-2021,78 Carlisle Road (RTA) ,78,NA,Carlisle Road (RTA)
17-01-2022,18 Rydal Close ,18,NA,Rydal Close
25-01-2022,46 Lichfield Avenue (RTA),46,NA,Lichfield Avenue (RTA)
01-02-2022,29 Patterdale Drive ,29,NA,Patterdale Drive
17-03-2022,6 Larch Road ,6,NA,Larch Road
31-03-2022,2 Dent Close (RTA),2,NA,Dent Close (RTA)
25-04-2022,1 Cartmel Close ,1,NA,Cartmel Close
25-04-2022,56 Linden Road ,56,NA,Linden Road
11-05-2022,132 Langdale Drive,132,NA,Langdale Drive
17-06-2022,170 Drake Avenue ,170,NA,Drake Avenue
20-06-2022,124 Avon Road ,124,NA,Avon Road
27-07-2022,71 Humber Road (RTA),71,NA,Humber Road (RTA)
15-09-2022,46 Ransom Avenue,46,NA,Ransom Avenue
