street_number,town,postcode,property_type,date,num_bedrooms,sale_value,discount,valuation,house_number,house_number2,street_name
48 Eden Grove Road,Byfleet,NA,Flat,NA,NA,NA,NA,NA,48,NA,Eden Grove Road
76 Brookfield,Horsell,GU21 3AD,Flat,19-12-2022,2,140400,84600,225000,76,NA,Brookfield
7 Blackmore Crescent,Sheerwater,GU21 5NP,House,14-11-2022,3,300400,84600,385000,7,NA,Blackmore Crescent
"10 St Michaels Road, ",Sheerwater,GU21 5PY,House,24-10-2022,2,240400,84600,325000,10,NA,"St Michaels Road,"
33 Walton Court,Woking,GU21 5EB,Flat,10-10-2022,2,150800,84600,235400,33,NA,Walton Court
5 Bracklesham House,Knaphill,GU21 2RA,Maisonette,10-10-2022,1,125400,84600,210000,5,NA,Bracklesham House
35 Balfour Avenue,Horsell,GU21 4UN,Flat,10-10-2022,1,115400,86600,202000,35,NA,Balfour Avenue
49 Hammond Road,Woking,GU21 4TH,Bungalow,25-07-2022,1,170400,84600,255000,49,NA,Hammond Road
19 Ash Road,Woking,GU22 0BJ,House,18-07-2022,2,327900,84600,412500,19,NA,Ash Road
171 Brookfield,Woking,GU21 3AE,Flat,11-04-2022,2,185000,82800,267800,171,NA,Brookfield
189 Rydens Way,Woking,GU22 9DQ,House,11-04-2022,3,270400,84600,355000,189,NA,Rydens Way
56 Walton Court,Woking,GU21 5ED,Maisonette,28-03-2022,3,170800,84200,255000,56,NA,Walton Court
26 Soyer Court,Woking,GU21 8AQ,House,28-03-2022,3,240800,84200,325000,26,NA,Soyer Court
19 Balfour Avenue,Woking,GU22 9NL,House,07-03-2022,3,275400,84600,360000,19,NA,Balfour Avenue
26 Granville Road,Woking,GU22 9NE,House,14-02-2022,2,235400,84600,320000,26,NA,Granville Road
30 Waterers Rise,Woking,GU21 2HU,House,31-01-2022,3,255800,84200,340000,30,NA,Waterers Rise
61 Priors Croft,Woking,GU22 9HA,Maisonette,23-01-2022,2,135800,84200,220000,61,NA,Priors Croft
55 Walton Court,Woking,GU21 5ED,Flat,01-11-2021,3,170800,84200,255000,55,NA,Walton Court
27 Sparvell Road,Woking,GU21 2RS,House,06-09-2021,3,310800,84200,395000,27,NA,Sparvell Road
95 Eden Grove Rd,West Byfleet,KT14 7PX,Maisonette,16-08-2021,2,115800,84200,200000,95,NA,Eden Grove Rd
43 Brookfield,Horsell ,GU21 3AA,Flat,16-08-2021,1,95800,84200,180000,43,NA,Brookfield
20 Langmans Way,Woking,GU21 3QY,Flat,26-07-2021,2,120000,84200,204200,20,NA,Langmans Way
22 Gloster Road,Old Woking,GU22 9EX,House,26-07-2021,3,245800,84200,330000,22,NA,Gloster Road
102 Frenchs Wells,Horsell ,GU21 3AU,Maisonette,28-06-2021,2,125800,84200,210000,102,NA,Frenchs Wells
22 Walton Court,Woking,GU21 5EB,Maisonette,28-06-2021,2,150800,84200,235000,22,NA,Walton Court
107 Fenchs Wells,Woking,GU21 3AU,Maisonette,21-06-2021,2,135800,84200,220000,107,NA,Fenchs Wells
82 Hart Road,West Byfleet,KT14 7NL,House,26-04-2021,3,260000,84200,344200,82,NA,Hart Road
9 Hammond Close,Horsell ,GU21 4TL,House,26-04-2021,3,310800,84200,395000,9,NA,Hammond Close
4 Pearl Court,Woking,GU21 3QZ,House,08-03-2021,2,210800,84200,295000,4,NA,Pearl Court
36 Priors Croft,Old Woking,GU22 9EY,House,08-03-2021,3,245800,84200,330000,36,NA,Priors Croft
6 Stream Close,West Byfleet,KT14 7LZ,Flat,22-02-2021,2,125800,84200,210000,6,NA,Stream Close
131 Albert Drive,Sheerwater,GU21 5QY,House,17-01-2021,3,272200,84200,356400,131,NA,Albert Drive
32 Sythwood,Woking,GU21 3AL,Maisonette,07-12-2020,2,104700,82800,187500,32,NA,Sythwood
63 Pares Close,Horsell ,GU21 4QL,Flat,26-10-2020,2,137200,82800,220000,63,NA,Pares Close
23 Hanbury Parth,Sheerwater,GU21 5RB,House,15-10-2020,2,235800,84200,320000,23,NA,Hanbury Parth
35 Balmoral Drive,Maybury,GU22 8EY,House,17-08-2020,3,380000,82800,462800,35,NA,Balmoral Drive
30 Albert Drive,Sheerwater,GU21 5QZ,House,04-08-2020,3,269100,80900,350000,30,NA,Albert Drive
76a Albert Drive,Sheerwater,GU21 5QZ,Flat,18-05-2020,3,147200,82800,230000,76a,NA,Albert Drive
4 Queen Elizabeth Way,Kingfield,GU22 9AQ,House,04-05-2020,2,257200,82800,340000,4,NA,Queen Elizabeth Way
64 Colliers Close,Horsell ,GU21 3AW,Flat,23-03-2020,1,63800,81200,145000,64,NA,Colliers Close
111 Hawthorn Road,Barnsbury,GU22 0BG,House,09-03-2020,3,332200,82800,415000,111,NA,Hawthorn Road
33a Quartermaine Ave,Westfield,GU22 9NN,Flat,02-03-2020,1,87200,82800,170000,33a,NA,Quartermaine Ave
87 Eden Grove Road,West Byfleet,KT14 7PJ,Flat,10-02-2020,1,92200,82800,175000,87,NA,Eden Grove Road
59 Granville Rd,Westfield,GU22 9ND,House,17-12-2019,2,232200,82800,315000,59,NA,Granville Rd
90b Albert Drive,Sheerwater,GU21 5RE,Flat,16-12-2019,3,147200,82800,230000,90b,NA,Albert Drive
115 Gloster Road,Old Woking,GU22 9EU,House,03-12-2019,3,214100,80900,295000,115,NA,Gloster Road
10 Farm Road,Old Woking,GU22 9HL,House,02-12-2019,3,262200,82800,345000,10,NA,Farm Road
23 Colliers Close,Horsell ,GU21 3AN,Maisonette,18-11-2019,2,92200,82800,175000,23,NA,Colliers Close
4 Walton Court,Woking,GU21 5EA,Flat,13-11-2019,1,104042,80958,185000,4,NA,Walton Court
59 Colliers Close,Horsell ,GU21 3AN,Maisonette,28-10-2019,2,92200,82800,175000,59,NA,Colliers Close
20 Petersham Ave,West Byfleet,KT14 7HU,House,16-09-2019,2,252200,82800,335000,20,NA,Petersham Ave
30 Alpha Rd,Maybury,GU22 8EL,Flat,09-09-2019,1,99100,80900,180000,30,NA,Alpha Rd
11 Alpha Rd,Maybury,GU22 8EJ,Flat,19-08-2019,2,134100,80900,215000,11,NA,Alpha Rd
71 Gloster Road,Old Woking,GU22 9EU,House,20-05-2019,3,219100,80900,300000,71,NA,Gloster Road
66 Courtenay Rd,Woking,GU21 5HQ,House,04-03-2019,3,254100,80900,335000,66,NA,Courtenay Rd
39 Windsor Way,Maybury,GU22 8DJ,House,25-02-2019,3,264100,80900,345000,39,NA,Windsor Way
100a Albert Drive ,Sheerwater,GU21 5RE,Flat,28-01-2019,3,169100,80900,250000,100a,NA,Albert Drive
96 Frenchs Wells,Horsell ,GU21 3AU,Maisonette,21-01-2019,2,154100,80900,235000,96,NA,Frenchs Wells
24 Beaufort Rd,Maybury,GU22 8BY,House,26-11-2018,3,271400,78600,350000,24,NA,Beaufort Rd
73 Elmbridge Lane,Kingfield,GU22 9AN,House,12-11-2018,3,304100,80900,385000,73,NA,Elmbridge Lane
195 Brookfield,Horsell ,GU21 3AE,Maisonette,29-10-2018,2,154042,80958,235000,195,NA,Brookfield
19 Puckshill,Knaphill,GU21 2BS,Flat,10-09-2018,1,111400,78600,190000,19,NA,Puckshill
87 Queen Elizabeth Way,Kingfield,GU22 9AH,House,13-08-2018,2,251400,78600,330000,87,NA,Queen Elizabeth Way
19 Howards Road,Kingfield,GU22 9AP,House,13-08-2018,2,271400,78600,350000,19,NA,Howards Road
26 Willow Way,Barnsbury,GU22 0BN,House,16-07-2018,3,261400,78600,340000,26,NA,Willow Way
36 Gloster Road,Old Woking,GU22 9EX,House,18-06-2018,3,221400,78600,300000,36,NA,Gloster Road
21 Watercress Way,Woking,GU21 3DJ,Flat,21-05-2018,1,180000,78600,258600,21,NA,Watercress Way
24 Eden Grove Road,West Byfleet,KT14 7PH,House,14-05-2018,2,246400,78600,325000,24,NA,Eden Grove Road
7 The Spur,Knaphill,GU21 2RT,House,16-04-2018,3,281400,78600,360000,7,NA,The Spur
54 Lambourne Crescent,Sheerwater,GU21 5RQ,House,19-03-2018,2,302000,78600,380600,54,NA,Lambourne Crescent
5 Tracious Close,Horsell ,GU21 3AF,Flat,19-03-2018,2,141400,78600,220000,5,NA,Tracious Close
15 St Hildas Close,Knaphill,GU21 2NJ,House,12-02-2018,3,320000,77900,397900,15,NA,St Hildas Close
101 St Michaels Road,Sheerwater,GU21 5QA,House,11-12-2017,2,216400,78600,295000,101,NA,St Michaels Road
39 Balfour Ave,Westfield,GU22 9NL,House,04-12-2017,3,237100,77900,315000,39,NA,Balfour Ave
11 Hammond Close,Horsell ,GU21 4TL,House,13-11-2017,3,267100,77900,345000,11,NA,Hammond Close
94 Princess Road,Maybury ,GU22 8EP,House,02-10-2017,2,222100,77900,300000,94,NA,Princess Road
123 Brookfield,Horsell ,GU21 3AB,House,25-09-2017,3,222100,77900,300000,123,NA,Brookfield
79 Eden Grove Rd,West Byfleet,KT14 7PJ,Flat,18-09-2017,1,102100,77900,180000,79,NA,Eden Grove Rd
74 Hart Road,West Byfleet,KT14 7NJ,House,11-09-2017,3,147100,77900,225000,74,NA,Hart Road
127 Frenchs Wells,Horsell ,GU21 3AU,Maisonette,14-08-2017,2,149600,77900,227500,127,NA,Frenchs Wells
82 Albert Drive,Sheerwater,GU21 5QZ,House,17-07-2017,3,177000,77000,254000,82,NA,Albert Drive
14 Ashley Court,St Johns ,GU21 8SH,Bungalow,10-07-2017,2,217100,77900,295000,14,NA,Ashley Court
11 Cobbetts Close,Horsell ,GU21 3AH,Maisonette,03-07-2017,3,157100,77900,235000,11,NA,Cobbetts Close
6 Queen Elizabeth Way,kingfield,GU22 9AQ,House,19-06-2017,2,252100,77900,330000,6,NA,Queen Elizabeth Way
34 Pares Close,Horsell ,GU21 4QN,Maisonette,15-05-2017,3,142100,77900,220000,34,NA,Pares Close
22 Quartermaine Ave,Westfield,GU22 9NN,House,11-05-2017,2,232100,77900,310000,22,NA,Quartermaine Ave
6 Lambourne Crescent,Sheerwater,GU21 5RQ,House,08-05-2017,3,202100,77900,280000,6,NA,Lambourne Crescent
45 Hart Road,West Byfleet,KT14 7NJ,House,03-04-2017,3,152100,77900,230000,45,NA,Hart Road
61 St Michaels Road,Sheerwater,GU21 5PZ,House,03-04-2017,3,217100,77900,295000,61,NA,St Michaels Road
72a Albert Drive,Sheerwater,GU21 5QZ,Flat,06-03-2017,2,70000,70000,140000,72a,NA,Albert Drive
49 Granville Road,Westfield,GU22 9ND,House,06-03-2017,2,180500,77000,257500,49,NA,Granville Road
50 Broadway,Knaphill,GU21 2DT,House,06-03-2017,3,280100,77900,358000,50,NA,Broadway
19 Princess Road,Maybury,GU22 8EN,House,09-01-2017,3,252100,77900,330000,19,NA,Princess Road
112 Rectory Lane,Byfleet,KT14 7LY,House,19-12-2016,3,140600,77900,218500,112,NA,Rectory Lane
26 Bunyard Drive,Sheerwater,GU21 5NU,House,12-12-2016,3,237100,77900,315000,26,NA,Bunyard Drive
9 Corrie Road,Old Woking,GU22 9JP,House,26-11-2016,3,262100,77900,340000,9,NA,Corrie Road
84 Hart Road,Byfleet,KT14 7NL,House,24-10-2016,3,112100,77900,190000,84,NA,Hart Road
3 Colliers Close,Horsell ,GU21 3AN,Maisonette,03-10-2016,2,122100,77900,200000,3,NA,Colliers Close
52 Granville Road,Westfield,GU22 9NE,House,03-10-2016,2,190100,77900,268000,52,NA,Granville Road
 132 St Michaels Road,Woking,GU21 5QA,House,26-09-2016,3,197100,77900,275000,132,NA,St Michaels Road
35 Brookfield,Horsell ,GU21 3AA,Flat,26-09-2016,1,87100,77900,165000,35,NA,Brookfield
6 Foresters Close,St Johns,GU21 8UB,Maisonette,29-08-2016,2,147100,77900,225000,6,NA,Foresters Close
118 Albert Drive,Sheerwater,GU21 5UA,House,29-08-2016,2,192100,77900,270000,118,NA,Albert Drive
4 Wayside Court,Woking,GU21 3RP,Bungalow,22-08-2016,2,122100,77900,200000,4,NA,Wayside Court
108 Eden Groad Road,Byfleet,KT14 7PX,Flat,18-07-2016,3,132100,77900,210000,108,NA,Eden Groad Road
16 Dartmouth Green,Sheerwater,GU21 5PW,House,18-07-2016,3,197100,77900,275000,16,NA,Dartmouth Green
12 Tracious Close,Horsell ,GU21 3AF,Flat,27-06-2016,2,107100,77900,185000,12,NA,Tracious Close
44 Granville Road,Westfield,GU22 9NE,House,06-06-2016,2,174600,77900,252500,44,NA,Granville Road
95 Frenchs Wells,Horsell ,GU21 3AU,Maisonette,06-06-2016,3,102100,77900,180000,95,NA,Frenchs Wells
15 Balfour Avenue,Westfield,GU22 9NJ,House,06-06-2016,2,217100,77900,295000,15,NA,Balfour Avenue
61 Willow Way,Barnsbury,GU22 0BW,House,09-05-2016,2,221100,77900,299000,61,NA,Willow Way
34 Alpha Road,Maybury ,GU22 8EL,Flat,25-04-2016,3,132100,77900,210000,34,NA,Alpha Road
108 Albert Drive,Sheerwater,GU21 5UA,House,18-04-2016,3,212100,77900,290000,108,NA,Albert Drive
77 Colliers Close,Horsell ,GU21 3AN,Maisonette,18-04-2016,2,77100,77900,155000,77,NA,Colliers Close
9 Sappho Court,Woking,GU21 3RA,Flat,28-03-2016,1,NA,NA,NA,9,NA,Sappho Court
112 Frenchs Wells,Horsell ,GU21 3AU,Maisonette,29-02-2016,2,NA,NA,NA,112,NA,Frenchs Wells
15 Colliers Close,Horsell ,GU21 3AN,Maisonette,29-02-2016,2,NA,NA,NA,15,NA,Colliers Close
9 St Michaels Road,Sheerwater,GU21 5PY,House,29-02-2016,3,NA,NA,NA,9,NA,St Michaels Road
21 Princess Road,Maybury ,GU22 8EN,House,22-02-2016,3,NA,NA,NA,21,NA,Princess Road
86 Walton Court,Woking,GU21 5HW,Maisonette,15-02-2016,3,NA,NA,NA,86,NA,Walton Court
131 Frenchs Wells,Horsell ,GU21 3AU,Maisonette,15-02-2016,2,NA,NA,NA,131,NA,Frenchs Wells
17 Princess Gardens,Maybury ,GU22 8EH,Flat,01-02-2016,1,NA,NA,NA,17,NA,Princess Gardens
21 Goldfort Walk,Woking,GU21 3RB,House,21-12-2015,2,NA,NA,NA,21,NA,Goldfort Walk
3 Priors Croft,Old Woking,GU22 9EY,Flat,14-12-2015,1,NA,NA,NA,3,NA,Priors Croft
6 Gloster Road,Old Woking,GU22 9EX,House,14-12-2015,3,NA,NA,NA,6,NA,Gloster Road
3 Brookfield,Horsell ,GU21 3AA,Flat,07-12-2015,1,NA,NA,NA,3,NA,Brookfield
31 Apha Road,Maybury ,GU22 8EL,Flat,29-11-2015,1,NA,NA,NA,31,NA,Apha Road
8 Ash Close,Barnsbury,GU22 0BU,Bungalow,22-11-2015,2,NA,NA,NA,8,NA,Ash Close
120 Frenchs Wells,Horsell ,GU21 3AU,Maisonette,16-11-2015,2,NA,NA,NA,120,NA,Frenchs Wells
16 Goldfort Walk,Woking,GU21 3RB,House,28-09-2015,2,NA,NA,NA,16,NA,Goldfort Walk
71 Walton Court,Woking,GU21 5EE,Maisonette,14-09-2015,3,NA,NA,NA,71,NA,Walton Court
74a Albert Drive,Sheerwater,GU21 5QZ,Flat,07-09-2015,2,NA,NA,NA,74a,NA,Albert Drive
11 Anchor Hill,Knaphill,GU21 2JH,House,24-08-2015,3,NA,NA,NA,11,NA,Anchor Hill
50 Gloster Road,Old Woking,GU22 9EX,House,10-08-2015,3,NA,NA,NA,50,NA,Gloster Road
44 Board School Road,Woking,GU21 5HE,Flat,27-07-2015,0,NA,NA,NA,44,NA,Board School Road
111 Frenchs Wells,Horsell ,GU21 3AU,Maisonette,20-07-2015,2,NA,NA,NA,111,NA,Frenchs Wells
59 Stream Close,Byfleet,KT14 7LZ,Flat,30-06-2015,2,NA,NA,NA,59,NA,Stream Close
34 Eden Grove Road,Byfleet,KT14 7PH,House,01-06-2015,2,NA,NA,NA,34,NA,Eden Grove Road
12 Queen Mary Close,Maybury ,GU22 8DD,Bungalow,20-04-2015,2,NA,NA,NA,12,NA,Queen Mary Close
67 Granville Road,Westfield,GU22 9ND,House,30-03-2015,NA,NA,NA,NA,67,NA,Granville Road
19 Cobbetts Close,Horsell ,GU21 3AH,Maisonette,30-03-2015,NA,NA,NA,NA,19,NA,Cobbetts Close
18 Dartmouth Green,Sheerwater,GU21 5PW,House,26-01-2015,NA,NA,NA,NA,18,NA,Dartmouth Green
4 Sundridge Road,Woking,GU22 9AU,House,26-01-2015,NA,NA,NA,NA,4,NA,Sundridge Road
39 Albert Drive ,Sheerwater,GU21 5LA,House,05-01-2015,NA,NA,NA,NA,39,NA,Albert Drive
45 Gloster Road,Old Woking,GU22 9EU,House,15-12-2014,3,NA,NA,NA,45,NA,Gloster Road
126 Frenchs Wells,Horsell ,GU21 3AU,Maisonette,15-12-2014,NA,NA,NA,NA,126,NA,Frenchs Wells
6 Sappho Court,St Johns ,GU21 3RA,Flat,09-12-2014,NA,NA,NA,NA,6,NA,Sappho Court
34 Farm Road,Old Woking,GU22 9HL,House,17-11-2014,NA,NA,NA,NA,34,NA,Farm Road
99 Frenchs Wells,Horsell ,GU21 3AU,Maisonette,21-09-2014,NA,NA,NA,NA,99,NA,Frenchs Wells
"St Olives, Thornash Way",Horsell ,GU21 4UN,House,08-09-2014,NA,NA,NA,NA,NA,NA,NA
47 Walton Court,Woking,GU21 5ED,Maisonette,07-09-2014,NA,NA,NA,NA,47,NA,Walton Court
29 Pares Close,Horsell ,GU21 4QL,Maisonette,01-09-2014,NA,NA,NA,NA,29,NA,Pares Close
58 Blackmore Crescent,Sheerwater,GU21 5NR,House,18-08-2014,NA,NA,NA,NA,58,NA,Blackmore Crescent
5 Victoria Road,Knaphill,GU21 2AN,Maisonette,28-07-2014,NA,NA,NA,NA,5,NA,Victoria Road
72 Courtenay Road,Woking,GU21 5HQ,House,30-06-2014,NA,NA,NA,NA,72,NA,Courtenay Road
30 Ford Road,Old Woking,GU22 9HP,House,30-06-2014,NA,NA,NA,NA,30,NA,Ford Road
32 Princess Gardens,Maybury ,GU22 8EH,Bungalow,23-06-2014,NA,NA,NA,NA,32,NA,Princess Gardens
17 Laburnum Road,Barnsbury,GU22 0BS,House,19-05-2014,NA,NA,NA,NA,17,NA,Laburnum Road
4 Beaufort Close,Maybury ,GU22 8DA,House,28-04-2014,NA,NA,NA,NA,4,NA,Beaufort Close
59 Priorscroft,Old Woking,GU22 9HA,Maisonette,28-04-2014,NA,NA,NA,NA,59,NA,Priorscroft
4 Granville Flats,Westfield,GU22 9NF,Flat,14-04-2014,NA,NA,NA,NA,4,NA,Granville Flats
2 Gloster Road,Old Woking,GU22 9EX,House,07-04-2014,3,NA,NA,NA,2,NA,Gloster Road
26 Alpha Road,Maybury ,GU21 8EJ,Flat,17-03-2014,NA,NA,NA,NA,26,NA,Alpha Road
130 Eden Grove Road,Byfleet,KT14 7PX,House,17-03-2014,NA,NA,NA,NA,130,NA,Eden Grove Road
39 Ash Road,Barnsbury,GU22 0BJ,Flat,17-02-2014,NA,NA,NA,NA,39,NA,Ash Road
70 Eden Grove Road,Byfleet,KT14 7PJ,Flat,03-02-2014,NA,NA,NA,NA,70,NA,Eden Grove Road
80 Pares Close,Horsell ,GU21 4QN,Maisonette,27-01-2014,NA,NA,NA,NA,80,NA,Pares Close
49 Priors Croft ,Old Woking,GU22 9EZ,House,20-01-2014,NA,NA,NA,NA,49,NA,Priors Croft
6 Alpha Road,Maybury ,GU22 8EJ,Flat,13-01-2014,NA,NA,NA,NA,6,NA,Alpha Road
67 Walton Court,Woking,GU21 5EE,Maisonette,13-01-2014,NA,NA,NA,NA,67,NA,Walton Court
41 Alpha Road ,Maybury ,GU22 8EL,Flat,17-11-2013,NA,NA,NA,NA,41,NA,Alpha Road
21 Blackmore Crescent ,Woking,GU21 5NP,House,07-10-2013,NA,NA,NA,NA,21,NA,Blackmore Crescent
59 St Michaels Road ,Sheerwater,GU21 5PZ,House,23-09-2013,NA,NA,NA,NA,59,NA,St Michaels Road
221 High Street,Old Woking,GU22 9JH,House,26-08-2013,NA,NA,NA,NA,221,NA,High Street
6 Cobbetts Close ,Woking,GU21 3AH,Maisonette,12-08-2013,NA,NA,NA,NA,6,NA,Cobbetts Close
67 Brookfield ,Horsell ,GU21 3AB,Maisonette,05-08-2013,NA,NA,NA,NA,67,NA,Brookfield
12 Ashwindham Court,St Johns,GU21 8AW,House,15-07-2013,NA,NA,NA,NA,12,NA,Ashwindham Court
33 St Michaels Road ,Sheerwater,GU21 5PZ,House,08-07-2013,NA,NA,NA,NA,33,NA,St Michaels Road
62 Brookfield ,Horsell ,GU21 3AD,Maisonette,08-07-2013,NA,NA,NA,NA,62,NA,Brookfield
14 Alpha Road ,Maybury ,GU22 8EJ,Flat,08-07-2013,NA,NA,NA,NA,14,NA,Alpha Road
79 Albert Drive,Sheerwater,GU215PB,House,03-06-2013,NA,NA,NA,NA,79,NA,Albert Drive
8 Molloy Court,Woking,GU21 5BZ,Flat,27-05-2013,NA,NA,NA,NA,8,NA,Molloy Court
134 Albert Drive,Sheerwater,GU21 5UA,House,29-04-2013,NA,NA,NA,NA,134,NA,Albert Drive
89 Queen Elizabeth Way,Kingfield ,GU22 9AH,House,08-04-2013,NA,NA,NA,NA,89,NA,Queen Elizabeth Way
86 Eden Grove Road ,Byfleet ,KT14 7PX,Flat,24-02-2013,NA,NA,NA,NA,86,NA,Eden Grove Road
34 Nursery Road,Knaphill ,GU21 2NN,House,24-02-2013,NA,NA,NA,NA,34,NA,Nursery Road
63 Huntingdon Road ,Woking,GU21 3JP,House,18-02-2013,NA,NA,NA,NA,63,NA,Huntingdon Road
8a Forsyth Path ,Sheerwater,GU21 5QG,Flat,02-12-2012,NA,NA,NA,NA,8a,NA,Forsyth Path
45 Ash Road ,Sheerwater,GU22 OBJ,Flat,25-11-2012,NA,NA,NA,NA,45,NA,Ash Road
6 Willow Way ,Barnsbury ,GU22 OBN,House,25-11-2012,NA,NA,NA,NA,6,NA,Willow Way
16 Cobbetts Close ,Horsell ,GU21 3AH,Maisonette,16-10-2012,NA,NA,NA,NA,16,NA,Cobbetts Close
138 St Michaels Road ,Sheerwater,GU21 5QA,House,24-09-2012,NA,NA,NA,NA,138,NA,St Michaels Road
5 Hawthorn Close,Barnsbury,GU22 OBT,House,16-09-2012,NA,NA,NA,NA,5,NA,Hawthorn Close
31 Bunyard Drive ,Sheerwater,GU21 5NU,House,16-09-2012,NA,NA,NA,NA,31,NA,Bunyard Drive
50 Frenchs Wells,Horsell ,GU21 3AT,Maisonette,02-09-2012,NA,NA,NA,NA,50,NA,Frenchs Wells
47 Frenchs Wells,Horsell ,GU21 3AT,Maisonette,16-07-2012,NA,NA,NA,NA,47,NA,Frenchs Wells
133b Devonshire Avenue ,Sheerwater,GU21 5QB,Flat,28-05-2012,NA,NA,NA,NA,133b,NA,Devonshire Avenue
2 Grobars Avenue ,Horsell ,GU21 4TP,House,28-11-2011,NA,NA,NA,NA,2,NA,Grobars Avenue
95 Walton Court ,Woking,GU21 5HW,Maisonette,17-10-2011,NA,NA,NA,NA,95,NA,Walton Court
107 Eden Grove Road,Byfleet,KT14 7PX,Flat,26-09-2011,NA,NA,NA,NA,107,NA,Eden Grove Road
80 Rectory Lane,Byfleet,KT14 7LX,House,15-08-2011,NA,NA,NA,NA,80,NA,Rectory Lane
76 Albert Drive ,Sheerwater,GU21 5QZ,Flat,27-06-2011,NA,NA,NA,NA,76,NA,Albert Drive
50 Bunyard Drive ,Sheerwater,GU21 5NX,House,13-06-2011,NA,NA,NA,NA,50,NA,Bunyard Drive
5 Falcon Court ,Sheerwater,GU21 5PR,House,23-05-2011,NA,NA,NA,NA,5,NA,Falcon Court
26 Pares Close ,Horsell,GU21 4QN,Maisonette,14-03-2011,NA,NA,NA,NA,26,NA,Pares Close
18 Newlands Avenue,Westfield ,GU22 9NR,House,21-12-2010,NA,NA,NA,NA,18,NA,Newlands Avenue
100 Frenchs Wells,Horsell ,GU21 3AU,Maisonette,27-09-2010,NA,NA,NA,NA,100,NA,Frenchs Wells
90 Courtenay Road ,Woking ,GU21 5HN,House,27-09-2010,NA,NA,NA,NA,90,NA,Courtenay Road
116 Princess Road,Maybury,GU22 8ES,House,06-09-2010,NA,NA,NA,NA,116,NA,Princess Road
14 Wakehurst Path,Sheerwater,GU21 5NT,House,23-08-2010,NA,NA,NA,NA,14,NA,Wakehurst Path
17 Everest Court ,Woking ,GU21 3RH,House,23-08-2010,NA,NA,NA,NA,17,NA,Everest Court
213 Albert Drive,Sheerwater,GU21 5RD,House,23-08-2010,NA,NA,NA,NA,213,NA,Albert Drive
38 Brookfield ,Horsell,GU21 3AD,Maisonette,12-07-2010,NA,NA,NA,NA,38,NA,Brookfield
73 Dartmouth Avenue,Sheerwater,GU21 5PQ,Flat,05-07-2010,NA,NA,NA,NA,73,NA,Dartmouth Avenue
103 French's Wells,Horsell,GU21 3AU,Maisonette,05-07-2010,NA,NA,NA,NA,103,NA,French's Wells
13 Boltons Lane ,Pyrford ,GU22 8TL,House,28-06-2010,NA,NA,NA,NA,13,NA,Boltons Lane
40d Birchwood Road ,West Byfleet ,KT14 6DP,Studio,24-05-2010,NA,NA,NA,NA,40d,NA,Birchwood Road
70a Devonshire Avenue,Sheerwater,GU21 5QQ,Flat,26-04-2010,NA,NA,NA,NA,70a,NA,Devonshire Avenue
8 Corrie Road,Old Woking ,GU22 9JP,House,01-02-2010,NA,NA,NA,NA,8,NA,Corrie Road
4 The Fieldings,Woking,GU21 3RU,House,14-12-2009,NA,NA,NA,NA,4,NA,The Fieldings
14 Cobbetts Close,Horsell,GU21 3AH,Maisonette,16-11-2009,NA,NA,NA,NA,14,NA,Cobbetts Close
65 Hart Road,Byfleet ,KT14 7NL,House,02-11-2009,NA,NA,NA,NA,65,NA,Hart Road
28 Alpha Road,Maybury,GU22 8EJ,Flat,28-09-2009,NA,NA,NA,NA,28,NA,Alpha Road
94 Devonshire Ave,Sheerwater,GU21 5QB,House,24-08-2009,NA,NA,NA,NA,94,NA,Devonshire Ave
17 Campbell Avenue,Westfield,GU22 9NP,House,15-09-2008,NA,NA,NA,NA,17,NA,Campbell Avenue
14 Lockwood Path,Sheerwater,GU21 5RH,House,08-09-2008,NA,NA,NA,NA,14,NA,Lockwood Path
35 Blackmore Crescent,Sheerwater,GU21 5NR,House,28-07-2008,NA,NA,NA,NA,35,NA,Blackmore Crescent
52 Walton Court,Woking,GU21 5ED,Maisonette,28-04-2008,NA,NA,NA,NA,52,NA,Walton Court
129 Brookfield,Horsell,GU21 3AE,House,07-04-2008,NA,NA,NA,NA,129,NA,Brookfield
77 Walton Road,Woking,GU21 5DW,Flat,18-02-2008,NA,NA,NA,NA,77,NA,Walton Road
24 Brookfield,Horsell,GU21 3AD,Maisonette,28-01-2008,NA,NA,NA,NA,24,NA,Brookfield
25 Barnby Road,Knaphill,GU21 2NH,House,10-12-2007,NA,NA,NA,NA,25,NA,Barnby Road
95 Gloster Road,Old Woking,GU22 9EU,House,10-12-2007,3,NA,NA,NA,95,NA,Gloster Road
34 Kent Road,Maybury,GU22 8DB,House,03-12-2007,NA,NA,NA,NA,34,NA,Kent Road
40 Granville Road,Woking,GU22 9NE,House,19-11-2007,NA,NA,NA,NA,40,NA,Granville Road
85 Walton Road,Woking,GU21 5DW,Flat,05-11-2007,NA,NA,NA,NA,85,NA,Walton Road
98b Albert Drive,Sheerwater,GU21 5RE,Flat,29-10-2007,NA,NA,NA,NA,98b,NA,Albert Drive
76 Pares Close,Horsell,GU21 4QN,Flat,15-10-2007,NA,NA,NA,NA,76,NA,Pares Close
5 Beaufort Road,Woking,GU22 8BY,House,08-10-2007,NA,NA,NA,NA,5,NA,Beaufort Road
18 Pares Close,Horsell,GU21 4QN,Maisonette,01-10-2007,NA,NA,NA,NA,18,NA,Pares Close
53 Alpha Road,Maybury,GU22 8EL,Flat,10-09-2007,NA,NA,NA,NA,53,NA,Alpha Road
131 Devonshire Avenue,Woking,GU21 5QB,Flat,03-09-2007,NA,NA,NA,NA,131,NA,Devonshire Avenue
8 Spencer Close,Sheerwater,GU21 5QH,Flat,03-09-2007,NA,NA,NA,NA,8,NA,Spencer Close
16 Wakehurs Path,Woking,GU21 5NT,House,20-08-2007,NA,NA,NA,NA,16,NA,Wakehurs Path
14 Walton Court,Woking,GU21 5EB,Maisonette,06-08-2007,NA,NA,NA,NA,14,NA,Walton Court
16 Lambourne Crescent,Sheerwater,GU21 5RQ,House,02-07-2007,NA,NA,NA,NA,16,NA,Lambourne Crescent
99 Balmoral Drive,Maybury,GU22 8EY,House,02-07-2007,NA,NA,NA,NA,99,NA,Balmoral Drive
42 Brookfield,Horsell,GU21 3AD,Maisonette,18-06-2007,NA,NA,NA,NA,42,NA,Brookfield
50 Beaufort Road,Maybury,GU22 8BZ,House,11-06-2007,NA,NA,NA,NA,50,NA,Beaufort Road
2 Codrington Court,St Johns,GU21 8AR,House,11-06-2007,NA,NA,NA,NA,2,NA,Codrington Court
9 Herbert Crescent,Knaphill,GU21 2BZ,House,11-06-2007,NA,NA,NA,NA,9,NA,Herbert Crescent
2 Brookfield ,Horsell,GU21 3AD,Maisonette,21-05-2007,NA,NA,NA,NA,2,NA,Brookfield
88 Courtenay Road,Woking,GU21 5HN,House,02-04-2007,NA,NA,NA,NA,88,NA,Courtenay Road
25 Blackmore Crescent,Sheerwater,GU21 5NP,House,02-04-2007,NA,NA,NA,NA,25,NA,Blackmore Crescent
42 Beaufort Road,Woking,GU22 8BZ,House,26-03-2007,NA,NA,NA,NA,42,NA,Beaufort Road
93 Frenchs Wells ,Horsell,GU21 3AU,Maisonette,26-03-2007,NA,NA,NA,NA,93,NA,Frenchs Wells
94 Frenchs Wells,Horsell,GU21 3AU,Maisonette,26-03-2007,NA,NA,NA,NA,94,NA,Frenchs Wells
101 Eden Grove Road,Byfleet,KT14 7PX,Flat,19-03-2007,NA,NA,NA,NA,101,NA,Eden Grove Road
76 Walton Court,Woking,GU21 5EE,Maisonette,19-02-2007,NA,NA,NA,NA,76,NA,Walton Court
34 Bentham Avenue,Sheerwater,GU21 5LF,House,12-02-2007,NA,NA,NA,NA,34,NA,Bentham Avenue
54 Sythwood ,Horsell,GU21 3AR,House,15-01-2007,NA,NA,NA,NA,54,NA,Sythwood
47 Blackmore Crescent,Sheerwater,GU21 5NR,House,15-01-2007,NA,NA,NA,NA,47,NA,Blackmore Crescent
9 Quartermaine Avenue,Westfield,GU22 9NN,House,08-01-2007,NA,NA,NA,NA,9,NA,Quartermaine Avenue
9 Cobbetts Close,Horsell,GU21 3AH,Maisonette,08-01-2007,NA,NA,NA,NA,9,NA,Cobbetts Close
21 Devonshire Avenue,Sheerwater,GU21 5QW,House,20-11-2006,NA,NA,NA,NA,21,NA,Devonshire Avenue
45 Frenchs Wells,Horsell,GU21 3AT,Maisonette,18-09-2006,NA,NA,NA,NA,45,NA,Frenchs Wells
160 Sutton Avenue,St Johns,GU21 8TS,Flat,18-09-2006,NA,NA,NA,NA,160,NA,Sutton Avenue
6 Beaufort Close,Maybury,GU212 8DA,House,28-08-2006,NA,NA,NA,NA,6,NA,Beaufort Close
88 Princess Road,Maybury,GU22 8EP,House,24-07-2006,NA,NA,NA,NA,88,NA,Princess Road
47 Brookfield ,Horsell,GU21 3AA,Flat,10-07-2006,NA,NA,NA,NA,47,NA,Brookfield
81 Brookfield ,Horsell,GU21 3AB,Maisonette,26-06-2006,NA,NA,NA,NA,81,NA,Brookfield
40 Pares Close,Horsell,GU21 4QN,Maisonette,12-06-2006,NA,NA,NA,NA,40,NA,Pares Close
13 William Russell Court,St Johns,GU21 8AN,House,05-06-2006,NA,NA,NA,NA,13,NA,William Russell Court
91 Frenchs Wells,Horsell,GU21 3AU,Maisonette,29-05-2006,NA,NA,NA,NA,91,NA,Frenchs Wells
41 Windsor Way,Maybury,GU22 8DJ,House,20-03-2006,NA,NA,NA,NA,41,NA,Windsor Way
72 Walton Court,Woking,GU21 5EE,Maisonette,13-03-2006,NA,NA,NA,NA,72,NA,Walton Court
27 St Michaels Road,Woking,GU21 5PZ,Bungalow,13-03-2006,NA,NA,NA,NA,27,NA,St Michaels Road
8 Bateson Way,Sheerwater,GU21 5LD,House,06-03-2006,NA,NA,NA,NA,8,NA,Bateson Way
15 Laburnum Road,Barnsbury,GU22 OBP,House,27-02-2006,NA,NA,NA,NA,15,NA,Laburnum Road
64 Brookfield,Horsell,GU21 3AD,Maisonette,27-02-2006,NA,NA,NA,NA,64,NA,Brookfield
32 Quintrell Close,Horsell,GU21 3BT,House,06-02-2006,NA,NA,NA,NA,32,NA,Quintrell Close
93 Brookfield,Horsell,GU21 3AB,Maisonette,16-01-2006,NA,NA,NA,NA,93,NA,Brookfield
48 Walton Court,Woking,GU21 5ED,Maisonette,19-12-2005,NA,NA,NA,NA,48,NA,Walton Court
155 Sutton Avenue,St Johns,GU21 8TS,Flat,19-12-2005,NA,NA,NA,NA,155,NA,Sutton Avenue
44 Walton Court,Woking,GU21 5ED,Maisonette,14-11-2005,NA,NA,NA,NA,44,NA,Walton Court
41 Walton Court,Woking,GU21 5ED,Maisonette,31-10-2005,NA,NA,NA,NA,41,NA,Walton Court
4 Cobbetts Close,Horsell,GU21 3AH,Maisonette,22-08-2005,NA,NA,NA,NA,4,NA,Cobbetts Close
9 Beechwood Road,Knaphill,GU21 2DJ,House,08-08-2005,NA,NA,NA,NA,9,NA,Beechwood Road
56 Frenchs Wells,Horsell,GU21 3AT,Maisonette,08-08-2005,NA,NA,NA,NA,56,NA,Frenchs Wells
5 Sparvell Road,Knaphill,GU21 2RR,House,04-07-2005,NA,NA,NA,NA,5,NA,Sparvell Road
32 Huntingdon Road,Goldsworth Park,GU21 3JP,House,27-06-2005,NA,NA,NA,NA,32,NA,Huntingdon Road
7 Bateson Way,Sheerwater,GU21 5LD,House,20-06-2005,NA,NA,NA,NA,7,NA,Bateson Way
42 Walton Court,Woking,GU21 5ED,Maisonette,13-06-2005,NA,NA,NA,NA,42,NA,Walton Court
63 Walton Court,Woking,GU21 5EE,Maisonette,25-04-2005,NA,NA,NA,NA,63,NA,Walton Court
28 Pares Close,Horsell,GU21 4QN,Maisonette,11-04-2005,NA,NA,NA,NA,28,NA,Pares Close
20 Manor Crescent,Byfleet,KT14 7EN,House,07-03-2005,NA,NA,NA,NA,20,NA,Manor Crescent
49 Willow Way,Barnsbury,GU22 0BW,Maisonette,28-02-2005,NA,NA,NA,NA,49,NA,Willow Way
46 Elmbridge Lane,Kingfield ,NA,House,14-02-2005,NA,NA,NA,NA,46,NA,Elmbridge Lane
10 Forsyth Path,Sheerwater,NA,Flat,07-02-2005,NA,NA,NA,NA,10,NA,Forsyth Path
5 Dartmouth Avenue,Sheerwater,NA,Flat,31-01-2005,NA,NA,NA,NA,5,NA,Dartmouth Avenue
4 Cresswell,Knaphill,NA,Flat,24-01-2005,NA,NA,NA,NA,4,NA,Cresswell
20 Goldfort Walk,Goldsworth Park,NA,House,22-12-2004,NA,NA,NA,NA,20,NA,Goldfort Walk
32 Walton Court,Woking,GU21 5ED,Maisonette,13-12-2004,NA,NA,NA,NA,32,NA,Walton Court
133 Dartmouth Avenue,Sheerwater,NA,Flat,13-12-2004,NA,NA,NA,NA,133,NA,Dartmouth Avenue
38 Laburnum Road,Barnsbury,NA,Maisonette,13-12-2004,NA,NA,NA,NA,38,NA,Laburnum Road
30 Bunyard Drive,Sheerwater,NA,House,30-11-2004,NA,NA,NA,NA,30,NA,Bunyard Drive
18 Sundridge Road,Kingfield ,NA,House,15-11-2004,NA,NA,NA,NA,18,NA,Sundridge Road
122 Frenchs Wells,NA,NA,Maisonette,15-11-2004,NA,NA,NA,NA,122,NA,Frenchs Wells
27 Alpha Road,Maybury,GU22 8EJ,Flat,08-11-2004,NA,NA,NA,NA,27,NA,Alpha Road
3 Cardigan Close,NA,NA,Flat,01-11-2004,NA,NA,NA,NA,3,NA,Cardigan Close
1 Scarlett Close,NA,NA,Flat,25-10-2004,NA,NA,NA,NA,1,NA,Scarlett Close
22 Bruce Close,Byfleet,NA,House,18-10-2004,NA,NA,NA,NA,22,NA,Bruce Close
96 Princess Road,Maybury,NA,House,20-09-2004,NA,NA,NA,NA,96,NA,Princess Road
20 Cobbetts Close,NA,NA,Maisonette,06-09-2004,NA,NA,NA,NA,20,NA,Cobbetts Close
1 Kent Road,Maybury,NA,House,23-08-2004,NA,NA,NA,NA,1,NA,Kent Road
3 Bonsey Lane,Westfield,NA,House,23-08-2004,NA,NA,NA,NA,3,NA,Bonsey Lane
52 Alpha Road,Maybury ,GU22 8EL,Flat,16-08-2004,NA,NA,NA,NA,52,NA,Alpha Road
3 Linkway,Maybury,NA,House,12-07-2004,NA,NA,NA,NA,3,NA,Linkway
75 Walton Court,Woking,GU21 5EE,Maisonette,28-06-2004,NA,NA,NA,NA,75,NA,Walton Court
37 Loop Road,NA,NA,House,07-06-2004,NA,NA,NA,NA,37,NA,Loop Road
58 Brookfield,NA,NA,Maisonette,07-06-2004,NA,NA,NA,NA,58,NA,Brookfield
80 Walton Court,Woking,GU21 5EE,Maisonette,07-06-2004,NA,NA,NA,NA,80,NA,Walton Court
66 Lambourne Crescent,Sheerwater,NA,House,17-05-2004,NA,NA,NA,NA,66,NA,Lambourne Crescent
35 Colliers Close,NA,NA,Maisonette,17-05-2004,NA,NA,NA,NA,35,NA,Colliers Close
51 Walton Court,Woking,GU21 5ED,Maisonette,10-05-2004,NA,NA,NA,NA,51,NA,Walton Court
46b Devonshire Avenue,NA,NA,Flat,26-04-2004,NA,NA,NA,NA,46b,NA,Devonshire Avenue
77 Hawthorn Road,Barnsbury,GU22 OBT,House,26-04-2004,NA,NA,NA,NA,77,NA,Hawthorn Road
47 Colliers Close,NA,NA,Maisonette,20-04-2004,NA,NA,NA,NA,47,NA,Colliers Close
64 Elmbridge Lane,NA,NA,House,19-04-2004,NA,NA,NA,NA,64,NA,Elmbridge Lane
8 Falcon Court,Sheerwater,NA,House,19-04-2004,NA,NA,NA,NA,8,NA,Falcon Court
15 Bassett Road,NA,NA,House,05-04-2004,NA,NA,NA,NA,15,NA,Bassett Road
8 Sunnyside ,NA,NA,Flat,29-03-2004,NA,NA,NA,NA,8,NA,Sunnyside
13 Walton Court,Woking,GU21 5ED,Maisonette,15-03-2004,NA,NA,NA,NA,13,NA,Walton Court
155 Brookfield,NA,NA,Maisonette,08-03-2004,NA,NA,NA,NA,155,NA,Brookfield
35 Paxton Gardens,NA,NA,House,08-03-2004,NA,NA,NA,NA,35,NA,Paxton Gardens
6 St Michaels Road,Sheerwater,NA,House,08-03-2004,NA,NA,NA,NA,6,NA,St Michaels Road
18 Robertson Court,NA,NA,House,01-03-2004,NA,NA,NA,NA,18,NA,Robertson Court
38 Nursery Road,NA,NA,House,01-03-2004,NA,NA,NA,NA,38,NA,Nursery Road
84 Courtenay Road,NA,NA,House,01-03-2004,NA,NA,NA,NA,84,NA,Courtenay Road
37 Walton Court,Woking,GU21 5ED,Maisonette,23-02-2004,NA,NA,NA,NA,37,NA,Walton Court
39 Walton Court,Woking,GU21 5ED,Maisonette,23-02-2004,NA,NA,NA,NA,39,NA,Walton Court
5 Meyrick Close,NA,NA,House,23-02-2004,NA,NA,NA,NA,5,NA,Meyrick Close
29 Walton Court,Woking,GU21 5ED,Maisonette,09-02-2004,NA,NA,NA,NA,29,NA,Walton Court
39 Blackmore Crescent,NA,NA,House,02-02-2004,NA,NA,NA,NA,39,NA,Blackmore Crescent
40l Birchwood Road,NA,NA,Bedsit,02-02-2004,NA,NA,NA,NA,40l,NA,Birchwood Road
239 Albert Drive,NA,NA,House,19-01-2004,NA,NA,NA,NA,239,NA,Albert Drive
36 Russell Road,NA,NA,House,19-01-2004,NA,NA,NA,NA,36,NA,Russell Road
281 Albert Drive,NA,NA,House,12-01-2004,NA,NA,NA,NA,281,NA,Albert Drive
127 Albert Drive,NA,NA,House,29-12-2003,NA,NA,NA,NA,127,NA,Albert Drive
25 Pares Close,Horsell ,GU21 4QL,Maisonette,22-12-2003,NA,NA,NA,NA,25,NA,Pares Close
59 Frenchs Wells,NA,NA,Maisonette,22-12-2003,NA,NA,NA,NA,59,NA,Frenchs Wells
89b Dartmouth Avenue,NA,NA,Flat,22-12-2003,NA,NA,NA,NA,89b,NA,Dartmouth Avenue
189 Brookfield,NA,NA,Maisonette,15-12-2003,NA,NA,NA,NA,189,NA,Brookfield
4 Devon House,NA,NA,Flat,15-12-2003,NA,NA,NA,NA,4,NA,Devon House
45 Alpha Road,Maybury ,GU22 8EL,Flat,15-12-2003,NA,NA,NA,NA,45,NA,Alpha Road
39 Bentham Avenue,NA,NA,House,08-12-2003,NA,NA,NA,NA,39,NA,Bentham Avenue
34 Brookfield,NA,NA,Maisonette,17-11-2003,NA,NA,NA,NA,34,NA,Brookfield
38 Gloster Road,Old Woking,GU22 9EX,House,17-11-2003,3,NA,NA,NA,38,NA,Gloster Road
66 Beaufort Road,NA,NA,House,10-11-2003,NA,NA,NA,NA,66,NA,Beaufort Road
25 Ash Close,NA,NA,House,03-11-2003,NA,NA,NA,NA,25,NA,Ash Close
42 Devonshire Avenue,NA,NA,Flat,03-11-2003,NA,NA,NA,NA,42,NA,Devonshire Avenue
44 Newlands Avenue,NA,NA,House,03-11-2003,NA,NA,NA,NA,44,NA,Newlands Avenue
26 Nursery Road,NA,NA,House,20-10-2003,NA,NA,NA,NA,26,NA,Nursery Road
3 Dykes Path,NA,NA,House,06-10-2003,NA,NA,NA,NA,3,NA,Dykes Path
39 Ferney Court,NA,NA,Flat,06-10-2003,NA,NA,NA,NA,39,NA,Ferney Court
46 Brookfield ,NA,NA,Maisonette,06-10-2003,NA,NA,NA,NA,46,NA,Brookfield
27 Beaufort Road,NA,NA,House,29-09-2003,NA,NA,NA,NA,27,NA,Beaufort Road
35 Alpha Road,Maybury ,GU22 8EL,Flat,29-09-2003,NA,NA,NA,NA,35,NA,Alpha Road
40h Birchwood Road,NA,NA,Bedsit,29-09-2003,NA,NA,NA,NA,40h,NA,Birchwood Road
68 Walton Court,Woking,GU21 5EE,Maisonette,29-09-2003,NA,NA,NA,NA,68,NA,Walton Court
77 Walton Court,Woking,GU21 5EE,Maisonette,29-09-2003,NA,NA,NA,NA,77,NA,Walton Court
89 Balmoral Drive,NA,NA,House,29-09-2003,NA,NA,NA,NA,89,NA,Balmoral Drive
8 Alpha Road,Maybury ,GU22 8EJ,Flat,22-09-2003,NA,NA,NA,NA,8,NA,Alpha Road
7 Cobbetts Close,NA,NA,Maisonette,15-09-2003,NA,NA,NA,NA,7,NA,Cobbetts Close
81a Walton Road,NA,NA,Flat,08-09-2003,NA,NA,NA,NA,81a,NA,Walton Road
106 Eden Grove Road,NA,NA,Flat,01-09-2003,NA,NA,NA,NA,106,NA,Eden Grove Road
36 Sythwood,NA,NA,Maisonette,25-08-2003,NA,NA,NA,NA,36,NA,Sythwood
90 Albert Drive,NA,NA,Flat,11-08-2003,NA,NA,NA,NA,90,NA,Albert Drive
36 Alpha Road,Maybury ,GU22 8EL,Flat,05-08-2003,NA,NA,NA,NA,36,NA,Alpha Road
50 Walton Court,Woking,GU21 5ED,Flat,05-08-2003,NA,NA,NA,NA,50,NA,Walton Court
7 Howards Close,NA,NA,House,04-08-2003,NA,NA,NA,NA,7,NA,Howards Close
59 Walton Court,Woking,GU21 5ED,Maisonette,29-07-2003,NA,NA,NA,NA,59,NA,Walton Court
24 Westfield Road,NA,NA,House,28-07-2003,NA,NA,NA,NA,24,NA,Westfield Road
23 Bruce Close,NA,NA,House,21-07-2003,NA,NA,NA,NA,23,NA,Bruce Close
88 Brookfield,NA,NA,Maisonette,10-07-2003,NA,NA,NA,NA,88,NA,Brookfield
22 Omega Road,NA,NA,Maisonette,30-06-2003,NA,NA,NA,NA,22,NA,Omega Road
50 Blackmore Crescent,Sheerwater,NA,House,30-06-2003,NA,NA,NA,NA,50,NA,Blackmore Crescent
57 Beechwood Road,NA,NA,House,30-06-2003,NA,NA,NA,NA,57,NA,Beechwood Road
30 Bentham Avenue,Sheerwater,NA,House,23-06-2003,NA,NA,NA,NA,30,NA,Bentham Avenue
18 Bassett Road,NA,NA,House,02-06-2003,NA,NA,NA,NA,18,NA,Bassett Road
27 Kent Road,NA,NA,House,02-06-2003,NA,NA,NA,NA,27,NA,Kent Road
110a Blackmore Crescent,Sheerwater,NA,Flat,19-05-2003,NA,NA,NA,NA,110a,NA,Blackmore Crescent
164 Albert Drive,Sheerwater,NA,House,12-05-2003,NA,NA,NA,NA,164,NA,Albert Drive
30 Farm  Road,NA,NA,House,12-05-2003,NA,NA,NA,NA,30,NA,Farm  Road
69 Nethercote Avenue,NA,NA,House,06-05-2003,NA,NA,NA,NA,69,NA,Nethercote Avenue
33 Sythwood,NA,NA,Maisonette,14-04-2003,NA,NA,NA,NA,33,NA,Sythwood
38a Devonshire Avenue,Sheerwater,NA,Bedsit,14-04-2003,NA,NA,NA,NA,38a,NA,Devonshire Avenue
15 Lambourne Crescent,Sheerwater,NA,House,07-04-2003,NA,NA,NA,NA,15,NA,Lambourne Crescent
187 Albert Drive,Sheerwater,NA,House,07-04-2003,NA,NA,NA,NA,187,NA,Albert Drive
46 Walton Court,Woking,GU21 5ED,Maisonette,07-04-2003,NA,NA,NA,NA,46,NA,Walton Court
90 Frenchs Wells,NA,NA,Maisonette,07-04-2003,NA,NA,NA,NA,90,NA,Frenchs Wells
19 Bateson Way,NA,NA,House,31-03-2003,NA,NA,NA,NA,19,NA,Bateson Way
21 Colliers Close,NA,NA,Maisonette,31-03-2003,NA,NA,NA,NA,21,NA,Colliers Close
3 York Close,NA,NA,House,31-03-2003,NA,NA,NA,NA,3,NA,York Close
32 Rutson Road,NA,NA,House,31-03-2003,NA,NA,NA,NA,32,NA,Rutson Road
88 Hart Road,NA,NA,House,31-03-2003,NA,NA,NA,NA,88,NA,Hart Road
157 Brookfield,NA,NA,Maisonette,24-03-2003,NA,NA,NA,NA,157,NA,Brookfield
69 Sundridge Road,NA,NA,Maisonette,17-03-2003,NA,NA,NA,NA,69,NA,Sundridge Road
5 Ash Road,NA,NA,House,10-03-2003,NA,NA,NA,NA,5,NA,Ash Road
51 Alpha Road,Maybury ,GU22 8EL,Flat,03-03-2003,NA,NA,NA,NA,51,NA,Alpha Road
54a Devonshire Avenue,Sheerwater,NA,Flat,03-03-2003,NA,NA,NA,NA,54a,NA,Devonshire Avenue
50a Board School Road,NA,NA,Maisonette,24-02-2003,NA,NA,NA,NA,50a,NA,Board School Road
69 Walton Court,Woking,GU21 5EE,Maisonette,17-02-2003,NA,NA,NA,NA,69,NA,Walton Court
111 Queen Elizabeth Way,NA,NA,House,10-02-2003,NA,NA,NA,NA,111,NA,Queen Elizabeth Way
24 Bassett Road,NA,NA,House,10-02-2003,NA,NA,NA,NA,24,NA,Bassett Road
28 Brookfield,NA,NA,Maisonette,10-02-2003,NA,NA,NA,NA,28,NA,Brookfield
6 Nursery Road,NA,NA,House,03-02-2003,NA,NA,NA,NA,6,NA,Nursery Road
17 Colliers Close,NA,NA,Maisonette,27-01-2003,NA,NA,NA,NA,17,NA,Colliers Close
2 St Peters Road,NA,NA,House,27-01-2003,NA,NA,NA,NA,2,NA,St Peters Road
5 Sundridge Road,NA,NA,House,27-01-2003,NA,NA,NA,NA,5,NA,Sundridge Road
21 Walton Court,Woking,GU21 5ED,Maisonette,20-01-2003,NA,NA,NA,NA,21,NA,Walton Court
213 Boundary Road,NA,NA,House,20-01-2003,NA,NA,NA,NA,213,NA,Boundary Road
18 Omega Road,NA,NA,House,13-01-2003,NA,NA,NA,NA,18,NA,Omega Road
105 Princess Road,NA,NA,House,23-12-2002,NA,NA,NA,NA,105,NA,Princess Road
14 Beaufort Road,NA,NA,House,16-12-2002,NA,NA,NA,NA,14,NA,Beaufort Road
44 Westfield Way,NA,NA,House,16-12-2002,NA,NA,NA,NA,44,NA,Westfield Way
32 Howards Road,NA,NA,House,02-12-2002,NA,NA,NA,NA,32,NA,Howards Road
49 Colliers Close,NA,NA,Maisonette,25-11-2002,NA,NA,NA,NA,49,NA,Colliers Close
59 Hart Road,NA,NA,House,25-11-2002,NA,NA,NA,NA,59,NA,Hart Road
17 Elveden Close,NA,NA,House,18-11-2002,NA,NA,NA,NA,17,NA,Elveden Close
21 Rainbow Court,NA,NA,Flat,18-11-2002,NA,NA,NA,NA,21,NA,Rainbow Court
21 Station Road,NA,NA,House,18-11-2002,NA,NA,NA,NA,21,NA,Station Road
37 Alpha Road,Maybury ,GU22 8EL,Flat,18-11-2002,NA,NA,NA,NA,37,NA,Alpha Road
48 French's Wells,NA,NA,Maisonette,18-11-2002,NA,NA,NA,NA,48,NA,French's Wells
252 Walton Road,NA,NA,House,04-11-2002,NA,NA,NA,NA,252,NA,Walton Road
5 Little Mead,NA,NA,House,04-11-2002,NA,NA,NA,NA,5,NA,Little Mead
14 Windsor Way,NA,NA,House,21-10-2002,NA,NA,NA,NA,14,NA,Windsor Way
19 St Michaels Road,Sheerwater,NA,House,21-10-2002,NA,NA,NA,NA,19,NA,St Michaels Road
3 Tracious Close,NA,NA,Flat,21-10-2002,NA,NA,NA,NA,3,NA,Tracious Close
5 Pearl Court,NA,NA,House,21-10-2002,NA,NA,NA,NA,5,NA,Pearl Court
10 Alpha Road,Maybury,GU22 8EJ,Flat,14-10-2002,NA,NA,NA,NA,10,NA,Alpha Road
18 Henslow Way,Sheerwater,NA,House,14-10-2002,NA,NA,NA,NA,18,NA,Henslow Way
64 Hart Road,NA,NA,House,07-10-2002,NA,NA,NA,NA,64,NA,Hart Road
69 Hart Road,NA,NA,House,07-10-2002,NA,NA,NA,NA,69,NA,Hart Road
9 Station Road,NA,NA,House,30-09-2002,NA,NA,NA,NA,9,NA,Station Road
14 Elveden Close,NA,NA,House,23-09-2002,NA,NA,NA,NA,14,NA,Elveden Close
70 Sutton Avenue,NA,NA,Bungalow,23-09-2002,NA,NA,NA,NA,70,NA,Sutton Avenue
61 Walton Court,Woking,GU21 5EE,Maisonette,16-09-2002,NA,NA,NA,NA,61,NA,Walton Court
55 Alpha Road,Maybury ,GU22 8EL,Flat,09-09-2002,NA,NA,NA,NA,55,NA,Alpha Road
26 Brookfield,NA,NA,Maisonette,02-09-2002,NA,NA,NA,NA,26,NA,Brookfield
20 Gloster Road,Old Woking,GU22 9EX,House,28-08-2002,3,NA,NA,NA,20,NA,Gloster Road
2 The Fieldings,NA,NA,House,26-08-2002,NA,NA,NA,NA,2,NA,The Fieldings
99 Walton Court,Woking,GU21 5HW,Maisonette,19-08-2002,NA,NA,NA,NA,99,NA,Walton Court
37 Balfour Avenue,NA,NA,House,29-07-2002,NA,NA,NA,NA,37,NA,Balfour Avenue
5 St Marys Road,NA,NA,House,29-07-2002,NA,NA,NA,NA,5,NA,St Marys Road
74 Sutton Avenue,NA,NA,Bungalow,29-07-2002,NA,NA,NA,NA,74,NA,Sutton Avenue
11 Kingfisher Court,Sheerwater,NA,House,22-07-2002,NA,NA,NA,NA,11,NA,Kingfisher Court
108 Rectory Lane,NA,NA,House,15-07-2002,NA,NA,NA,NA,108,NA,Rectory Lane
1a Dartmouth Avenue,Sheerwater,NA,Flat,08-07-2002,NA,NA,NA,NA,1a,NA,Dartmouth Avenue
101 Brookfield,NA,NA,Maisonette,24-06-2002,NA,NA,NA,NA,101,NA,Brookfield
11 Pearl Court,NA,NA,House,24-06-2002,NA,NA,NA,NA,11,NA,Pearl Court
19 Langmans Way,Woking,GU21 3QY,House,24-06-2002,NA,NA,NA,NA,19,NA,Langmans Way
18 Littlemead,NA,NA,House,17-06-2002,NA,NA,NA,NA,18,NA,Littlemead
45 Granville Road,NA,NA,House,10-06-2002,NA,NA,NA,NA,45,NA,Granville Road
10a Loder Close,Sheerwater,NA,Flat,27-05-2002,NA,NA,NA,NA,10a,NA,Loder Close
8 Blackmore Crescent,Sheerwater,NA,House,27-05-2002,NA,NA,NA,NA,8,NA,Blackmore Crescent
98 Albert Drive,Sheerwater,NA,Flat,20-05-2002,NA,NA,NA,NA,98,NA,Albert Drive
25 The Fieldings,NA,NA,House,08-05-2002,NA,NA,NA,NA,25,NA,The Fieldings
54 Alpha Road,Maybury ,GU22 8EL,Flat,06-05-2002,NA,NA,NA,NA,54,NA,Alpha Road
22 Farm Road,NA,NA,House,29-04-2002,NA,NA,NA,NA,22,NA,Farm Road
40 Brookfield,NA,NA,Maisonette,29-04-2002,NA,NA,NA,NA,40,NA,Brookfield
49 The Fieldings,NA,NA,House,29-04-2002,NA,NA,NA,NA,49,NA,The Fieldings
113 Frenchs Wells,NA,NA,Maisonette,25-03-2002,NA,NA,NA,NA,113,NA,Frenchs Wells
78 Walton Court,Woking,GU21 5EE,Maisonette,25-03-2002,NA,NA,NA,NA,78,NA,Walton Court
21 Ford Road,NA,NA,House,18-03-2002,NA,NA,NA,NA,21,NA,Ford Road
48b Devonshire Avenue,Sheerwater,NA,Flat,11-03-2002,NA,NA,NA,NA,48b,NA,Devonshire Avenue
61 Ash Road,NA,NA,Flat,25-02-2002,NA,NA,NA,NA,61,NA,Ash Road
27 Goldfort Walk,NA,NA,House,18-02-2002,NA,NA,NA,NA,27,NA,Goldfort Walk
5 Grobars Avenue,NA,NA,House,11-02-2002,NA,NA,NA,NA,5,NA,Grobars Avenue
18 Brookfield ,NA,NA,Maisonette,21-01-2002,NA,NA,NA,NA,18,NA,Brookfield
24 Alpha Road,Maybury ,GU22 8EL,Flat,21-01-2002,NA,NA,NA,NA,24,NA,Alpha Road
60 Lambourne Crescent,Sheerwater,NA,House,17-12-2001,NA,NA,NA,NA,60,NA,Lambourne Crescent
22 Colliers Close,NA,NA,House,10-12-2001,NA,NA,NA,NA,22,NA,Colliers Close
52 Gloster Road,Old Woking,GU22 9EX,House,10-12-2001,3,NA,NA,NA,52,NA,Gloster Road
75 Brookfield,NA,NA,Maisonette,10-12-2001,NA,NA,NA,NA,75,NA,Brookfield
20 Granville Road,NA,NA,House,03-12-2001,NA,NA,NA,NA,20,NA,Granville Road
60 Gloster Road,Old Woking,GU22 9EX,House,03-12-2001,3,NA,NA,NA,60,NA,Gloster Road
16 Nethercote Avenue,NA,NA,House,30-11-2001,NA,NA,NA,NA,16,NA,Nethercote Avenue
12b Forsyth Path,Sheerwater,NA,Flat,19-11-2001,NA,NA,NA,NA,12b,NA,Forsyth Path
39 Nethercote Avenue,NA,NA,House,19-11-2001,NA,NA,NA,NA,39,NA,Nethercote Avenue
45 Walton Court,Woking,GU21 5ED,Maisonette,19-11-2001,NA,NA,NA,NA,45,NA,Walton Court
54 Walton Court,Woking,GU21 5ED,Maisonette,19-11-2001,NA,NA,NA,NA,54,NA,Walton Court
62b Devonshire Avenue,Sheerwater,NA,Flat,19-11-2001,NA,NA,NA,NA,62b,NA,Devonshire Avenue
79 Colliers Close,NA,NA,Maisonette,19-11-2001,NA,NA,NA,NA,79,NA,Colliers Close
92 Devonshire Avenue,Sheerwater,NA,House,19-11-2001,NA,NA,NA,NA,92,NA,Devonshire Avenue
12 Lockwood Path,Sheerwater,NA,House,05-11-2001,NA,NA,NA,NA,12,NA,Lockwood Path
152 Albert Drive,Sheerwater,NA,House,05-11-2001,NA,NA,NA,NA,152,NA,Albert Drive
24a Devonshire Avenue,Sheerwater,NA,Flat,29-10-2001,NA,NA,NA,NA,24a,NA,Devonshire Avenue
129 Balmoral Drive,NA,NA,House,22-10-2001,NA,NA,NA,NA,129,NA,Balmoral Drive
28 Waterers Rise,NA,NA,House,22-10-2001,NA,NA,NA,NA,28,NA,Waterers Rise
40 Beaufort Road,NA,NA,House,22-10-2001,NA,NA,NA,NA,40,NA,Beaufort Road
31 Pares Close,Horsell ,GU21 4QL,Maisonette,15-10-2001,NA,NA,NA,NA,31,NA,Pares Close
51 Beaufort Road,NA,NA,House,17-09-2001,NA,NA,NA,NA,51,NA,Beaufort Road
8 Hartshill Walk,NA,NA,House,10-09-2001,NA,NA,NA,NA,8,NA,Hartshill Walk
80 Hart Road,NA,NA,House,03-09-2001,NA,NA,NA,NA,80,NA,Hart Road
15 Alpha Road,Maybury,GU22 8EJ,Flat,20-08-2001,NA,NA,NA,NA,15,NA,Alpha Road
21 Bentham Avenue,Sheerwater,NA,House,20-08-2001,NA,NA,NA,NA,21,NA,Bentham Avenue
22 Cobbetts Close,NA,NA,House,20-08-2001,NA,NA,NA,NA,22,NA,Cobbetts Close
6 Dykes Path,Sheerwater,NA,House,20-08-2001,NA,NA,NA,NA,6,NA,Dykes Path
10a Forsyth Path,Sheerwater,NA,Flat,30-07-2001,NA,NA,NA,NA,10a,NA,Forsyth Path
81b Dartmouth Avenue,Sheerwater,NA,Flat,30-07-2001,NA,NA,NA,NA,81b,NA,Dartmouth Avenue
62 Laburnum Road,NA,NA,Flat,23-07-2001,NA,NA,NA,NA,62,NA,Laburnum Road
7 St Mary's Road,NA,NA,House,16-07-2001,NA,NA,NA,NA,7,NA,St Mary's Road
74 Albert Drive,Sheerwater,NA,House,09-07-2001,NA,NA,NA,NA,74,NA,Albert Drive
16 The Fieldings,NA,NA,House,02-07-2001,NA,NA,NA,NA,16,NA,The Fieldings
52 Ash Road,NA,NA,House,02-07-2001,NA,NA,NA,NA,52,NA,Ash Road
66 Priors Croft,NA,NA,Maisonette,02-07-2001,NA,NA,NA,NA,66,NA,Priors Croft
1 Bassett Road,NA,NA,House,25-06-2001,NA,NA,NA,NA,1,NA,Bassett Road
31 Huntingdon Road,NA,NA,House,25-06-2001,NA,NA,NA,NA,31,NA,Huntingdon Road
31 Winston Way,NA,NA,House,25-06-2001,NA,NA,NA,NA,31,NA,Winston Way
6 Bateson Way,NA,NA,House,25-06-2001,NA,NA,NA,NA,6,NA,Bateson Way
16 Nottingham Close,NA,NA,House,18-06-2001,NA,NA,NA,NA,16,NA,Nottingham Close
79 Walton Court,Woking,GU21 5EE,Maisonette,11-06-2001,NA,NA,NA,NA,79,NA,Walton Court
99 Brookfield,NA,NA,Maisonette,11-06-2001,NA,NA,NA,NA,99,NA,Brookfield
24 Hanbury Path,Sheerwater,NA,House,04-06-2001,NA,NA,NA,NA,24,NA,Hanbury Path
74 Blackmore Crescent,Sheerwater,NA,House,29-05-2001,NA,NA,NA,NA,74,NA,Blackmore Crescent
33 Cobbetts Close,NA,NA,Maisonette,21-05-2001,NA,NA,NA,NA,33,NA,Cobbetts Close
146 Sutton Avenue,NA,NA,Maisonette,14-05-2001,NA,NA,NA,NA,146,NA,Sutton Avenue
35 Winston Way,NA,NA,House,14-05-2001,NA,NA,NA,NA,35,NA,Winston Way
26 Campbell Avenue,NA,NA,House,30-04-2001,NA,NA,NA,NA,26,NA,Campbell Avenue
60 Walton Court,Woking,GU21 5EE,Maisonette,30-04-2001,NA,NA,NA,NA,60,NA,Walton Court
9 The Fieldings,NA,NA,House,30-04-2001,NA,NA,NA,NA,9,NA,The Fieldings
171 Rydens Way,NA,NA,House,02-04-2001,NA,NA,NA,NA,171,NA,Rydens Way
179 Brookfield,NA,NA,Maisonette,02-04-2001,NA,NA,NA,NA,179,NA,Brookfield
21 Kent Road,NA,NA,House,02-04-2001,NA,NA,NA,NA,21,NA,Kent Road
41 Balmoral Drive,NA,NA,House,02-04-2001,NA,NA,NA,NA,41,NA,Balmoral Drive
28 Huntingdon Road,NA,NA,House,26-03-2001,NA,NA,NA,NA,28,NA,Huntingdon Road
54 Blackmore Crescent,Sheerwater,NA,House,26-03-2001,NA,NA,NA,NA,54,NA,Blackmore Crescent
129b Devonshire Avenue,Sheerwater,NA,Flat,12-03-2001,NA,NA,NA,NA,129b,NA,Devonshire Avenue
3 Kinglake Court,NA,NA,House,12-03-2001,NA,NA,NA,NA,3,NA,Kinglake Court
33 Bentham Avenue,Sheerwater,NA,House,05-03-2001,NA,NA,NA,NA,33,NA,Bentham Avenue
21 Victoria Road,NA,NA,House,29-01-2001,NA,NA,NA,NA,21,NA,Victoria Road
24 Bonsey Lane,NA,NA,Flat,22-01-2001,NA,NA,NA,NA,24,NA,Bonsey Lane
106 Oyster Lane,NA,NA,House,19-01-2001,NA,NA,NA,NA,106,NA,Oyster Lane
11 Balfour Avenue,NA,NA,House,15-01-2001,NA,NA,NA,NA,11,NA,Balfour Avenue
53 Walton Court,Woking,GU21 5ED,Flat,08-01-2001,NA,NA,NA,NA,53,NA,Walton Court
70 Courtenay Road,NA,NA,House,08-01-2001,NA,NA,NA,NA,70,NA,Courtenay Road
77 Walton Court,Woking,GU21 5EE,Flat,08-01-2001,NA,NA,NA,NA,77,NA,Walton Court
43 Cobbetts Close,NA,NA,Maisonette,18-12-2000,NA,NA,NA,NA,43,NA,Cobbetts Close
66 Rectory Lane,NA,NA,House,18-12-2000,NA,NA,NA,NA,66,NA,Rectory Lane
22 Blackmore Crescent,Sheerwater,NA,House,11-12-2000,NA,NA,NA,NA,22,NA,Blackmore Crescent
12a Forsyth Path,Sheerwater,NA,Flat,04-12-2000,NA,NA,NA,NA,12a,NA,Forsyth Path
51 Nursery Road,NA,NA,House,27-11-2000,NA,NA,NA,NA,51,NA,Nursery Road
2 Perrin Court,Sheerwater,NA,Bungalow,20-11-2000,4,NA,NA,NA,2,NA,Perrin Court
28 Hammond Road,NA,NA,House,13-11-2000,NA,NA,NA,NA,28,NA,Hammond Road
39 Granville Road,NA,NA,House,13-11-2000,NA,NA,NA,NA,39,NA,Granville Road
11 Walton Court,Woking,GU21 5ED,Maisonette,30-10-2000,NA,NA,NA,NA,11,NA,Walton Court
54 Huntingdon Road,NA,NA,House,30-10-2000,NA,NA,NA,NA,54,NA,Huntingdon Road
56 Beaufort Road,NA,NA,House,30-10-2000,NA,NA,NA,NA,56,NA,Beaufort Road
8 Sappho Court,NA,NA,Flat,30-10-2000,NA,NA,NA,NA,8,NA,Sappho Court
143 Hawthorn Road,Barnsbury,GU22 0BG,House,09-10-2000,NA,NA,NA,NA,143,NA,Hawthorn Road
19 Alpha Road,Maybury ,GU22 8EL,Flat,25-09-2000,NA,NA,NA,NA,19,NA,Alpha Road
1 Bateson Way,NA,NA,House,05-09-2000,NA,NA,NA,NA,1,NA,Bateson Way
34 Sythwood,NA,NA,Maisonette,04-09-2000,NA,NA,NA,NA,34,NA,Sythwood
65 Hartshill Walk,NA,NA,House,04-09-2000,NA,NA,NA,NA,65,NA,Hartshill Walk
36 Farm Road,NA,NA,House,21-08-2000,NA,NA,NA,NA,36,NA,Farm Road
59 Blackmore Crescent,Sheerwater,NA,House,21-08-2000,NA,NA,NA,NA,59,NA,Blackmore Crescent
204 Albert Drive,Sheerwater,NA,House,14-08-2000,NA,NA,NA,NA,204,NA,Albert Drive
26 Quartermaine Avenue,NA,NA,House,14-08-2000,NA,NA,NA,NA,26,NA,Quartermaine Avenue
7 Scarlett Close,NA,NA,NA,07-08-2000,NA,NA,NA,NA,7,NA,Scarlett Close
14 Hartshill Walk,NA,NA,House,31-07-2000,NA,NA,NA,NA,14,NA,Hartshill Walk
15 Gloster Road,Old Woking,GU22 9EX,House,31-07-2000,3,NA,NA,NA,15,NA,Gloster Road
96 Walton Court,Woking,GU21 5HW,NA,31-07-2000,NA,NA,NA,NA,96,NA,Walton Court
10 Ford Road,NA,NA,House,17-07-2000,NA,NA,NA,NA,10,NA,Ford Road
45 Stream Close,Byfleet,NA,House,17-07-2000,NA,NA,NA,NA,45,NA,Stream Close
57 Blackmore Crescent,Sheerwater,NA,House,26-06-2000,NA,NA,NA,NA,57,NA,Blackmore Crescent
67 Willow Way,Barnsbury,NA,House,26-06-2000,NA,NA,NA,NA,67,NA,Willow Way
26 Laburnum Road,NA,NA,NA,19-06-2000,NA,NA,NA,NA,26,NA,Laburnum Road
30 Alpha Road,Maybury ,GU22 8EL,Flat,19-06-2000,NA,NA,NA,NA,30,NA,Alpha Road
31 Quartermaine Avenue,NA,NA,House,16-06-2000,NA,NA,NA,NA,31,NA,Quartermaine Avenue
19 Sussex Road,NA,NA,House,12-06-2000,NA,NA,NA,NA,19,NA,Sussex Road
32 Granville Road,NA,NA,House,12-06-2000,NA,NA,NA,NA,32,NA,Granville Road
4 Blackmore Crescent,Sheerwater,NA,House,12-06-2000,NA,NA,NA,NA,4,NA,Blackmore Crescent
17 Pares Close,Horsell ,GU21 4QL,NA,05-06-2000,NA,NA,NA,NA,17,NA,Pares Close
179 Albert Drive,Sheerwater,NA,House,05-06-2000,NA,NA,NA,NA,179,NA,Albert Drive
22 Nottingham Close,NA,NA,NA,05-06-2000,NA,NA,NA,NA,22,NA,Nottingham Close
70 Brookfield,NA,NA,NA,05-06-2000,NA,NA,NA,NA,70,NA,Brookfield
101 Hawthorn Road,Barnsbury,GU22 0BG,House,01-06-2000,NA,NA,NA,NA,101,NA,Hawthorn Road
34 Pares Close,Horsell ,GU21 4QN,NA,01-06-2000,3,NA,NA,NA,34,NA,Pares Close
9 Willow Way,NA,NA,House,08-05-2000,NA,NA,NA,NA,9,NA,Willow Way
2 Littlemead,NA,NA,House,17-04-2000,NA,NA,NA,NA,2,NA,Littlemead
22 Devonshire Avenue,Sheerwater,NA,NA,17-04-2000,NA,NA,NA,NA,22,NA,Devonshire Avenue
41 The Fieldings,NA,NA,House,17-04-2000,NA,NA,NA,NA,41,NA,The Fieldings
90 Pares Close,Horsell,GU21 4QN,NA,17-04-2000,NA,NA,NA,NA,90,NA,Pares Close
33 Granville Road,NA,NA,House,10-04-2000,NA,NA,NA,NA,33,NA,Granville Road
18b Devonshire Avenue,Sheerwater,NA,NA,27-03-2000,NA,NA,NA,NA,18b,NA,Devonshire Avenue
26 Catherine Close,NA,NA,House,27-03-2000,NA,NA,NA,NA,26,NA,Catherine Close
166 Albert Drive,Sheerwater,NA,House,20-03-2000,NA,NA,NA,NA,166,NA,Albert Drive
56 Priors Croft,NA,NA,NA,20-03-2000,NA,NA,NA,NA,56,NA,Priors Croft
6 Inkerman Road,NA,NA,House,20-03-2000,NA,NA,NA,NA,6,NA,Inkerman Road
74 Rectory Lane,NA,NA,House,13-03-2000,NA,NA,NA,NA,74,NA,Rectory Lane
17 Henslow Way,Sheerwater,NA,House,06-03-2000,NA,NA,NA,NA,17,NA,Henslow Way
3 Cobbetts Close,NA,NA,NA,28-02-2000,NA,NA,NA,NA,3,NA,Cobbetts Close
64 Courtenay Road,Woking,NA,House,28-02-2000,NA,NA,NA,NA,64,NA,Courtenay Road
97 Hawthorn Road,Barnsbury,GU22 0BG,House,28-02-2000,NA,NA,NA,NA,97,NA,Hawthorn Road
10 Anchor Hill,Knaphill,NA,House,21-02-2000,NA,NA,NA,NA,10,NA,Anchor Hill
88 Walton Court,Woking,GU21 5HW,NA,21-02-2000,NA,NA,NA,NA,88,NA,Walton Court
89 Walton Court,Woking,GU21 5HW,NA,21-02-2000,NA,NA,NA,NA,89,NA,Walton Court
23 Waterers Rise,NA,NA,House,07-02-2000,NA,NA,NA,NA,23,NA,Waterers Rise
25 Hawthorn Road,Barnsbury,GU22 OBT,House,07-02-2000,NA,NA,NA,NA,25,NA,Hawthorn Road
4 Lambourne Crescent,Sheerwater,NA,House,07-02-2000,NA,NA,NA,NA,4,NA,Lambourne Crescent
209 Albert Drive,Sheerwater,NA,House,02-02-2000,NA,NA,NA,NA,209,NA,Albert Drive
24 Wayside Court,NA,NA,NA,31-01-2000,NA,NA,NA,NA,24,NA,Wayside Court
52 Rectory Lane,Byfleet,NA,House,31-01-2000,NA,NA,NA,NA,52,NA,Rectory Lane
66 Eden Grove Road,Byfleet,NA,NA,31-01-2000,NA,NA,NA,NA,66,NA,Eden Grove Road
160 Albert Drive,Sheerwater,NA,House,24-01-2000,NA,NA,NA,NA,160,NA,Albert Drive
1 Goldfort Walk,NA,NA,House,17-01-2000,NA,NA,NA,NA,1,NA,Goldfort Walk
19 Everest Court,NA,NA,House,17-01-2000,NA,NA,NA,NA,19,NA,Everest Court
10 Langmans Way,Woking,GU21 3QY,House,10-01-2000,NA,NA,NA,NA,10,NA,Langmans Way
16 Ashwindham Court,NA,NA,House,10-01-2000,NA,NA,NA,NA,16,NA,Ashwindham Court
40 Huntingdon Road,Goldsworth Park,NA,House,10-01-2000,NA,NA,NA,NA,40,NA,Huntingdon Road
38 Rutson Way,NA,NA,House,04-10-1999,NA,NA,NA,NA,38,NA,Rutson Way
11b Claremount Avenue,Woking,GU22 7SF,Flat,NA,1,115800,84200,200000,11b,NA,Claremount Avenue
245 Albert Drive,Sheerwater,GU21 5QY,House,NA,2,235800,84200,320000,245,NA,Albert Drive
