ref,street_number,town,date,property_type,valuation,discount,sale_value,house_number,house_number2,street_name
12,4 Wessington Bank,Glossop,17-12-2001,House,26500,15900,10600,4,NA,Wessington Bank
27,70 West Drive,Glossop,17-12-2001,House,46000,18400,27600,70,NA,West Drive
6,72 Bakewell Lea,Glossop,07-01-2002,House,28000,16800,11200,72,NA,Bakewell Lea
3,47 Anchor Avenue,Chapel-En-Le-Frith,07-01-2002,House,50000,19500,30500,47,NA,Anchor Avenue
19,28 Gretton Road,Buxton,14-01-2002,Flat,37000,25900,13000,28,NA,Gretton Road
7,23 Edensor Avenue,Buxton,21-01-2002,House,44000,19800,24200,23,NA,Edensor Avenue
16,9 Baslow Green,Glossop,21-01-2002,House,30000,16500,13500,9,NA,Baslow Green
11,77 Granby Road,Buxton,04-02-2002,Flat,36000,25200,12000,77,NA,Granby Road
8,61 Kershaw Street,Glossop,11-02-2002,House,53000,31800,29000,61,NA,Kershaw Street
52,34 Park Road,Chapel-En-Le-Frith,11-02-2002,House,53000,31800,29000,34,NA,Park Road
37,51 Cornwall Avenue,Buxton,18-02-2002,House,51000,22950,28050,51,NA,Cornwall Avenue
53,110 Sherwood Road,Buxton,18-02-2002,House,52000,20280,31720,110,NA,Sherwood Road
4,58 Swallow House Lane,Hayfield,25-02-2002,House,90000,38700,66000,58,NA,Swallow House Lane
21,29 Jubilee Street,New Mills,04-03-2002,House,46000,18400,27600,29,NA,Jubilee Street
39,14 Anchor Fold,Chapel-En-Le-Frith,04-03-2002,House,52000,20800,31200,14,NA,Anchor Fold
36,14  Chatsworth Road,Buxton,11-03-2002,House,45000,15300,29700,14,NA,Chatsworth Road
48,53 Combs Mews,Glossop,25-03-2002,House,28000,11200,16800,53,NA,Combs Mews
29,217 Victoria Park Road,Buxton,01-04-2002,House,49000,15680,33320,217,NA,Victoria Park Road
56,14 Bowden Crescent,New Mills,01-04-2002,House,48000,16800,31200,14,NA,Bowden Crescent
40,1 Yates Road,New Mills,08-04-2002,House,49000,22050,26950,1,NA,Yates Road
66,30 Monsal Avenue,Buxton,08-04-2002,House,52000,31200,28000,30,NA,Monsal Avenue
50,19 Quarry Close,Glossop,15-04-2002,House,48000,19680,28320,19,NA,Quarry Close
2,1 Brailsford Avenue,Glossop,29-04-2002,House,29500,12685,16815,1,NA,Brailsford Avenue
34,18 Hollins Bank,Glossop,29-04-2002,House,26000,15600,10400,18,NA,Hollins Bank
69,13 Stiles Close,Glossop,29-04-2002,House,49000,18620,30380,13,NA,Stiles Close
44,4 Lanehead Green,Edale,06-05-2002,Bungalow,56000,20160,35840,4,NA,Lanehead Green
46,5 Rowsley Green,Glossop,13-05-2002,House,30000,12900,17100,5,NA,Rowsley Green
78,32 Haddon Road,Buxton,20-05-2002,House,63500,23495,40005,32,NA,Haddon Road
77,30 Cromford Close,Glossop,20-05-2002,House,31000,13020,17980,30,NA,Cromford Close
5,19 Ollersett Avenue,New Mills,10-06-2002,House,48000,18720,29280,19,NA,Ollersett Avenue
94,75 Hayfield Road,New Mills,10-06-2002,House,46000,17940,28060,75,NA,Hayfield Road
61,3 Park Road,New Mills,17-06-2002,House,50000,23000,27000,3,NA,Park Road
83,22 Shallcross Avenue,Whaley Bridge,17-06-2002,House,70000,22400,47600,22,NA,Shallcross Avenue
86,10 Baslow Green,Glossop,24-06-2002,House,30000,9900,20100,10,NA,Baslow Green
103,9 Forest Avenue,Buxton,24-06-2002,House,52000,27040,28000,9,NA,Forest Avenue
71,37 Newlands Drive,Glossop,01-07-2002,Flat,32000,22400,9600,37,NA,Newlands Drive
43,54 Mersey Bank Road,Glossop,01-07-2002,House,48000,18720,29280,54,NA,Mersey Bank Road
88,23 Blackshaw Road,Glossop,01-07-2002,House,55000,29700,31000,23,NA,Blackshaw Road
92,123 Mersey Bank Road,Glossop,01-07-2002,House,44000,15840,28160,123,NA,Mersey Bank Road
97,2 Bowden Crescent,New Mills,08-07-2002,House,50000,21000,29000,2,NA,Bowden Crescent
91,51 Chatsworth Road,Buxton,08-07-2002,House,45000,16650,28350,51,NA,Chatsworth Road
68,55 Ridings Road,Glossop,09-07-2002,House,45000,18450,26550,55,NA,Ridings Road
99,3 Darley Grove,Buxton,15-07-2002,House,45000,15750,29250,3,NA,Darley Grove
76,3 Edensor Avenue,Buxton,15-07-2002,House,45000,27000,21000,3,NA,Edensor Avenue
107,5 Baslow Green,Glossop,15-07-2002,House,31500,11340,20160,5,NA,Baslow Green
70,39 Blackshaw Road,Glossop,22-07-2002,House,53500,22470,31030,39,NA,Blackshaw Road
85,7 Alport Avenue,Buxton,22-07-2002,House,53000,18550,34450,7,NA,Alport Avenue
96,8 Beard Crescent,New Mills,22-07-2002,House,50000,16500,33500,8,NA,Beard Crescent
90,9 Monsal Grove,Buxton,05-08-2002,House,48000,15840,32160,9,NA,Monsal Grove
73,10 Monsal Grove,Buxton,05-08-2002,House,53000,25440,31966,10,NA,Monsal Grove
28,4 Anchor Fold,Chapel-En-Le-Frith,05-08-2002,House,51000,17850,33150,4,NA,Anchor Fold
24,2 Rhuddlan Place,Chinley,12-08-2002,Flat,32000,14720,17280,2,NA,Rhuddlan Place
115,23 Riber Bank,Glossop,12-08-2002,House,32000,14400,17600,23,NA,Riber Bank
112,13 Mersey Bank Road,Glossop,12-08-2002,House,49000,29400,25000,13,NA,Mersey Bank Road
104,92 High Hill Road,New Mills,12-08-2002,House,26000,14040,11960,92,NA,High Hill Road
122,34 Heath Grove,Buxton,12-08-2002,House,54000,23220,30780,34,NA,Heath Grove
67,58 Victoria Park Road,Buxton,15-08-2002,House,61500,23370,38130,58,NA,Victoria Park Road
102,10 Park Road,New Mills,19-08-2002,House,50000,17000,33000,10,NA,Park Road
172,24 Anchor Fold,Chapel-En-Le-Frith,19-08-2002,House,62000,23560,38440,24,NA,Anchor Fold
188,3 Chestnut Close,New Mills,19-08-2002,House,56000,20720,35280,3,NA,Chestnut Close
47,40 Quarry Close,Glossop,19-08-2002,House,45000,27000,21000,40,NA,Quarry Close
41,11 Wood Street,Glossop,19-08-2002,House,55000,20900,34100,11,NA,Wood Street
30,20 Parsons Gate,Bamford,19-08-2002,House,92500,41625,68500,20,NA,Parsons Gate
26,7 Quarry Close,Glossop,26-08-2002,Flat,32000,22400,9600,7,NA,Quarry Close
113,43 Elnor Lane,Whaley Bridge,26-08-2002,House,68000,23120,44880,43,NA,Elnor Lane
81,48 Peak Road,New Mills,02-09-2002,House,45000,16650,28350,48,NA,Peak Road
35,13 Ferneydale Avenue,Buxton,09-09-2002,House,49000,19110,29890,13,NA,Ferneydale Avenue
151,59 Grange Park Road,Chapel-En-Le-Frith,09-09-2002,House,57000,34200,33000,59,NA,Grange Park Road
141,51 Sherwood Road,Buxton,16-09-2002,House,65000,25350,41000,51,NA,Sherwood Road
127,122 Granby Road,Buxton,30-09-2002,House,52000,17160,34840,122,NA,Granby Road
126,200 Newshaw Lane,Glossop,07-10-2002,House,56000,27440,32000,200,NA,Newshaw Lane
154,25 Ferneydale Avenue,Buxton,07-10-2002,House,56000,33600,32000,25,NA,Ferneydale Avenue
168,78 Whitfield Avenue,Glossop,07-10-2002,House,52000,20280,31720,78,NA,Whitfield Avenue
133,11 Brookside Close,Glossop,07-10-2002,House,47000,23500,23500,11,NA,Brookside Close
109,9 Tissington Bank,Glossop,14-10-2002,House,27000,16200,11610,9,NA,Tissington Bank
175,7 Wardlow Walk,Glossop,14-10-2002,House,34000,20400,13600,7,NA,Wardlow Walk
183,29 Anchor Avenue,Chapel-En-Le-Frith,14-10-2002,House,61000,29280,37000,29,NA,Anchor Avenue
10,13 Weaving Avenue,Castleton,14-10-2002,House,88000,52800,64000,13,NA,Weaving Avenue
135,10 Bonsall Close,Glossop,14-10-2002,House,33000,19800,13200,10,NA,Bonsall Close
150,1 Heyden Terrace,Glossop,14-10-2002,House,33000,13200,19800,1,NA,Heyden Terrace
195,28 Cornwall Avenue,Buxton,21-10-2002,House,65000,39000,41000,28,NA,Cornwall Avenue
59,37 Grange Park Road,Chapel-En-Le-Frith,21-10-2002,House,48000,18720,29280,37,NA,Grange Park Road
31,29 Wessington Green,Glossop,21-10-2002,House,30500,18300,12200,29,NA,Wessington Green
149,13 Brookside Close,Glossop,21-10-2002,House,31020,10546.8,20473.2,13,NA,Brookside Close
180,19 Peak Road,New Mills,28-10-2002,House,50000,30000,26000,19,NA,Peak Road
33,12 St Johns Street,Hayfield,04-11-2002,Flat,38000,19760,18240,12,NA,St Johns Street
132,12 Ridings Road,Glossop,04-11-2002,House,51000,22440,28560,12,NA,Ridings Road
131,13 Bonsall Close,Glossop,04-11-2002,House,34000,18020,15980,13,NA,Bonsall Close
142,42 Thornbrook Road,Chapel-En-Le-Frith,04-11-2002,House,57000,18810,38190,42,NA,Thornbrook Road
159,100 Simmondley Lane,Glossop,04-11-2002,House,68000,30600,44000,100,NA,Simmondley Lane
178,207 Victoria Park Road,Buxton,04-11-2002,House,57000,27360,33000,207,NA,Victoria Park Road
153,2 St Charles Close,Glossop,11-11-2002,House,51000,19890,31110,2,NA,St Charles Close
147,9 Wardlow Walk,Glossop,11-11-2002,House,30000,12900,17100,9,NA,Wardlow Walk
152,17 Yeardsley Avenue,Furness Vale,18-11-2002,Flat,45000,31500,21000,17,NA,Yeardsley Avenue
118,21 Ridings Road,Glossop,18-11-2002,House,45000,19350,25650,21,NA,Ridings Road
163,77 Highfield Road,Glossop,25-11-2002,House,50000,21500,28500,77,NA,Highfield Road
161,24 The Rises,Glossop,25-11-2002,House,53000,29150,29000,24,NA,The Rises
191,18 Monsal Avenue,Buxton,02-12-2002,House,58000,20880,37120,18,NA,Monsal Avenue
155,4 Brailsford Avenue,Glossop,02-12-2002,House,28000,11480,16520,4,NA,Brailsford Avenue
237,20 Riverside Close,Glossop,09-12-2002,House,56000,25760,32000,20,NA,Riverside Close
148,6 The Paddock,Glossop,09-12-2002,House,51000,21420,33260,6,NA,The Paddock
146,6 Combs Way,Glossop,09-12-2002,House,30000,12000,18000,6,NA,Combs Way
201,37 Aldwark Road,Buxton,16-12-2002,House,66000,30360,35640,37,NA,Aldwark Road
89,18 Mersey Bank Road,Glossop,23-12-2002,Flat,30000,21000,9000,18,NA,Mersey Bank Road
205,30 Longson Road,Chapel-En-Le-Frith,23-12-2002,House,65000,23400,41600,30,NA,Longson Road
157,113 Sheffield Road,Glossop,06-01-2003,House,63000,30240,39000,113,NA,Sheffield Road
186,65 Jubilee Street,New Mills,06-01-2003,House,60000,24000,36000,65,NA,Jubilee Street
14,14 The Rises,Glossop,06-01-2003,House,45000,18000,27000,14,NA,The Rises
194,21 Bamford Lane,Glossop,20-01-2003,House,40000,24000,16000,21,NA,Bamford Lane
238,57 Ferneydale Avenue,Buxton,20-01-2003,House,79000,39500,55000,57,NA,Ferneydale Avenue
32,64 Freetown,Glossop,27-01-2003,Flat,31000,21700,9300,64,NA,Freetown
200,100 High Hill Road,New Mills,27-01-2003,House,37000,22200,14800,100,NA,High Hill Road
243,3 Riverside Close,Glossop,27-01-2003,House,60000,22200,37800,3,NA,Riverside Close
160,7 Stoneridge,Glossop,27-01-2003,House,53000,31800,29000,7,NA,Stoneridge
164,14 Brookside Close,Glossop,03-02-2003,House,50000,21000,29000,14,NA,Brookside Close
25,10 Castleton Terrace,Glossop,03-02-2003,House,31000,13640,17360,10,NA,Castleton Terrace
166,38 Cornwall Avenue,Buxton,03-02-2003,House,65000,24700,41000,38,NA,Cornwall Avenue
196,3 Cliff Road,Buxton,04-02-2003,Flat,51000,25500,27000,3,NA,Cliff Road
171,8 Smithy Close,Glossop,10-02-2003,Flat,34000,23800,10200,8,NA,Smithy Close
207,32 New Street,New Mills,17-02-2003,House,58000,18560,44598,32,NA,New Street
248,31 St Georges Road,New Mills,24-02-2003,House,68000,22440,45560,31,NA,St Georges Road
139,32 Riber Bank,Glossop,24-02-2003,House,39000,21840,17160,32,NA,Riber Bank
101,45 Whitfield Avenue,Glossop,24-02-2003,House,55000,18700,36300,45,NA,Whitfield Avenue
184,8 Riverside Close,Glossop,10-03-2003,House,56000,28000,32000,8,NA,Riverside Close
262,9 Thorncliffe Road,Glossop,17-03-2003,House,74000,27380,50000,9,NA,Thorncliffe Road
240,29 Elnor Lane,Whaley Bridge,24-03-2003,House,80000,29600,56000,29,NA,Elnor Lane
241,35 Riber Bank,Glossop,24-03-2003,House,40000,22800,17200,35,NA,Riber Bank
306,77 Whitfield Avenue,Glossop,24-03-2003,House,55000,21450,33550,77,NA,Whitfield Avenue
282,55 Warmbrook Road,Chapel-En-Le-Frith,31-03-2003,House,62000,19840,42160,55,NA,Warmbrook Road
304,11 Pictor Road,Buxton,31-03-2003,House,67000,28810,43000,11,NA,Pictor Road
120,15 Bradwell Terrace,Glossop,31-03-2003,House,33000,15180,17820,15,NA,Bradwell Terrace
165,6 Hollins Lane,Glossop,07-04-2003,House,39000,23400,15600,6,NA,Hollins Lane
187,34 Calver Close,Glossop,07-04-2003,House,32000,19200,12800,34,NA,Calver Close
300,16 Ferneydale Avenue,Buxton,07-04-2003,House,68000,34000,44000,16,NA,Ferneydale Avenue
272,2 Drovers Walk,Glossop,08-04-2003,Flat,36000,16560,19440,2,NA,Drovers Walk
100,13 Litton Bank,Glossop,11-04-2003,House,32000,11840,24910,13,NA,Litton Bank
170,11 Grindleford Walk,Glossop,14-04-2003,House,36000,15840,20160,11,NA,Grindleford Walk
199,93 Tongue Lane,Buxton,14-04-2003,House,65000,22750,42250,93,NA,Tongue Lane
234,21 Haddon Lea,Glossop,14-04-2003,House,36000,15480,20520,21,NA,Haddon Lea
274,1 Queens Drive,Glossop,14-04-2003,House,63000,30870,39000,1,NA,Queens Drive
268,53 Whitfield Avenue,Glossop,14-04-2003,House,58000,22040,35960,53,NA,Whitfield Avenue
79,12 Church Fold,Glossop,14-04-2003,House,60000,21000,39000,12,NA,Church Fold
105,15 Peak Road,New Mills,28-04-2003,House,47000,17390,29610,15,NA,Peak Road
208,86 High Hill Road,New Mills,28-04-2003,House,41000,18040,22960,86,NA,High Hill Road
222,44 Conduit Street,Glossop,28-04-2003,House,62000,22320,39680,44,NA,Conduit Street
260,11 Thorncliffe Road,Glossop,05-05-2003,House,67000,26130,43000,11,NA,Thorncliffe Road
278,2 Park Crescent,Chapel En Le Frith,12-05-2003,House,66000,29700,42000,2,NA,Park Crescent
319,56 Bakewell Gardens,Glossop,12-05-2003,House,46000,17940,28060,56,NA,Bakewell Gardens
328,50 King Edward Avenue,Glossop,19-05-2003,Flat,42000,29400,18000,50,NA,King Edward Avenue
198,39 The Rises,Glossop,19-05-2003,House,53000,24380,29000,39,NA,The Rises
290,173 Queens Drive,Glossop,26-05-2003,Flat,36000,20880,15120,173,NA,Queens Drive
211,91 New Street,New Mills,02-06-2003,House,62000,23560,38440,91,NA,New Street
182,23 Wessington Bank,Glossop,09-06-2003,House,33000,13200,19800,23,NA,Wessington Bank
219,22 Ferneydale Avenue,Buxton,09-06-2003,House,70000,32900,46000,22,NA,Ferneydale Avenue
242,13 Monyash Court,Glossop,09-06-2003,House,34000,13260,20740,13,NA,Monyash Court
263,18 Calow Green,Glossop,09-06-2003,House,52000,19240,32760,18,NA,Calow Green
296,7 Beech Avenue,New Mills,09-06-2003,House,65000,21450,43550,7,NA,Beech Avenue
309,10 Reddish Avenue,Whaley Bridge,09-06-2003,House,92000,34040,68000,10,NA,Reddish Avenue
333,20 Rowarth Avenue,Glossop,09-06-2003,House,45000,22500,22500,20,NA,Rowarth Avenue
311,117 Queens Drive,Glossop,14-06-2003,Flat,46000,29440,22000,117,NA,Queens Drive
267,65 Peak Road,New Mills,16-06-2003,House,62000,23560,38440,65,NA,Peak Road
315,36 Hollins Avenue,Glossop,16-06-2003,House,50000,27500,26000,36,NA,Hollins Avenue
357,29 Combs Terrace,Glossop,16-06-2003,House,44000,24640,20000,29,NA,Combs Terrace
230,4 Edale Bank,Glossop,23-06-2003,House,46000,27600,22000,4,NA,Edale Bank
347,37 Thornbrook Road,Chapel En Le Frith,23-06-2003,House,75000,38250,51000,37,NA,Thornbrook Road
335,16 Combs Way,Glossop,30-06-2003,House,49000,23520,25480,16,NA,Combs Way
364,23 Rowarth Avenue,Glossop,30-06-2003,House,45000,18000,27000,23,NA,Rowarth Avenue
13,58 Church Fold,Glossop,07-07-2003,Flat,38000,16720,21280,58,NA,Church Fold
339,26 Charlesworth Crescent,Furness Vale,07-07-2003,House,81000,41310,57000,26,NA,Charlesworth Crescent
413,38 Bakewell Fold,Glossop,14-07-2003,House,52000,22880,29120,38,NA,Bakewell Fold
235,8 Rosey Bank,Buxworth,28-07-2003,House,110000,39600,86000,8,NA,Rosey Bank
245,41 Grange Park Road,Chapel En Le Frith,28-07-2003,House,63000,37800,39000,41,NA,Grange Park Road
332,2 Calver Mews,Glossop,28-07-2003,House,47000,18330,28670,2,NA,Calver Mews
352,25 Riber Bank,Glossop,28-07-2003,House,48000,15360,32640,25,NA,Riber Bank
331,10 Pictor Grove,Buxton,28-07-2003,House,78000,30420,54000,10,NA,Pictor Grove
313,25 Beard Crescent,New Mills,04-08-2003,House,67000,24790,43000,25,NA,Beard Crescent
286,19 Combs Way,Glossop,04-08-2003,House,45000,23400,21600,19,NA,Combs Way
334,35 Hollins Avenue,Glossop,04-08-2003,House,45000,15300,29700,35,NA,Hollins Avenue
338,87 New Street,New Mills,04-08-2003,House,72000,24480,48000,87,NA,New Street
400,10 Totley Gardens,Glossop,04-08-2003,House,45000,17100,27900,10,NA,Totley Gardens
349,26 Gretton Road,Buxton,11-08-2003,Flat,52000,29120,28000,26,NA,Gretton Road
179,77 Queens Drive,Glossop,18-08-2003,Flat,32000,15360,16640,77,NA,Queens Drive
399,2 Monyash Way,Glossop,25-08-2003,House,48000,18720,29280,2,NA,Monyash Way
354,16 Monyash Grove,Glossop,08-09-2003,House,46000,14720,31280,16,NA,Monyash Grove
361,21 Calver Place,Glossop,08-09-2003,House,45000,19350,25650,21,NA,Calver Place
385,54 Cliffe Road,Glossop,08-09-2003,House,68000,36720,44000,54,NA,Cliffe Road
436,The Bungalow Dale Road,Buxton,15-09-2003,Bungalow,86000,34400,62000,NA,NA,NA
320,4 Queens Drive,Glossop,15-09-2003,House,69000,30360,45000,4,NA,Queens Drive
395,4 North Road,Hayfield,29-09-2003,House,90000,34200,66000,4,NA,North Road
312,12 Combs Bank,Glossop,29-09-2003,House,45000,17100,27900,12,NA,Combs Bank
270,85 Sherwood Road,Buxton,06-10-2003,House,74000,25160,50000,85,NA,Sherwood Road
370,25 Sheldon Fold,Glossop,06-10-2003,House,45000,19800,25200,25,NA,Sheldon Fold
422,20 Speedwell,Glossop,13-10-2003,House,75000,45000,50000,20,NA,Speedwell
441,9 Hollins Lane,Glossop,13-10-2003,House,45000,27000,23000,9,NA,Hollins Lane
348,54 Overdale Avenue,Buxton,13-10-2003,House,74000,32560,50000,54,NA,Overdale Avenue
444,8 Tissington Bank,Glossop,13-10-2003,House,45000,27000,21000,8,NA,Tissington Bank
373,16 Pictor Road,Buxton,20-10-2003,Flat,52000,26000,28000,16,NA,Pictor Road
343,39 Thornbrook Road,Chapel En Le Frith,20-10-2003,House,75000,45000,51000,39,NA,Thornbrook Road
220,1 Speedwell,Glossop,03-11-2003,House,68000,30600,44000,1,NA,Speedwell
462,58 Peak Road,New Mills,03-11-2003,House,60000,21000,39000,58,NA,Peak Road
448,20 Derwent Road,Buxton,03-11-2003,House,84000,31080,60000,20,NA,Derwent Road
239,8 Shallcross Crescent,Whaley Bridge,10-11-2003,House,95000,47500,71000,8,NA,Shallcross Crescent
468,13 Crosslands Close,Glossop,10-11-2003,House,68000,25840,44000,13,NA,Crosslands Close
426,5 Dollywood Close,Buxworth,17-11-2003,Flat,68000,29920,44000,5,NA,Dollywood Close
471,14 Smithy Close,Glossop,17-11-2003,House,65000,22750,42250,14,NA,Smithy Close
478,9 West Drive,Glossop,24-11-2003,House,72000,43200,48000,9,NA,West Drive
224,25 Roundway,New Mills,15-12-2003,House,51000,16320,34680,25,NA,Roundway
217,170 Sherwood Road,Buxton,15-12-2003,House,78000,39780,54000,170,NA,Sherwood Road
254,74 Whitfield Avenue,Glossop,15-12-2003,House,58000,29580,34000,74,NA,Whitfield Avenue
477,19 Beech Avenue,New Mills,15-12-2003,House,72000,27360,48000,19,NA,Beech Avenue
259,121 Highfield Road,Glossop,15-12-2003,House,57000,18240,38760,121,NA,Highfield Road
452,10 The Grove,Glossop,12-01-2004,Flat,42000,21000,21000,10,NA,The Grove
529,4 Tissington Terrace,Glossop,19-01-2004,House,49000,29400,25000,4,NA,Tissington Terrace
528,23 Cromford Bank,Glossop,23-02-2004,House,48000,16320,31680,23,NA,Cromford Bank
389,27 Ollersett Avenue,New Mills,01-03-2004,House,78000,36660,54000,27,NA,Ollersett Avenue
379,84 Hallsteads,Buxton,01-03-2004,House,83000,27390,59000,84,NA,Hallsteads
392,27 Meadow Avenue,Buxton,08-03-2004,Flat,42000,19320,22680,27,NA,Meadow Avenue
442,18 Litton Fold,Glossop,08-03-2004,House,48000,16800,31200,18,NA,Litton Fold
344,31 Combs Terrace,Glossop,08-03-2004,House,45000,17100,27900,31,NA,Combs Terrace
536,4 Ridings Road,Glossop,15-03-2004,House,80000,31200,56000,4,NA,Ridings Road
517,126 Uplands Road,Glossop,29-03-2004,Flat,45000,31500,21000,126,NA,Uplands Road
405,102 Simmondley Lane,Glossop,29-03-2004,House,85000,48450,61000,102,NA,Simmondley Lane
537,30 Riber Bank,Glossop,03-04-2004,House,55000,23650,31350,30,NA,Riber Bank
539,15 Langsett Grove,Glossop,12-04-2004,House,49000,18620,30380,15,NA,Langsett Grove
523,4 Eyam Lane,Glossop,19-04-2004,House,54000,19980,34020,4,NA,Eyam Lane
524,13 Calow Green,Glossop,19-04-2004,House,55000,33000,31000,13,NA,Calow Green
375,5 Lanehead Green,Edale,26-04-2004,Bungalow,86000,36980,62000,5,NA,Lanehead Green
465,39 Anchor Avenue,Chapel En Le Frith,03-05-2004,House,72000,30240,48000,39,NA,Anchor Avenue
567,30 Beard Crescent,New Mills,01-06-2004,House,78000,36660,54000,30,NA,Beard Crescent
600,70 Bakewell Lea,Glossop,19-06-2004,House,58000,24940,34000,70,NA,Bakewell Lea
594,6 Tissington Terrace,Glossop,05-07-2004,House,52000,18200,33800,6,NA,Tissington Terrace
500,16 Beech Avenue,Glossop,02-08-2004,House,87000,31320,63000,16,NA,Beech Avenue
586,19 Thornbrook Road,Chapel En Le Frith,09-08-2004,Flat,58000,40600,34000,19,NA,Thornbrook Road
598,28 Queens Drive,Glossop,16-08-2004,Flat,60000,37200,36000,28,NA,Queens Drive
630,19 Speedwell,Glossop,16-08-2004,House,83000,33200,59000,19,NA,Speedwell
627,59 Bakewell Gardens,Glossop,06-09-2004,House,56000,20160,35840,59,NA,Bakewell Gardens
415,1 Smithy Close,Glossop,06-09-2004,House,64000,26880,40000,1,NA,Smithy Close
592,30 Freetown,Glossop,20-09-2004,House,69000,26220,45000,30,NA,Freetown
628,7 Ashford Green,Glossop,20-09-2004,House,60000,31200,36000,7,NA,Ashford Green
624,26 Alport Grove,Glossop,20-09-2004,House,59000,21830,37170,26,NA,Alport Grove
639,25 Alport Grove,Glossop,20-09-2004,House,56000,23520,32480,25,NA,Alport Grove
670,2 Riverside Close,Glossop,20-09-2004,House,87000,32190,63000,2,NA,Riverside Close
480,1 Oaklea,Buxton,27-09-2004,House,92000,44160,68000,1,NA,Oaklea
683,3 Combs Way,Glossop,27-09-2004,House,65000,21450,43550,3,NA,Combs Way
626,4 Ashford Green,Glossop,04-10-2004,House,63000,32130,39000,4,NA,Ashford Green
693,47 Whitfield Avenue,Glossop,04-10-2004,House,83000,29050,59000,47,NA,Whitfield Avenue
622,2 Bradwell Lea,Glossop,11-10-2004,House,67000,22110,44890,2,NA,Bradwell Lea
662,36 Combs Terrace,Glossop,18-10-2004,House,54000,26460,30000,36,NA,Combs Terrace
620,28 Ridings Road,Glossop,25-10-2004,Flat,59000,30680,35000,28,NA,Ridings Road
686,26 Eyam Fold,Glossop,25-10-2004,House,56000,18480,37520,26,NA,Eyam Fold
391,2 Watford Bridge,New Mills,08-11-2004,Flat,52000,30160,28000,2,NA,Watford Bridge
604,48 Combs Grove,Glossop,29-11-2004,House,65000,26000,41000,48,NA,Combs Grove
668,14 Grove Lane,Buxton,10-01-2005,House,97000,31040,73000,14,NA,Grove Lane
678,22 Beech Avenue,New Mills,10-01-2005,House,80000,27200,56000,22,NA,Beech Avenue
629,58 Combs Mews,Glossop,24-01-2005,House,66000,21780,44220,58,NA,Combs Mews
407,17 Grindleford Gardens,Glossop,24-01-2005,House,48000,23040,24960,17,NA,Grindleford Gardens
653,7 Speedwell,Glossop,24-01-2005,House,89000,36490,65000,7,NA,Speedwell
611,59 Blackshaw Road,Glossop,31-01-2005,Maisonette,78000,54600,54000,59,NA,Blackshaw Road
665,67 Edensor Avenue,Buxton,07-02-2005,House,88000,29920,64000,67,NA,Edensor Avenue
720,71 Highfield Road,Glossop,15-02-2005,Flat,62000,28520,38000,71,NA,Highfield Road
565,5 Unity Walk,Glossop,21-02-2005,House,72000,26640,48000,5,NA,Unity Walk
711,33 Poplar Avenue,New Mills,28-02-2005,House,80000,29600,56000,33,NA,Poplar Avenue
731,64 Combs Gardens,Glossop,18-04-2005,House,59000,18880,40120,64,NA,Combs Gardens
688,7 Edale Bank,Glossop,25-04-2005,House,60000,23400,36600,7,NA,Edale Bank
696,45 Combs Fold,Glossop,09-05-2005,House,60000,21000,39000,45,NA,Combs Fold
759,4 Hucklow Close,Glossop,09-05-2005,House,70000,24000,46000,4,NA,Hucklow Close
773,64 Bakewell Green,Glossop,09-05-2005,House,67000,21440,45560,64,NA,Bakewell Green
767,44 Whitfield Avenue,Glossop,23-05-2005,House,85000,24000,61000,44,NA,Whitfield Avenue
779,44 Granby Road,Buxton,23-05-2005,House,120000,24000,96000,44,NA,Granby Road
796,24 Wessington Bank,Glossop,30-05-2005,House,69000,22080,46920,24,NA,Wessington Bank
741,47 Cromford Lane,Buxton,13-06-2005,House,75000,24000,51000,47,NA,Cromford Lane
677,2 Cheedale Road,Buxton,20-06-2005,House,87000,28710,63000,2,NA,Cheedale Road
786,48 Beard Crescent,New Mills,27-06-2005,House,90000,24000,66000,48,NA,Beard Crescent
754,53 Jubilee Street,New Mills,11-07-2005,House,102000,24000,78000,53,NA,Jubilee Street
815,1 Bradwell Lea,Glossop,15-08-2005,House,78000,24000,54000,1,NA,Bradwell Lea
744,14 Ollersett Avenue,New Mills,29-08-2005,House,98000,31360,74000,14,NA,Ollersett Avenue
756,69 Edensor Avenue,Buxton,05-09-2005,House,102000,24000,78000,69,NA,Edensor Avenue
762,43 New Street,New Mills,19-09-2005,House,98000,24000,74000,43,NA,New Street
761,59 Chapel Lane,Glossop,03-10-2005,House,87000,24000,63000,59,NA,Chapel Lane
783,11 Totley Gardens,Glossop,24-10-2005,House,68000,23800,44200,11,NA,Totley Gardens
765,35 Calver Close,Glossop,07-11-2005,House,70000,24000,46000,35,NA,Calver Close
836,16 Stiles Close,Glossop,28-11-2005,House,82000,24000,58000,16,NA,Stiles Close
788,12 Bamford Green,Glossop,23-01-2006,House,78000,24000,54000,12,NA,Bamford Green
832,23 Jubilee Street,New Mills,23-01-2006,House,94000,24000,70000,23,NA,Jubilee Street
769,89 High Street East,Glossop,30-01-2006,House,102000,24000,78000,89,NA,High Street East
849,106 High Hill Road,New Mills,13-02-2006,House,88000,24000,64000,106,NA,High Hill Road
829,10 North Road,Hayfield,13-03-2006,House,120000,24000,96000,10,NA,North Road
847,1 The Rises,Glossop,03-04-2006,House,82000,24000,58000,1,NA,The Rises
904,184 Newshaw Lane,Glossop,24-04-2006,House,108000,24000,84000,184,NA,Newshaw Lane
878,14 Hurdlow Lea,Glossop,15-05-2006,House,72000,24000,48000,14,NA,Hurdlow Lea
863,14 Belgrade Avenue,Chinley,22-05-2006,House,140000,24000,120235,14,NA,Belgrade Avenue
865,7 Hollins Lane,Glossop,22-05-2006,House,70000,24000,46000,7,NA,Hollins Lane
804,10 Grindleford Walk,Glossop,29-05-2006,House,68000,24000,44000,10,NA,Grindleford Walk
828,40 Orchard Road,Whaley Bridge,18-09-2006,House,120000,24000,96000,40,NA,Orchard Road
925,37 Cromford Fold,Glossop,25-09-2006,House,75000,24000,51000,37,NA,Cromford Fold
801,16 Belgrade Avenue,Chinley,25-09-2006,House,125000,24000,101000,16,NA,Belgrade Avenue
915,5 Highfield Road,Hayfield,09-10-2006,House,135000,24000,111000,5,NA,Highfield Road
900,22 Elton Place,Glossop,16-10-2006,House,75000,24000,51000,22,NA,Elton Place
938,15 Edensor Avenue,Buxton,16-10-2006,House,108000,24000,84000,15,NA,Edensor Avenue
956,81 Kershaw Street,Glossop,22-01-2007,Flat,75000,24000,51000,81,NA,Kershaw Street
983,11 Sheldon Close,Glossop,12-03-2007,House,79000,24000,55000,11,NA,Sheldon Close
1002,28 Riverside Close,Glossop,26-03-2007,House,100000,24000,76000,28,NA,Riverside Close
993,29 Dakin Avenue,Buxton,02-04-2007,House,122000,24000,98000,29,NA,Dakin Avenue
998,69 Queens Drive,Glossop,16-04-2007,Flat,85000,24000,61000,69,NA,Queens Drive
997,2 Alport Way,Glossop,16-04-2007,House,79000,24000,55000,2,NA,Alport Way
929,3 Highfields,Buxton,30-04-2007,House,98000,24000,74000,3,NA,Highfields
958,4 Mersey Bank Road,Glossop,21-05-2007,House,88000,24000,64000,4,NA,Mersey Bank Road
953,6 Lime Avenue,New Mills,04-06-2007,House,105000,24000,81000,6,NA,Lime Avenue
1001,19 Litton Fold,Glossop,11-06-2007,House,88000,24000,64000,19,NA,Litton Fold
1008,41 The Rises,Glossop,11-06-2007,House,85000,24000,61000,41,NA,The Rises
1014,19 Bradwell Fold,Glossop,25-06-2007,House,76000,24000,52000,19,NA,Bradwell Fold
1010,42 Beech Avenue,New Mills,02-07-2007,House,110000,24000,86000,42,NA,Beech Avenue
996,Fairfield View Victoria Park Road,Buxton,03-09-2007,Flat,60000,24000,36000,NA,NA,NA
992,48 Bakewell Gardens,Glossop,17-09-2007,House,75000,24000,51000,48,NA,Bakewell Gardens
1030,14 Totley Gardens,Glossop,10-11-2007,House,75000,24000,51000,14,NA,Totley Gardens
1031,9 Langsett Green,Glossop,17-12-2007,House,76000,24000,52000,9,NA,Langsett Green
1043,16 Sheldon Close,Glossop,18-02-2008,House,75000,24000,51000,16,NA,Sheldon Close
1054,31 Thorncliffe Road,Glossop,14-07-2008,Flat,82000,24000,58000,31,NA,Thorncliffe Road
1064,15 Tissington Green,Glossop,01-12-2008,Bungalow,65000,24000,41000,15,NA,Tissington Green
1065,6 Springbank,Glossop,16-02-2009,House,92000,24000,68000,6,NA,Springbank
1075,61 West Drive,Glossop,13-07-2009,House,122000,24000,98000,61,NA,West Drive
1080,21 Wessington Bank,Glossop,01-02-2010,House,67500,24000,43500,21,NA,Wessington Bank
1084,15 Vaughan Road,Whaley Bridge,08-03-2010,House,128000,24000,104000,15,NA,Vaughan Road
1085,18 Brookside Close,Glossop,15-03-2010,House,86000,24000,62000,18,NA,Brookside Close
1087,35 Cornwall Avenue,Buxton,16-08-2010,House,95000,24000,71000,35,NA,Cornwall Avenue
1090,14 Dakin Avenue,Buxton,13-09-2010,House,97500,24000,73500,14,NA,Dakin Avenue
1089,21 Riverside Close,Glossop,20-09-2010,House,100000,24000,76000,21,NA,Riverside Close
1095,27 Uplands Road,Glossop,22-11-2010,House,75000,24000,51000,27,NA,Uplands Road
1083,5 Cliff Road,Buxton,17-01-2011,Flat,70000,24000,46000,5,NA,Cliff Road
1094,62 Mersey Bank Road,Glossop,04-04-2011,House,80000,24000,56000,62,NA,Mersey Bank Road
1097,39 Pictor Road,Buxton,13-06-2011,House,117500,24000,93500,39,NA,Pictor Road
1102,4 Anchor Avenue,Chapel En Le Frith,27-06-2011,House,120000,24000,96000,4,NA,Anchor Avenue
1103,116 Hallsteads,Buxton,27-02-2012,House,100000,24000,76000,116,NA,Hallsteads
1117,7 Chapel Lane,Glossop,28-05-2012,House,73000,24000,47450,7,NA,Chapel Lane
1118,71 Chapel Lane,Glossop,20-08-2012,House,77500,24000,45725,71,NA,Chapel Lane
1119,24 Shallcross Avenue,Whaley Bridge,20-08-2012,House,88000,34320,53680,24,NA,Shallcross Avenue
1125,18 New Street,New Mills,15-10-2012,House,96000,36480,59520,18,NA,New Street
1127,2 Vaughan Road,Whaley Bridge,12-11-2012,House,96000,49920,46080,2,NA,Vaughan Road
1123,22 Darley Grove,Buxton,10-12-2012,House,90000,35100,54900,22,NA,Darley Grove
1132,36 Williamson Road,Whaley Bridge,07-01-2013,House,117500,66975,50525,36,NA,Williamson Road
1138,49 Sherwood Road,Buxton,28-01-2013,House,125000,58750,66250,49,NA,Sherwood Road
1140,12 Thornsett Avenue,Buxton,03-06-2013,House,102500,60475,42025,12,NA,Thornsett Avenue
1149,75 Jubilee Street,New Mills,24-06-2013,House,104500,59565,44935,75,NA,Jubilee Street
1153,125 Queens Drive,Glossop,12-08-2013,Flat,84000,58800,25200,125,NA,Queens Drive
1145,24 Unity Walk,Glossop,19-08-2013,House,86000,35260,50740,24,NA,Unity Walk
1146,10 Williamson Crescent,Whaley Bridge,19-08-2013,House,124500,72210,52290,10,NA,Williamson Crescent
1121,82 Hallsteads,Buxton,07-10-2013,House,118500,47400,71100,82,NA,Hallsteads
1154,33 Wessington Green,Glossop,27-10-2013,House,73000,27010,45990,33,NA,Wessington Green
1151,11 Cliff Road,Buxton,18-11-2013,Flat,75000,37500,37500,11,NA,Cliff Road
1164,6 Bradwell Lea,Glossop,23-12-2013,House,74500,32035,42465,6,NA,Bradwell Lea
1156,5 Chapel Lane,Glossop,27-01-2014,House,75500,33975,41525,5,NA,Chapel Lane
1143,4 Swallow House Crescent,Hayfield,28-01-2014,House,152000,54720,97280,4,NA,Swallow House Crescent
1166,32 Church Fold,Glossop,17-02-2014,House,98000,42140,55860,32,NA,Church Fold
1158,38 Belgrade Avenue,Chinley,24-02-2014,House,109000,38150,70850,38,NA,Belgrade Avenue
1131,23 Roundway,New Mills,03-03-2014,House,97500,58500,39000,23,NA,Roundway
1176,17 Hurdlow Way,Glossop,28-04-2014,House,75000,45000,30000,17,NA,Hurdlow Way
1130,32 Winster Mews,Glossop,28-04-2014,Maisonette,72000,50400,21600,32,NA,Winster Mews
1172,21 Alport Grove,Glossop,09-06-2014,House,87000,38280,48720,21,NA,Alport Grove
1180,27 Riber Bank,Glossop,30-06-2014,House,94000,43240,50760,27,NA,Riber Bank
1175,5 Rhuddlan Place,Chinley,21-07-2014,Flat,84000,48720,35280,5,NA,Rhuddlan Place
1188,9 Shallcross Avenue,Whaley Bridge,29-09-2014,House,118000,41300,76700,9,NA,Shallcross Avenue
1191,35 Cromford Fold,Glossop,06-10-2014,House,78000,28080,49920,35,NA,Cromford Fold
1183,40 Belgrade Avenue,Chinley,03-11-2014,House,108000,42120,65880,40,NA,Belgrade Avenue
1194,66 Chapel Lane,Glossop,15-12-2014,House,86500,44980,41520,66,NA,Chapel Lane
1203,39 Bakewell Fold,Glossop,22-12-2014,House,85000,51850,33150,39,NA,Bakewell Fold
1193,97 High Hill Road,New Mills,02-03-2015,House,132000,77000,55000,97,NA,High Hill Road
1200,86 Sherwood Road,Buxton,09-03-2015,House,119000,70210,48790,86,NA,Sherwood Road
1206,46 Castleton Road,Hope ,11-05-2015,House,180000,77000,103000,46,NA,Castleton Road
1204,17 Thornbrook Road,Chapel En Le Frith,08-06-2015,Flat,63000,34020,28980,17,NA,Thornbrook Road
1209,28 Station Road,Glossop,22-06-2015,House,80000,52000,28000,28,NA,Station Road
1210,3 Elton Grove,Buxton,20-07-2015,House,107000,40660,66340,3,NA,Elton Grove
1219,87 Sherwood Road,Buxton,20-07-2015,House,129000,55470,73530,87,NA,Sherwood Road
1222,7 Brentwood Road,Bamford,20-07-2015,House,175000,71750,103250,7,NA,Brentwood Road
1211,14 Unity Walk,Glossop,10-08-2015,House,87000,54810,32190,14,NA,Unity Walk
1214,27 Park Road,Whaley Bridge,12-10-2015,House,138000,66240,71760,27,NA,Park Road
1221,15 Wessington Fold,Glossop,30-10-2015,House,81000,46170,34830,15,NA,Wessington Fold
1220,5 Lyne Avenue,Glossop,02-11-2015,House,117000,45630,71370,5,NA,Lyne Avenue
1236,197 Victoria Park Road,Buxton,21-12-2015,House,86000,30100,55900,197,NA,Victoria Park Road
1239,1 Belgrade Avenue,Chinley,21-12-2015,House,200000,77900,122100,1,NA,Belgrade Avenue
1245,6 Westbrook Close,Chapel En Le Frith,22-02-2016,House,115000,57500,57500,6,NA,Westbrook Close
1241,12 Totley Gardens,Glossop,22-02-2016,House,78000,43680,34320,12,NA,Totley Gardens
1231,40 Queens Drive,Glossop,29-03-2016,Flat,79000,39500,39500,40,NA,Queens Drive
1234,45 Jubilee Street,New Mills,29-03-2016,House,110000,39600,70400,45,NA,Jubilee Street
1240,26 Wardlow Walk,Glossop,09-05-2016,House,76250,48800,27450,26,NA,Wardlow Walk
1237,7 Derwent Road,Buxton,23-05-2016,House,145000,76850,68150,7,NA,Derwent Road
1257,4 Grange Park Road,Chapel En Le Frith,20-06-2016,House,120000,61200,58800,4,NA,Grange Park Road
1261,184 Buxton Road,Whaley Bridge,04-07-2016,House,162000,69660,92340,184,NA,Buxton Road
1252,10 Alsop Place,Buxton,11-07-2016,House,113000,77900,73450,10,NA,Alsop Place
1249,79 West Drive,Glossop,25-07-2016,House,114000,69540,44460,79,NA,West Drive
1267,5 Monsal Grove,Buxton,12-09-2016,House,115000,54050,60950,5,NA,Monsal Grove
1277,22 Wessington Bank,Glossop,12-09-2016,House,81000,46980,34020,22,NA,Wessington Bank
1264,7 Ebenezer Street,Glossop,12-09-2016,House,88000,47520,40480,7,NA,Ebenezer Street
1285,51 Elizabeth Avenue,Buxton,12-09-2016,House,94000,32900,61100,51,NA,Elizabeth Avenue
1280,39 Totley Lane,Glossop,03-10-2016,House,76000,30400,45600,39,NA,Totley Lane
1260,30 Uplands Road,Glossop,10-10-2016,Bungalow,59000,27730,31270,30,NA,Uplands Road
1253,107 Sherwood Road,Buxton,10-10-2016,House,142500,77900,64600,107,NA,Sherwood Road
1271,8 Grangeside South Avenue,Buxton,07-11-2016,Flat,60000,42000,18000,8,NA,Grangeside South Avenue
1291,8 Harris Road,Buxton,28-11-2016,House,125000,58750,72370,8,NA,Harris Road
1274,7 Carriage Drive,Glossop,19-12-2016,House,125000,51250,73750,7,NA,Carriage Drive
1297,180 Newshaw Lane,Glossop,19-12-2016,House,124000,47120,76880,180,NA,Newshaw Lane
1289,62 Church Fold,Glossop,16-01-2017,Flat,65000,45500,19500,62,NA,Church Fold
1309,94 Victoria Park Road,Buxton,23-01-2017,House,98000,58800,39200,94,NA,Victoria Park Road
1292,6 Grove Lane,Buxton,27-03-2017,House,145000,62350,82650,6,NA,Grove Lane
1284,146 Harpur Hill Road,Buxton,27-03-2017,House,162000,77900,84100,146,NA,Harpur Hill Road
1299,23 Totley Green,Glossop,27-03-2017,House,74500,26075,48425,23,NA,Totley Green
1317,40 Combs Fold,Glossop,10-04-2017,House,80000,52000,28000,40,NA,Combs Fold
1312,32 Ashbourne Lane,Chapel En Le Frith,10-04-2017,House,130000,74100,55900,32,NA,Ashbourne Lane
1302,33 Cross Street,Buxton,22-05-2017,House,137500,55000,82500,33,NA,Cross Street
1305,6 Whitfield Cross,Glossop,04-09-2017,House,68000,26520,41480,6,NA,Whitfield Cross
1318,25 Elizabeth Avenue,Buxton,25-09-2017,House,90000,43200,46800,25,NA,Elizabeth Avenue
1276,13 Vaughan Road,Whaley Bridge,25-09-2017,House,127000,53340,73660,13,NA,Vaughan Road
1351,53 Warmbrook Road,Chapel En Le Frith,16-10-2017,House,124000,58280,65720,53,NA,Warmbrook Road
1306,163 Macclesfield Road,Whaley Bridge,30-10-2017,House,135000,71550,63450,163,NA,Macclesfield Road
1342,134 Batham Gate Road,Buxton,20-11-2017,House,162000,64800,97200,134,NA,Batham Gate Road
1339,9 Elton Bank,Glossop,04-12-2017,House,82000,40180,41820,9,NA,Elton Bank
1331,105 Highfield Road,Glossop,18-12-2017,House,93500,54230,39270,105,NA,Highfield Road
1325,2 Heyden Terrace,Glossop,08-01-2018,House,79500,27825,51675,2,NA,Heyden Terrace
1357,164 Harpur Hill Road,Buxton,22-01-2018,House,166000,73040,92960,164,NA,Harpur Hill Road
1286,73 Hayfield Road,New Mills,22-01-2018,House,108000,45360,62640,73,NA,Hayfield Road
1356,12 Grange Park Road,Chapel En Le Frith,29-01-2018,House,137000,47950,89050,12,NA,Grange Park Road
1326,5 Elnor Avenue,Whaley Bridge,26-03-2018,House,167000,68470,98530,5,NA,Elnor Avenue
1360,6 Crossings Avenue,Chapel En Le Frith,26-03-2018,House,143000,50050,92950,6,NA,Crossings Avenue
1344,9 Newlands Drive,Glossop,26-03-2018,House,136000,78600,57400,9,NA,Newlands Drive
1352,62 Chatsworth Road,Buxton,11-06-2018,House,88000,49280,38720,62,NA,Chatsworth Road
1358,2 Rowsley Walk,Glossop,18-06-2018,House,74000,27380,46620,2,NA,Rowsley Walk
1327,34 Thornbrook Road,Chapel En Le Frith,02-07-2018,House,159000,68370,90630,34,NA,Thornbrook Road
1368,4 Cheedale Road,Buxton,02-07-2018,House,119000,63070,55930,4,NA,Cheedale Road
1377,17 Alport Grove,Glossop,16-07-2018,House,81000,28350,52650,17,NA,Alport Grove
1363,32 Belgrade Avenue,Chinley,06-08-2018,House,152000,78600,73400,32,NA,Belgrade Avenue
1362,13 Forest Avenue,Buxton,20-08-2018,House,120000,63600,56400,13,NA,Forest Avenue
1379,6 Dakin Avenue,Buxton,20-08-2018,House,142000,78600,63400,6,NA,Dakin Avenue
1388,92 Peak Road,New Mills,10-09-2018,House,110000,66000,44000,92,NA,Peak Road
1380,28 Belgrade Avenue,Chinley,17-09-2018,House,185000,80900,104100,28,NA,Belgrade Avenue
1375,28 Bakewell Close,Glossop,24-09-2018,House,69000,39330,29670,28,NA,Bakewell Close
1337,26a Church Fold,Glossop,29-10-2018,Flat,72500,50750,21750,26a,NA,Church Fold
1359,37 Unity Walk,Glossop,29-10-2018,House,127700,47249,80451,37,NA,Unity Walk
1385,26 Aldwark Road,Buxton,26-11-2018,House,126000,52920,73080,26,NA,Aldwark Road
1336,39 Beard Crescent,New Mills,04-02-2019,House,103000,49440,53560,39,NA,Beard Crescent
1403,26 Ashbourne Lane,Chapel En Le Frith,11-02-2019,House,150000,78000,72000,26,NA,Ashbourne Lane
1374,16 Brierley Park,Buxworth,11-03-2019,House,230000,78600,151400,16,NA,Brierley Park
1396,15 Ferneydale Avenue,Buxton,01-04-2019,House,156000,59280,96720,15,NA,Ferneydale Avenue
1406,170 Granby Road,Buxton,15-04-2019,House,132000,64680,67320,170,NA,Granby Road
1412,2 Welbeck Avenue,Buxton,29-04-2019,House,141000,80370,60630,2,NA,Welbeck Avenue
1426,2 Williamson Crescent,Whaley Bridge,03-06-2019,House,185000,77700,107300,2,NA,Williamson Crescent
1411,19 Monsal Avenue,Buxton,10-06-2019,Flat,92000,64400,27600,19,NA,Monsal Avenue
1410,26 Riverside Close,Glossop,10-06-2019,House,152000,53200,98800,26,NA,Riverside Close
1409,7 Westbrook Close,Chapel En Le Frith,01-07-2019,House,150000,80900,69100,7,NA,Westbrook Close
1423,8 Manor Road,Whaley Bridge,15-07-2019,House,220000,80900,139100,8,NA,Manor Road
1424,25 Sherwood Road,Buxton,25-07-2019,House,138000,64860,73140,25,NA,Sherwood Road
1394,67 Combs Gardens,Glossop,09-09-2019,House,87000,34800,52200,67,NA,Combs Gardens
1437,38 West Drive,Glossop,30-09-2019,House,126000,78120,47880,38,NA,West Drive
1441,11 Crossings Avenue,Chapel En Le Frith,07-10-2019,House,195000,82800,112200,11,NA,Crossings Avenue
1416,33 Combs Terrace,Glossop,14-10-2019,House,81000,34020,46980,33,NA,Combs Terrace
1454,35 Mersey Bank Road,Glossop,28-10-2019,House,140000,78400,61600,35,NA,Mersey Bank Road
1427,37 Chapel Lane,Glossop,09-11-2019,House,134000,75040,58960,37,NA,Chapel Lane
1338,20 The Rises,Glossop,12-11-2019,House,90000,42300,47700,20,NA,The Rises
1420,18 Chatsworth Road,Buxton,25-11-2019,House,110000,51700,58300,18,NA,Chatsworth Road
1418,5 Bankswood Close,Glossop,16-12-2019,House,135000,66150,68850,5,NA,Bankswood Close
1466,1 Torside House St James Court,Buxton,13-01-2020,Bungalow,200000,82800,117200,1,NA,Torside House St James Court
1459,56 Combs Mews,Glossop,13-01-2020,House,95000,64600,30400,56,NA,Combs Mews
1445,147 Macclesfield Road,Whaley Bridge,10-02-2020,House,168000,60480,107520,147,NA,Macclesfield Road
1453,19 Castle Hill,Glossop,17-02-2020,House,145000,82800,62200,19,NA,Castle Hill
1477,7 Highfields,Buxton,06-07-2020,House,125000,55000,70000,7,NA,Highfields
1482,36 Beard Crescent,New Mills,20-07-2020,House,130000,82800,47200,36,NA,Beard Crescent
1491,12 Hucklow Fold,Glossop,28-09-2020,House,90000,45000,45000,12,NA,Hucklow Fold
1451,31 Poplar Avenue,New Mills,28-09-2020,House,150000,54000,96000,31,NA,Poplar Avenue
1502,3 West Drive,Glossop,01-03-2021,House,120000,78000,42000,3,NA,West Drive
1506,14 Calow Green,Glossop,14-06-2021,House,98000,66640,31360,14,NA,Calow Green
1499,8 Wessington Bank,Glossop,21-06-2021,House,88000,32560,55440,8,NA,Wessington Bank
1544,16 Rowarth Fold,Glossop,16-08-2021,House,92500,34225,58275,16,NA,Rowarth Fold
1537,22 Sherwood Road,Buxton,27-09-2021,House,160000,84200,75800,22,NA,Sherwood Road
1548,22 Belgrade Avenue,Chinley,04-10-2021,House,165000,82500,82500,22,NA,Belgrade Avenue
1541,61 Whitfield Avenue,Glossop,08-11-2021,House,151500,81810,69690,61,NA,Whitfield Avenue
1558,10 Woodcock Grove,Glossop,22-11-2021,House,161500,84600,76900,10,NA,Woodcock Grove
1546,12 The Rises,Glossop,29-11-2021,House,132500,51675,80825,12,NA,The Rises
1550,24 Ferneydale Avenue,Buxton,20-12-2021,House,170000,84600,85400,24,NA,Ferneydale Avenue
1540,12a Rowsley Grove,Glossop,24-01-2022,House,92500,39775,52725,12a,NA,Rowsley Grove
1551,1 Dollywood Close,Buxworth,21-02-2022,Flat,105000,56700,48300,1,NA,Dollywood Close
1556,1 Rowsley Walk,Glossop,21-02-2022,House,94000,32900,61100,1,NA,Rowsley Walk
1563,37 Sherwood Road,Buxton,21-02-2022,House,143500,51660,91840,37,NA,Sherwood Road
1593,88 Hallsteads,Buxton,28-03-2022,House,125000,61250,63750,88,NA,Hallsteads
1590,39 Overdale Avenue,Buxton,11-04-2022,House,164000,84600,79400,39,NA,Overdale Avenue
1534,45 Warmbrook Road,Chapel En Le Frith,03-05-2022,House,162500,76375,86125,45,NA,Warmbrook Road
1570,28 Whitfield Avenue,Glossop,23-05-2022,Flat,97500,68250,29250,28,NA,Whitfield Avenue
1597,3 Dane Grove,Buxton,23-05-2022,House,155000,68200,86800,3,NA,Dane Grove
1525,21 Cliff Road,Buxton,06-06-2022,Flat,100000,68000,32000,21,NA,Cliff Road
1583,25 Calow Green,Glossop,06-06-2022,House,105000,49350,55650,25,NA,Calow Green
1575,65 Queens Drive,Glossop,13-06-2022,Flat,83000,41500,41500,65,NA,Queens Drive
1553,11 Weaving Avenue,Castleton,13-06-2022,House,217500,84600,132900,11,NA,Weaving Avenue
1591,22 Newlands Drive,Glossop,11-07-2022,House,149000,73010,75990,22,NA,Newlands Drive
1579,61 Queens Drive,Glossop,15-08-2022,Flat,81500,44010,37490,61,NA,Queens Drive
1615,20 Aldwark Road,Buxton,15-08-2022,House,134000,53600,80400,20,NA,Aldwark Road
1589,8 Meadow Close,Buxton,22-08-2022,Flat,70000,44800,25200,8,NA,Meadow Close
1600,54 West Drive,Glossop,05-09-2022,House,139500,84600,54900,54,NA,West Drive
1514,23 Bakewell Grove,Glossop,05-09-2022,House,107000,74900,32100,23,NA,Bakewell Grove
1574,93 Highfield Road,Glossop,12-09-2022,Flat,82000,57400,24600,93,NA,Highfield Road
1571,12 Sheldon Close,Glossop,26-09-2022,House,115000,40250,74750,12,NA,Sheldon Close
1613,2 Brailsford Avenue,Glossop,19-10-2022,House,94500,40635,53865,2,NA,Brailsford Avenue
1602,88 Mersey Bank Road,Glossop,24-10-2022,House,151500,71205,80295,88,NA,Mersey Bank Road
1595,18 Elton Close,Glossop,24-10-2022,House,115000,50600,64400,18,NA,Elton Close
1562,133 Queens Drive,Glossop,31-10-2022,Flat,80000,46400,33600,133,NA,Queens Drive
1610,7 Stiles Close,Glossop,07-11-2022,House,141000,76140,64860,7,NA,Stiles Close
1621,33 West Drive,Glossop,07-11-2022,House,145000,56550,88450,33,NA,West Drive
1580,90 New Street,New Mills,14-11-2022,House,168000,73920,94080,90,NA,New Street
1635,10 Crossings Avenue,Chapel En Le Frith,28-11-2022,House,188500,87200,101300,10,NA,Crossings Avenue
1632,122 Victoria Park Road,Buxton,19-12-2022,House,134000,87200,46800,122,NA,Victoria Park Road
1605,69 Thorncliffe Road ,Glossop,09-01-2023,House,143000,81510,61490,69,NA,Thorncliffe Road
1624,12 Bakewell Bank,Glossop,30-01-2023,House,94000,41360,52640,12,NA,Bakewell Bank
1619,113 Mersey Bank Road,Glossop,30-01-2023,Flat,99500,61690,37810,113,NA,Mersey Bank Road
1611,75 Granby Road,Buxton,30-01-2023,Flat,99000,69300,29700,75,NA,Granby Road
1608,35 St Georges Road,New Mills,06-02-2023,House,144500,69360,75140,35,NA,St Georges Road
1631,57 Bench Road,Buxton,06-02-2023,House,148500,66825,81675,57,NA,Bench Road
1626,25 Whitwell Close,Glossop,06-02-2023,House,101000,63630,37370,25,NA,Whitwell Close
1648,12 Matlock Place,Glossop,06-02-2023,House,94000,61100,32900,12,NA,Matlock Place
