address,valuation,discount_percent,sale_value,discount,date,property_type,num_bedrooms,house_number,postcode,suburb,street_number,house_number2,street_name,town
"9 Redthorne Close, Spalding ",94000,37,59220,34780,30-07-2012,House,2,9,NA,Spalding ,9 Redthorne Close,NA,Redthorne Close,NA
"6 Barholme Avenue, Lutton ",97500,60,39000,58500,03-09-2012,House,2,6,NA,Lutton ,6 Barholme Avenue,NA,Barholme Avenue,NA
"167 Stockhouse Lane, Surfleet ",98000,45,53900,44100,24-09-2012,House,3,167,NA,Surfleet ,167 Stockhouse Lane,NA,Stockhouse Lane,NA
"27 Albert Avenue, Gedney",95000,41,56050,38950,29-10-2012,House,3,27,NA,Gedney,27 Albert Avenue,NA,Albert Avenue,NA
"166 Qeens Road, Spalding",99500,51,49025,50475,21-01-2013,House,3,166,NA,Spalding,166 Qeens Road,NA,Qeens Road,NA
"8 Tolls Lane, Holbeach",88000,59,36080,51920,29-04-2013,House,2,8,NA,Holbeach,8 Tolls Lane,NA,Tolls Lane,NA
"21 Delgate Avenue, Weston",75000,56,33000,42000,13-05-2013,House,3,21,NA,Weston,21 Delgate Avenue,NA,Delgate Avenue,NA
"12 Moons Green, Moulton",90000,60,36000,54000,03-06-2013,House,3,12,NA,Moulton,12 Moons Green,NA,Moons Green,NA
"18 Nenelands, Sutton Bridge",100000,60,40000,60000,12-08-2013,House,3,18,NA,Sutton Bridge,18 Nenelands,NA,Nenelands,NA
"12 Stockwell Gate, Whaplode",97500,41,57525,39975,19-08-2013,Bungalow,2,12,NA,Whaplode,12 Stockwell Gate,NA,Stockwell Gate,NA
"16 East Elloe Avenue, Holbeach",105000,44,58800,46200,09-09-2013,House,3,16,NA,Holbeach,16 East Elloe Avenue,NA,East Elloe Avenue,NA
32 Farrow Road Whaplode Drove,108000,46,58320,49680,28-10-2013,House,3,32,NA,32 Farrow Road Whaplode Drove,32 Farrow Road Whaplode Drove,NA,Farrow Road Whaplode Drove,NA
"36 Garnsgate Road, Long Sutton ",96000,47,50880,45120,11-11-2013,House,3,36,NA,Long Sutton ,36 Garnsgate Road,NA,Garnsgate Road,NA
"34 St Pauls Road, Spalding",105000,60,42000,63000,29-11-2013,House,3,34,NA,Spalding,34 St Pauls Road,NA,St Pauls Road,NA
"44 Commercial Road, Spalding",102500,45,56760,45740,16-12-2013,House,3,44,NA,Spalding,44 Commercial Road,NA,Commercial Road,NA
"39 Lowgate, Lutton, Spalding, Lincs, PE12 9HP",95000,39,57950,37050,17-02-2014,Bungalow,2,39,PE12 9HP,Lincs,39 Lowgate,NA,Lowgate,Spalding
"51 Hall Hill Road, Holbeach, Spalding, Lincs, PE12 7JB",100000,44,56000,44000,24-03-2014,House,3,51,PE12 7JB,Lincs,51 Hall Hill Road,NA,Hall Hill Road,Spalding
"3 Cranesgate North, Whaplode St Catherines, Spalding, Lincs, PE12 6SR",90000,40,54000,36000,28-04-2014,House,3,3,PE12 6SR,Lincs,3 Cranesgate North,NA,Cranesgate North,Spalding
"60 Jekils Bank, Holbeach St Johns, Spalding, Lincs, PE12 8RF",95000,46,51300,43700,02-06-2014,House,3,60,PE12 8RF,Lincs,60 Jekils Bank,NA,Jekils Bank,Spalding
"10 Banks Avenue, Spalding, Lincs, PE11 2JG",95000,47,50350,44650,30-06-2014,House,3,10,PE11 2JG,Lincs,10 Banks Avenue,NA,Banks Avenue,Spalding
"16 Hospital Drove, Little Sutton, Spalding, Lincs, PE12 9EL",110000,52,52800,57200,07-07-2014,House,3,16,PE12 9EL,Lincs,16 Hospital Drove,NA,Hospital Drove,Spalding
"4 Princes Street, Sutton Bridge, Spalding, Lincs, PE12 9RE",97500,38,60450,37050,11-08-2014,House,3,4,PE12 9RE,Lincs,4 Princes Street,NA,Princes Street,Spalding
"58 Highstock Lane, Gedney Hill, Spalding, Lincs, PE12 0QQ",95000,70,28500,66500,22-09-2014,House,3,58,PE12 0QQ,Lincs,58 Highstock Lane,NA,Highstock Lane,Spalding
"3 Beech Avenue, Spalding, Lincs, PE11 2LS",105000,45,57750,47250,01-12-2014,House,2,3,PE11 2LS,Lincs,3 Beech Avenue,NA,Beech Avenue,Spalding
"35 Queens Road, Spalding, Lincs, PE11 2JJ",105000,42,60900,44100,22-12-2014,House,2,35,PE11 2JJ,Lincs,35 Queens Road,NA,Queens Road,Spalding
"3 George Avenue, Gedney Drove End, Spalding, Lincs, PE12 9PE",100000,56,44000,56000,12-01-2015,House,3,3,PE12 9PE,Lincs,3 George Avenue,NA,George Avenue,Spalding
"111 Railway Lane South, Sutton Bridge, Spalding, Lincs, PE12 9UZ",90000,61,35100,54900,19-01-2015,House,3,111,PE12 9UZ,Lincs,111 Railway Lane South,NA,Railway Lane South,Spalding
"5 Lowgate Lane, Surfleet, Spalding, Lincolnshire, PE11 4AS",100000,36,64000,36000,19-01-2015,House,3,5,PE11 4AS,Lincolnshire,5 Lowgate Lane,NA,Lowgate Lane,Spalding
"19 Tolls Lane, Holbeach, Spalding, Lincs, PE12 7PR",91000,40,54600,36400,02-02-2015,House,2,19,PE12 7PR,Lincs,19 Tolls Lane,NA,Tolls Lane,Spalding
"15 Edinburgh Drive, Spalding, Lincs, PE11 2SA",110000,37,69300,40700,02-02-2015,House,3,15,PE11 2SA,Lincs,15 Edinburgh Drive,NA,Edinburgh Drive,Spalding
"5 The Bars, Dozens Bank, West Pinchbeck, Spalding, Lincs, PE11 3NF",95000,41,56050,38950,23-02-2015,House,3,5,PE11 3NF,Lincs,5 The Bars,NA,The Bars,Spalding
"5 Milestone Lane, Pinchbeck, Spalding, Lincs, PE11 3XX",107500,69,33325,74175,09-03-2015,House,3,5,PE11 3XX,Lincs,5 Milestone Lane,NA,Milestone Lane,Spalding
"26 Chestnut Terrace, Sutton Bridge, Spalding, Lincs, PE12 9SX",98000,37,61740,36260,09-03-2015,House,3,26,PE12 9SX,Lincs,26 Chestnut Terrace,NA,Chestnut Terrace,Spalding
"24 Cranesgate North, Whaplode St Catherines, Spalding, Lincs, PE12 6SR",94000,35,61100,32900,23-03-2015,House,3,24,PE12 6SR,Lincs,24 Cranesgate North,NA,Cranesgate North,Spalding
"39 Days Lane, Donington, Spalding, Lincs, PE11 4XT",107500,55,48375,59125,30-03-2015,House,3,39,PE11 4XT,Lincs,39 Days Lane,NA,Days Lane,Spalding
"80 Railway Lane, Sutton Bridge, Spalding, Lincs, PE12 9XA",98000,54,45080,52920,18-05-2015,House,3,80,PE12 9XA,Lincs,80 Railway Lane,NA,Railway Lane,Spalding
"21 Allenbys Chase, Sutton Bridge, Spalding, Lincs, PE12 9SY",102500,46,55350,47150,18-05-2015,House,3,21,PE12 9SY,Lincs,21 Allenbys Chase,NA,Allenbys Chase,Spalding
"49 Chestnut Avenue, Spalding, Lincs, PE11 2LN",80000,58,33600,46400,18-05-2015,Flat,2,49,PE11 2LN,Lincs,49 Chestnut Avenue,NA,Chestnut Avenue,Spalding
"88 Railway Lane, Sutton Bridge,Lincs, PE12 9XA",98000,42,56840,41160,29-06-2015,House,3,88,PE12 9XA,"Sutton Bridge,Lincs",88 Railway Lane,NA,Railway Lane,NA
"5 Washway Road, Holbeach, PE12 7PE",108000,67,35640,72360,06-07-2015,House,3,5,PE12 7PE,Holbeach,5 Washway Road,NA,Washway Road,NA
"6 East Elloe Avenue, Holbeach, PE12 7NB",110000,55,49500,60500,27-07-2015,House,3,6,PE12 7NB,Holbeach,6 East Elloe Avenue,NA,East Elloe Avenue,NA
"13 Broadway, Crowland, PE6 0BJ",118500,42,68730,49770,03-08-2015,House,3,13,PE6 0BJ,Crowland,13 Broadway,NA,Broadway,NA
"119 Chestneut Avenue, Spalding",115000,45,63250,51750,10-08-2015,House,3,119,NA,Spalding,119 Chestneut Avenue,NA,Chestneut Avenue,NA
"35 Hall Hill Road, Spalding, PE12 7JB",110000,38,68200,41800,17-08-2015,House,3,35,PE12 7JB,Spalding,35 Hall Hill Road,NA,Hall Hill Road,NA
"267 Pennygate, Spalding PE11 1LN",114000,68,37000,77000,24-08-2015,House,3,267,NA,Spalding PE11 1LN,267 Pennygate,NA,Pennygate,NA
"2 Sholtsgate, Whaplode, PE12 6TZ",110000,70,33000,77000,07-09-2015,House,3,2,PE12 6TZ,Whaplode,2 Sholtsgate,NA,Sholtsgate,NA
"83 Town Dam Lane, Donington, PE11 4TR",110000,67,36300,73700,28-09-2015,House,3,83,PE11 4TR,Donington,83 Town Dam Lane,NA,Town Dam Lane,NA
"3 Charles Road, Fleet Hargate, PE12 8NB",112500,48,58500,54000,05-10-2015,House,3,3,PE12 8NB,Fleet Hargate,3 Charles Road,NA,Charles Road,NA
"5 Thames Road, Spalding, Lincs, PE11 2JP",112500,68,35500,77000,19-10-2015,House,3,5,PE11 2JP,Lincs,5 Thames Road,NA,Thames Road,Spalding
"66 Battlefields Lane South, Holbeach, PE12 7PG",108000,35,70200,37800,30-11-2015,House,3,66,PE12 7PG,Holbeach,66 Battlefields Lane South,NA,Battlefields Lane South,NA
"1 Allenby's Chase, Sutton Bridge,PE12 9SY",105000,38,65100,39900,30-11-2015,House,3,1,NA,"Sutton Bridge,PE12 9SY",1 Allenby's Chase,NA,Allenby's Chase,NA
"29 Wygate Road, Spalding, PE11 1NS",78000,67,25740,52260,30-11-2015,Bungalow,2,29,PE11 1NS,Spalding,29 Wygate Road,NA,Wygate Road,NA
"8 George Avenue, Gedney Drove End, PE12 9PE",108000,43,61845,46155,14-12-2015,House,3,8,PE12 9PE,Gedney Drove End,8 George Avenue,NA,George Avenue,NA
"1 Drawdyke, Sutton St James, Spalding, PE12 0HR",130000,42,75400,54600,04-01-2016,House,3,1,PE12 0HR,Spalding,1 Drawdyke,NA,Drawdyke,Sutton St James
"30 Lincoln Avenue, Gedney Hill, Spalding, Lincs, PE12 0PJ",110000,46,59400,50600,22-02-2016,House,3,30,PE12 0PJ,Lincs,30 Lincoln Avenue,NA,Lincoln Avenue,Spalding
"72 Jekils Bank, Holbeach St Johns, Spalding, Lincs, PE12 8RF",107000,35,69500,37500,22-02-2016,House,3,72,PE12 8RF,Lincs,72 Jekils Bank,NA,Jekils Bank,Spalding
"52 Fishpond Lane, Holbeach, Spalding, Lincs, PE12 7DQ",110000,35,71500,38500,07-03-2016,House,3,52,PE12 7DQ,Lincs,52 Fishpond Lane,NA,Fishpond Lane,Spalding
"1 Blue Gowt Drove, Pinchbeck, Spalding, Lincs, PE11 3PX ",120000,34,79200,40800,07-03-2016,House,3,1,PE11 3PX,Lincs ,1 Blue Gowt Drove,NA,Blue Gowt Drove,Spalding
"13 Puddingpoke Lane, Lutton, Spalding, Lincs, PE12 9HZ",110000,54,50600,59400,04-04-2016,House,3,13,PE12 9HZ,Lincs,13 Puddingpoke Lane,NA,Puddingpoke Lane,Spalding
"62 East Elloe Avenue, Holbeach, Spalding, Lincs, PE12 7NB",112500,38,69750,42750,11-04-2016,House,3,62,PE12 7NB,Lincs,62 East Elloe Avenue,NA,East Elloe Avenue,Spalding
"1 Festival Square, Sutton St James, Spalding, Lincs, PE12 0EH",110000,48,57200,52800,25-04-2016,House,3,1,PE12 0EH,Lincs,1 Festival Square,NA,Festival Square,Spalding
"22 Cranesgate North, Whaplode St Catherines, Spalding, PE12 6SR",100000,37,63000,37000,09-05-2016,House,3,22,PE12 6SR,Spalding,22 Cranesgate North,NA,Cranesgate North,Whaplode St Catherines
"12 St Johns Road, Weston Hills, Spalding, Lincs, PE12 6DG",118000,36,75520,42480,09-05-2016,House,3,12,PE12 6DG,Lincs,12 St Johns Road,NA,St Johns Road,Spalding
"10 Whitehall, Gosberton, Spalding, Lincs, PE11 4HQ",115000,43,65550,49450,16-05-2016,House,3,10,PE11 4HQ,Lincs,10 Whitehall,NA,Whitehall,Spalding
"10 Churchfleet Lane, Gosberton, Spalding, Lincs, PE11 4NE",110000,63,40700,69300,16-05-2016,Bungalow,2,10,PE11 4NE,Lincs,10 Churchfleet Lane,NA,Churchfleet Lane,Spalding
"16 West Cobgate, Moulton, Spalding, Lincs, PE12 6QN",117500,42,68150,49350,23-05-2016,House,3,16,PE12 6QN,Lincs,16 West Cobgate,NA,West Cobgate,Spalding
"67 Woodgate, Moulton Chapel, Spalding, Lincs, PE12 0XF",105000,49,53550,51450,06-06-2016,House,3,67,PE12 0XF,Lincs,67 Woodgate,NA,Woodgate,Spalding
"68 East Cobgate, Moulton, Spalding, Lincs, PE12 6QJ",112000,57,48160,63840,06-06-2016,House,3,68,PE12 6QJ,Lincs,68 East Cobgate,NA,East Cobgate,Spalding
" 1 Clough Road, Holbeach Bank, Spalding, Lincs, PE12 8BW",132500,40,80145.5,52354.5,06-06-2016,House,3,1,PE12 8BW,Lincs,1 Clough Road,NA,Clough Road,Spalding
" 14 Edinburgh Drive, Spalding, Lincs, PE11 2SA ",122000,48,63440,58560,22-08-2016,House,3,14,PE11 2SA,Lincs ,14 Edinburgh Drive,NA,Edinburgh Drive,Spalding
"50 Park Lane, Donington, Spalding, Lincs, PE11 4UE",118000,51,57820,60180,10-10-2016,House,3,50,PE11 4UE,Lincs,50 Park Lane,NA,Park Lane,Spalding
"59 East Elloe Avenue, Holbeach, Spalding, Lincs, PE12 7NB",114000,41,67260,46740,10-10-2016,House,2,59,PE12 7NB,Lincs,59 East Elloe Avenue,NA,East Elloe Avenue,Spalding
"15 Starlode Drove, West Pinchbeck, Spalding, Lincs, PE11 3TD",117000,51,57330,59670,10-10-2016,House,3,15,PE11 3TD,Lincs,15 Starlode Drove,NA,Starlode Drove,Spalding
"25 Sheppersons Avenue, Gosberton Risegate, Spalding, PE11 4EX",116000,50,58000,58000,05-12-2016,House,3,25,PE11 4EX,Spalding,25 Sheppersons Avenue,NA,Sheppersons Avenue,Gosberton Risegate
"19 East Elloe Avenue, Holbeach, Spalding, Lincs, PE12 7NB",117500,46,63450,54050,16-01-2017,House,3,19,PE12 7NB,Lincs,19 East Elloe Avenue,NA,East Elloe Avenue,Spalding
"31 Hall Hill Road, Holbeach, Spalding, Lincs, PE12 7JB",115000,62,43700,71300,16-01-2017,House,3,31,PE12 7JB,Lincs,31 Hall Hill Road,NA,Hall Hill Road,Spalding
"21 Anne Road, Sutton Bridge, Spalding, Lincs, PE12 9TB",108000,34,71280,36720,06-02-2017,House,3,21,PE12 9TB,Lincs,21 Anne Road,NA,Anne Road,Spalding
"34 Long Road, Tydd Gote, Wisbech, Cambs, PE13 5RB",117500,42,68150,49350,06-02-2017,House,3,34,PE13 5RB,Cambs,34 Long Road,NA,Long Road,Wisbech
"139 Broad Lane, Moulton, Spalding, Lincs, PE12 6PW",108000,35,70200,37800,06-02-2017,House,3,139,PE12 6PW,Lincs,139 Broad Lane,NA,Broad Lane,Spalding
"57 Edinburgh Walk, West Pinchbeck, Spalding, Lincs, PE11 3NG",117000,43,66690,50310,27-02-2017,House,3,57,PE11 3NG,Lincs,57 Edinburgh Walk,NA,Edinburgh Walk,Spalding
"1 Albert Avenue, Gedney, Spalding, Lincs, PE12 0AB",105000,70,31500,73500,06-03-2017,House,3,1,PE12 0AB,Lincs,1 Albert Avenue,NA,Albert Avenue,Spalding
"18 Fulney Avenue, Spalding, Lincs, PE11 2JB",100000,44,56000,44000,13-03-2017,House,3,18,PE11 2JB,Lincs,18 Fulney Avenue,NA,Fulney Avenue,Spalding
"19 Sheppersons Avenue, Gosberton Risegate, Lincs, PE11 4EX",120000,63,44000,76000,03-04-2017,House,3,19,PE11 4EX,Lincs,19 Sheppersons Avenue,NA,Sheppersons Avenue,Gosberton Risegate
"10 Cawood Lane, Gosberton, Lincs, PE11 4HD",122500,58,51450,71050,03-04-2017,House,3,10,PE11 4HD,Lincs,10 Cawood Lane,NA,Cawood Lane,Gosberton
"16 Stennett Avenue, Spalding, Lincolnshire, PE11 3AX ",107500,39,65575,41925,03-04-2017,House,3,16,PE11 3AX,Lincolnshire ,16 Stennett Avenue,NA,Stennett Avenue,Spalding
"168 Queens Road, Spalding, Lincs, PE11 2HZ",111000,70,33300,77700,08-05-2017,House,3,168,PE11 2HZ,Lincs,168 Queens Road,NA,Queens Road,Spalding
"18 Harrow Road, Deeping St Nicholas, Spalding, Lincs, PE11 3ES",130000,33,87100,42900,12-06-2017,House,3,18,PE11 3ES,Lincs,18 Harrow Road,NA,Harrow Road,Spalding
"6 Washway Road, Holbeach, Spalding, Lincs, PE12 7PE",132000,50,66000,66000,26-06-2017,House,3,6,PE12 7PE,Lincs,6 Washway Road,NA,Washway Road,Spalding
"7 Edinburgh Drive, Spalding, Lincs, PE11 2SA",126000,48,65520,60480,25-07-2017,House,3,7,PE11 2SA,Lincs,7 Edinburgh Drive,NA,Edinburgh Drive,Spalding
"3 Newlands Road, Surfleet, Spalding, Lincs, PE11 4DT",122500,37,77175,45325,13-09-2017,House,3,3,PE11 4DT,Lincs,3 Newlands Road,NA,Newlands Road,Spalding
"8 The Bars, Dozens Bank, West Pinchbeck, Spalding, PE11 3NF",172500,42,100050,72450,31-10-2017,House,3,8,PE11 3NF,Spalding,8 The Bars,NA,The Bars,West Pinchbeck
"2 The Fen, Quadring, Spalding, Lincs, PE11 4RA",112000,51,54360,57640,08-11-2017,House,2,2,PE11 4RA,Lincs,2 The Fen,NA,The Fen,Spalding
"2 Tolls Lane, Holbeach, Spalding, Lincs, PE12 7PR",118000,43,67260,50740,13-11-2017,House,2,2,PE12 7PR,Lincs,2 Tolls Lane,NA,Tolls Lane,Spalding
"34 Park Lane, Donington, Spalding, Lincs, PE11 4UE",125000,36,80000,45000,13-11-2017,House,3,34,PE11 4UE,Lincs,34 Park Lane,NA,Park Lane,Spalding
"2 Birds Drove, Sutton St James, Spalding, Lincs, PE12 0JZ",140000,49,71400,68600,05-12-2017,House,3,2,PE12 0JZ,Lincs,2 Birds Drove,NA,Birds Drove,Spalding
"28 West Cobgate, Moulton, Spalding, Lincs, PE12 6QN",126000,38,77900,48100,12-12-2017,House,3,28,PE12 6QN,Lincs,28 West Cobgate,NA,West Cobgate,Spalding
"9 Tolls Lane, Holbeach, Spalding, Lincs, PE12 7PR",113500,34,74910,38590,06-02-2018,House,2,9,PE12 7PR,Lincs,9 Tolls Lane,NA,Tolls Lane,Spalding
"24 Whitehall, Gosberton, Spalding, Lincs, PE11 4HQ",117500,44,65800,51700,20-02-2018,House,3,24,PE11 4HQ,Lincs,24 Whitehall,NA,Whitehall,Spalding
"57 Millfield Gardens, Crowland, Peterborough, Cambs, PE6 0HA",140000,43,79800,60200,20-02-2018,House,3,57,PE6 0HA,Cambs,57 Millfield Gardens,NA,Millfield Gardens,Peterborough
"29 Cherry Tree Grove, Spalding, Lincs, PE11 2NA",137500,50,68750,68750,20-02-2018,House,3,29,PE11 2NA,Lincs,29 Cherry Tree Grove,NA,Cherry Tree Grove,Spalding
"36 Gleed Avenue, Donington",117500,67,38900,78600,27-02-2018,House,2,36,NA,Donington,36 Gleed Avenue,NA,Gleed Avenue,NA
"8 Garnsgate Road, Long Sutton ",127500,46,68850,58650,10-04-2018,House,3,8,NA,Long Sutton ,8 Garnsgate Road,NA,Garnsgate Road,NA
"41 Princes Street, Sutton Bridge",114000,50,57000,57000,24-04-2018,Bungalow,2,41,NA,Sutton Bridge,41 Princes Street,NA,Princes Street,NA
"16 The Fen, Quadring",122000,64,43400,78600,08-05-2018,House,3,16,NA,Quadring,16 The Fen,NA,The Fen,NA
"11 Goodfellows Road, Spalding",125000,63,46400,78600,08-05-2018,House,3,11,NA,Spalding,11 Goodfellows Road,NA,Goodfellows Road,NA
"4 Sutton Crosses, Long Sutton",120000,37,75600,44400,15-05-2018,House,3,4,NA,Long Sutton,4 Sutton Crosses,NA,Sutton Crosses,NA
"300 Broadgate, Sutton St Edmund ",160000,49,81400,78600,19-06-2018,House,3,300,NA,Sutton St Edmund ,300 Broadgate,NA,Broadgate,NA
"25 Tolls Lane, Holbeach, Spalding",120000,34,41400,78600,26-06-2018,House,3,25,NA,Spalding,25 Tolls Lane,NA,Tolls Lane,Holbeach
"31 Albert Avenue, Gedney",110000,30,33000,77000,31-07-2018,House,3,31,NA,Gedney,31 Albert Avenue,NA,Albert Avenue,NA
"61 Mill Drove South, Cowbit",130000,51,66300,63700,07-08-2018,House,3,61,NA,Cowbit,61 Mill Drove South,NA,Mill Drove South,NA
"13 Thorpe Avenue, Moulton chapel",125000,65,81250,43750,28-08-2018,House,3,13,NA,Moulton chapel,13 Thorpe Avenue,NA,Thorpe Avenue,NA
"60 Acacia Avenue, Spalding",92500,42,38850,53650,04-09-2018,Flat,2,60,NA,Spalding,60 Acacia Avenue,NA,Acacia Avenue,NA
"145 Railway Lane, Sutton Bridge",107500,43,46225,61275,06-09-2018,House,3,145,NA,Sutton Bridge,145 Railway Lane,NA,Railway Lane,NA
"2 Carrington Drive, Deeping St Nicholas",140000,63,88200,51800,25-09-2018,House,3,2,NA,Deeping St Nicholas,2 Carrington Drive,NA,Carrington Drive,NA
"11 Cross Road, Sutton St. Edmund ",125000,54,67500,57500,09-10-2018,House,3,11,NA,Sutton St. Edmund ,11 Cross Road,NA,Cross Road,NA
"16 St Margarets, Quadring",150000,65,97250,52750,27-11-2018,House,3,16,NA,Quadring,16 St Margarets,NA,St Margarets,NA
"12 Mileston Lane, Pinchbeck",122500,36,43900,78600,08-01-2019,Bungalow,2,12,NA,Pinchbeck,12 Mileston Lane,NA,Mileston Lane,NA
"15 Cranesgate North, Whaplode St Catherine",125000,40,50000,75000,12-02-2019,House,3,15,NA,Whaplode St Catherine,15 Cranesgate North,NA,Cranesgate North,NA
"2 Banks Avenue, Spalding",127500,65,82875,44625,12-02-2019,House,3,2,NA,Spalding,2 Banks Avenue,NA,Banks Avenue,NA
"13 Cross Road, Sutton St Edmund",135000,53,71925,63075,12-02-2019,House,3,13,NA,Sutton St Edmund,13 Cross Road,NA,Cross Road,NA
"27 Cranesgate North, Whaplode St Catherines",140000,55,77000,63000,18-02-2019,House,3,27,NA,Whaplode St Catherines,27 Cranesgate North,NA,Cranesgate North,NA
"16 Charles Road, Fleet",140000,65,91000,49000,13-03-2019,House,3,16,NA,Fleet,16 Charles Road,NA,Charles Road,NA
"90 Railway Lane South, Sutton Bridge",130000,64,83200,46800,07-05-2019,House,3,90,NA,Sutton Bridge,90 Railway Lane South,NA,Railway Lane South,NA
"2 Cranesgate North, Whaplode St Catherine",115000,49,56350,58650,07-05-2019,House,3,2,NA,Whaplode St Catherine,2 Cranesgate North,NA,Cranesgate North,NA
"51 Northorpe Road, Donington ",130000,40,52000,78000,28-05-2019,House,3,51,NA,Donington ,51 Northorpe Road,NA,Northorpe Road,NA
"55 Mill Drove South, Cowbit ",115000,55,63250,51750,28-05-2019,House,3,55,NA,Cowbit ,55 Mill Drove South,NA,Mill Drove South,NA
"9 St Johns Road, Weston Hills ",135000,56,75600,59400,25-06-2019,House,3,9,NA,Weston Hills ,9 St Johns Road,NA,St Johns Road,NA
"18 School Crescent, Surfleet",125000,65,81250,43750,30-07-2019,House,3,18,NA,Surfleet,18 School Crescent,NA,School Crescent,NA
"13 Hix Lane, Tydd St Mary ",125000,54,67500,57500,30-07-2019,House,3,13,NA,Tydd St Mary ,13 Hix Lane,NA,Hix Lane,NA
"24 Park Lane, Donington, Spalding, Lincs, PE11 4UE",130000,61,79300,50700,06-08-2019,House,3,24,PE11 4UE,Lincs,24 Park Lane,NA,Park Lane,Spalding
"21 Wygate Road, Spalding, Lincs, PE11 1NS",130000,65,84500,45500,09-09-2019,Bungalow,2,21,PE11 1NS,Lincs,21 Wygate Road,NA,Wygate Road,Spalding
"19 Cross Road, Sutton St Edmund, Spalding, Lincs, PE12 0LS",130000,48,62400,67600,24-09-2019,Bungalow,2,19,PE12 0LS,Lincs,19 Cross Road,NA,Cross Road,Spalding
"5 Stockwell Gate, Whaplode, Spalding, Lincs, PE12 6UE",118000,61,71980,46020,24-09-2019,House,2,5,PE12 6UE,Lincs,5 Stockwell Gate,NA,Stockwell Gate,Spalding
"13 Clough Road, Holbeach Bank, Spalding, Lincs, PE12 8BW",117000,37,43290,73710,01-10-2019,House,3,13,PE12 8BW,Lincs,13 Clough Road,NA,Clough Road,Spalding
"182 Baulkins Drove, Sutton St James, Spalding, Lincs, PE12 0JU",140000,56,78875,61125,21-10-2019,House,3,182,PE12 0JU,Lincs,182 Baulkins Drove,NA,Baulkins Drove,Spalding
"24 Harrow Road, Deeping St Nicholas, Spalding, Lincs, PE11 3ES",125000,65,81250,43750,22-10-2019,House,3,24,PE11 3ES,Lincs,24 Harrow Road,NA,Harrow Road,Spalding
"3 Royce Road, Spalding, Lincs, PE11 2JA",125000,65,81250,43750,22-10-2019,House,3,3,PE11 2JA,Lincs,3 Royce Road,NA,Royce Road,Spalding
"16 Spalding Common, Spalding ",120000,65,78000,42000,10-11-2019,House,3,16,NA,Spalding ,16 Spalding Common,NA,Spalding Common,NA
"29 Cradge Bank, Spalding ",135000,37,85050,49950,10-11-2019,House,3,29,NA,Spalding ,29 Cradge Bank,NA,Cradge Bank,NA
"23 Cekhira Avenue, Moulton Chapel ",135000,50,67500,67500,24-11-2019,House,3,23,NA,Moulton Chapel ,23 Cekhira Avenue,NA,Cekhira Avenue,NA
"149 Broad Lane, Moulton ",135274,49,68989,66284.26,24-11-2019,House,3,149,NA,Moulton ,149 Broad Lane,NA,Broad Lane,NA
"1 Oldham Drive, Pinchbeck, Spalding, Lincs, PE11 3XZ",130000,35,70200,59800,16-12-2019,House,3,1,PE11 3XZ,Lincs,1 Oldham Drive,NA,Oldham Drive,Spalding
"19 Wignals Gate, Holbeach, Spalding, Lincs, PE12 7HL",110000,46,59400,50600,07-01-2020,House,3,19,PE12 7HL,Lincs,19 Wignals Gate,NA,Wignals Gate,Spalding
"107 Albion Street, Spalding ",157500,67,76600,80900,21-01-2020,House,3,107,NA,Spalding ,107 Albion Street,NA,Albion Street,NA
"105 Railway Lane South, Sutton Bridge",110000,41,64900,45100,11-02-2020,House,3,105,NA,Sutton Bridge,105 Railway Lane South,NA,Railway Lane South,NA
"67 Gleed Avenue, Donington, Spalding, Lincs, PE11 4UG",125000,40,75000,50000,18-02-2020,House,2,67,PE11 4UG,Lincs,67 Gleed Avenue,NA,Gleed Avenue,Spalding
"121 Queens Road, Spalding ",103000,40,61800,41200,25-02-2020,House,2,121,NA,Spalding ,121 Queens Road,NA,Queens Road,NA
"100 Main Road, Quadring, Spalding, Lincs, PE11 4PW",140000,43,140000,60200,03-03-2020,House,3,100,PE11 4PW,Lincs,100 Main Road,NA,Main Road,Spalding
"73 Queens Road, Spalding, Lincs, PE11 2JJ",140000,44,78400,61600,17-03-2020,House,3,73,PE11 2JJ,Lincs,73 Queens Road,NA,Queens Road,Spalding
"173 Queens Road, Spalding, Lincs, PE11 2JH",105000,39,64050,40950,24-03-2020,House,2,173,PE11 2JH,Lincs,173 Queens Road,NA,Queens Road,Spalding
"52 Mill Lane, Whaplode, Spalding, Lincs, PE12 6TS",147000,35,95550,51450,24-05-2020,House,3,52,PE12 6TS,Lincs,52 Mill Lane,NA,Mill Lane,Spalding
"40 Tolls Lane, Holbeach, Spalding, Lincs, PE12 7PR",130000,40,78000,52000,24-05-2020,House,2,40,PE12 7PR,Lincs,40 Tolls Lane,NA,Tolls Lane,Spalding
"21 Grove Close, Pinchbeck, Spalding, Lincs, PE11 3YZ",155000,53,72200,82800,02-06-2020,Bungalow,2,21,PE11 3YZ,Lincs,21 Grove Close,NA,Grove Close,Spalding
"222 Main Road, Quadring, Spalding, Lincs, PE11 4PT",145000,44,81200,63800,04-08-2020,House,3,222,PE11 4PT,Lincs,222 Main Road,NA,Main Road,Spalding
"115 Queens Road, Spalding, Lincs, PE11 2JH",110000,37,69300,40700,11-08-2020,House,2,115,PE11 2JH,Lincs,115 Queens Road,NA,Queens Road,Spalding
"169 Queens Road, Spalding, Lincs, PE11 2JH",105000,39,64050,40950,25-08-2020,House,2,169,PE11 2JH,Lincs,169 Queens Road,NA,Queens Road,Spalding
"5 Harford Gate, Gedney, Spalding, Lincs, PE12 0DF",135000,61,52200,82800,13-10-2020,House,3,5,PE12 0DF,Lincs,5 Harford Gate,NA,Harford Gate,Spalding
"77 Willders Garth, Holbeach, Spalding, Lincs, PE12 7RA",130000,35,84500,45500,20-10-2020,Bungalow,2,77,PE12 7RA,Lincs,77 Willders Garth,NA,Willders Garth,Spalding
"2 Black Barn, Gedney Marsh, Spalding, Lincs, PE12 9NE",140000,42,81200,58800,03-11-2020,House,3,2,PE12 9NE,Lincs,2 Black Barn,NA,Black Barn,Spalding
"22 Cornfields, Holbeach, Spalding, Lincs, PE12 7QN",135000,35,87750,47250,01-12-2020,Bungalow,2,22,PE12 7QN,Lincs,22 Cornfields,NA,Cornfields,Spalding
"76 Highstock Lane, Gedney Hill, Spalding, Lincs, PE12 0QQ",115000,50,57500,57500,08-12-2020,Bungalow,2,76,PE12 0QQ,Lincs,76 Highstock Lane,NA,Highstock Lane,Spalding
"26 Brownlow Crescent, Pinchbeck, Spalding, Lincs, PE11 3XB",140000,59,57200,82800,19-01-2021,House,3,26,PE11 3XB,Lincs,26 Brownlow Crescent,NA,Brownlow Crescent,Spalding
"48 Gleed Avenue, Donington, Spalding, Lincs, PE11 4UF",130000,37,81900,48100,02-02-2021,House,2,48,PE11 4UF,Lincs,48 Gleed Avenue,NA,Gleed Avenue,Spalding
"3 Third Avenue, Spalding, Lincs, PE11 1LW",140000,56,61600,78400,16-03-2021,House,3,3,PE11 1LW,Lincs,3 Third Avenue,NA,Third Avenue,Spalding
"6 Batemans Close, Gedney, Spalding, Lincs, PE12 0BX",125000,45,68750,56250,06-03-2021,House,3,6,PE12 0BX,Lincs,6 Batemans Close,NA,Batemans Close,Spalding
"58 Edinburgh Walk, West Pinchbeck, Spalding, Lincs, PE11 3NG",128000,35,83200,44800,18-06-2021,House,3,58,PE11 3NG,Lincs,58 Edinburgh Walk,NA,Edinburgh Walk,Spalding
"56 Station Road, Tydd Gote, Wisbech, Cambs, PE13 5QA",127500,37,80325,47175,22-06-2021,House,3,56,PE13 5QA,Cambs,56 Station Road,NA,Station Road,Wisbech
"29 Coronation Avenue, Deeping St Nicholas, Spalding, Lincs, PE11 3EP",136000,37,85680,50320,29-06-2021,House,2,29,PE11 3EP,Lincs,29 Coronation Avenue,NA,Coronation Avenue,Spalding
"12 Harrow Road, Deeping St Nicholas, Spalding, Lincs, PE11 3ES",147500,37,92925,54575,20-07-2021,House,3,12,PE11 3ES,Lincs,12 Harrow Road,NA,Harrow Road,Spalding
"8 Royal Close, Sutton Bridge, Spalding, Lincs, PE12 9SZ",137500,59,56375,81125,04-08-2021,House,3,8,PE12 9SZ,Lincs,8 Royal Close,NA,Royal Close,Spalding
"12 Laburnum Grove, Spalding, Lincs, PE11 2LX",145000,51,71050,73950,10-08-2021,House,3,12,PE11 2LX,Lincs,12 Laburnum Grove,NA,Laburnum Grove,Spalding
"24A Chestnut Avenue, Spalding, Lincs, PE11 2LL",90000,35,58500,31500,24-08-2021,Bungalow,1,24A,PE11 2LL,Lincs,24A Chestnut Avenue,NA,Chestnut Avenue,Spalding
"1 Marsh Road, Holbeach Hurn, Spalding, Lincs, PE12 8JY",140250,45,77137.5,63112.5,31-08-2021,House,3,1,PE12 8JY,Lincs,1 Marsh Road,NA,Marsh Road,Spalding
"46 Gleed Avenue, Donington, Spalding, Lincs, PE11 4UF",126000,53,59220,66780,31-08-2021,House,2,46,PE11 4UF,Lincs,46 Gleed Avenue,NA,Gleed Avenue,Spalding
"8 Carrington Drive, Deeping St Nicholas, Spalding, Lincs, PE11 3HR",135000,46,72900,62100,31-08-2021,Bungalow,2,8,PE11 3HR,Lincs,8 Carrington Drive,NA,Carrington Drive,Spalding
"27 Low Lane, Holbeach, Spalding, Lincs, PE12 7PN",129625,35,84256.25,45368.75,12-10-2021,House,2,27,PE12 7PN,Lincs,27 Low Lane,NA,Low Lane,Spalding
"290 High Road, Whaplode, Spalding, Lincs, PE12 6TG",175000,48,90800,84200,19-10-2021,House,3,290,PE12 6TG,Lincs,290 High Road,NA,High Road,Spalding
"7 Whitehall, Gosberton, Spalding, Lincs, PE11 4HQ",150000,47,79500,70500,19-10-2021,House,3,7,PE11 4HQ,Lincs,7 Whitehall,NA,Whitehall,Spalding
"4 St Johns Road, Weston Hills, Spalding, Lincs, PE12 6DG",150000,56,66000,84000,26-10-2021,House,3,4,PE12 6DG,Lincs,4 St Johns Road,NA,St Johns Road,Spalding
"14 Clough Road, Holbeach Bank, Spalding, Lincs, PE12 8BW",132500,64,48300,84200,02-11-2021,House,3,14,PE12 8BW,Lincs,14 Clough Road,NA,Clough Road,Spalding
"8 King George V Avenue, Holbeach, Spalding, Lincs, PE12 7PL",132000,39,80520,51480,02-11-2021,House,3,8,PE12 7PL,Lincs,8 King George V Avenue,NA,King George V Avenue,Spalding
"50 St Margarets, Quadring, Spalding, Lincs, PE11 4PR",137000,38,84940,52060,23-11-2021,House,3,50,PE11 4PR,Lincs,50 St Margarets,NA,St Margarets,Spalding
"22 Nenelands, Sutton Bridge, Spalding, Lincs, PE12 9YW",135000,44,75600,59400,23-11-2021,House,3,22,PE12 9YW,Lincs,22 Nenelands,NA,Nenelands,Spalding
"16 Fulney Avenue, Spalding, Lincs, PE11 2JB",130000,35,84500,45500,23-11-2021,House,3,16,PE11 2JB,Lincs,16 Fulney Avenue,NA,Fulney Avenue,Spalding
"34 Cranesgate North, Whaplode St Catherines, Spalding, Lincs, PE12 6SR",140000,35,91000,49000,30-11-2021,House,3,34,PE12 6SR,Lincs,34 Cranesgate North,NA,Cranesgate North,Spalding
"46 St Margarets, Quadring, Spalding, Lincs, PE11 4PR",130000,38,80600,49400,07-12-2021,House,2,46,PE11 4PR,Lincs,46 St Margarets,NA,St Margarets,Spalding
"49 Hereward Road, Spalding, Lincs, PE11 1HG",145000,47,76850,68150,11-01-2022,House,3,49,PE11 1HG,Lincs,49 Hereward Road,NA,Hereward Road,Spalding
"15 Days Lane, Donington, Spalding, Lincs, PE11 4XT",137000,62,52400,84600,18-01-2022,House,3,15,PE11 4XT,Lincs,15 Days Lane,NA,Days Lane,Spalding
"16 Goodfellows Road, Spalding, Lincs, PE11 3AT",130000,44,72800,57200,18-01-2022,House,3,16,PE11 3AT,Lincs,16 Goodfellows Road,NA,Goodfellows Road,Spalding
"69 Gleed Avenue, Donington, Spalding, Lincs, PE11 4UG",125000,35,81250,43750,01-02-2022,House,2,69,PE11 4UG,Lincs,69 Gleed Avenue,NA,Gleed Avenue,Spalding
"23 Holyrood Walk, Spalding, Lincs, PE11 2RY",135000,62,50800,84200,22-02-2022,House,3,23,PE11 2RY,Lincs,23 Holyrood Walk,NA,Holyrood Walk,Spalding
"10 Coronation Avenue, Throckenholt, Spalding, Lincs, PE12 0QT",142500,55,64125,78375,22-02-2022,House,3,10,PE12 0QT,Lincs,10 Coronation Avenue,NA,Coronation Avenue,Spalding
"18 Campling Place, Holbeach Bank, Spalding, Lincs, PE12 8BU",125000,51,61250,63750,22-02-2022,House,3,18,PE12 8BU,Lincs,18 Campling Place,NA,Campling Place,Spalding
"20 Carrington Drive, Deeping St Nicholas, Spalding, Lincs, PE11 3HR",155000,39,94550,60450,22-03-2022,House,3,20,PE11 3HR,Lincs,20 Carrington Drive,NA,Carrington Drive,Spalding
"1 Washway Road, Saracens Head, Spalding, Lincs, PE12 8AZ",125000,40,75000,50000,29-03-2022,House,3,1,PE12 8AZ,Lincs,1 Washway Road,NA,Washway Road,Spalding
"15 Station Road, Moulton, Spalding, Lincs, PE12 6QE",155000,54,70800,84200,29-03-2022,House,3,15,PE12 6QE,Lincs,15 Station Road,NA,Station Road,Spalding
"98 Pennygate, Spalding, Lincs, PE11 1NW",145000,53,68150,76850,10-05-2022,House,2,98,PE11 1NW,Lincs,98 Pennygate,NA,Pennygate,Spalding
"31 Wignals Gate, Holbeach, Spalding, Lincs, PE12 7HL",130000,53,61100,68900,24-05-2022,House,3,31,PE12 7HL,Lincs,31 Wignals Gate,NA,Wignals Gate,Spalding
"1 Third Avenue, Spalding, Lincs, PE11 1LW",147500,41,87025,60475,24-05-2022,House,3,1,PE11 1LW,Lincs,1 Third Avenue,NA,Third Avenue,Spalding
"21 Tolls Lane, Holbeach, Spalding, Lincs, PE12 7PR",155000,51,75950,79050,24-05-2022,House,3,21,PE12 7PR,Lincs,21 Tolls Lane,NA,Tolls Lane,Spalding
"1 Clarkson Avenue, Cowbit, Spalding, Lincs, PE12 6AJ",125000,45,68750,56250,31-05-2022,House,3,1,PE12 6AJ,Lincs,1 Clarkson Avenue,NA,Clarkson Avenue,Spalding
"36 Chestnut Avenue, Spalding, Lincs, PE11 2LL",157000,35,102050,54950,18-07-2022,House,3,36,PE11 2LL,Lincs,36 Chestnut Avenue,NA,Chestnut Avenue,Spalding
"12 Whitehall, Gosberton, Spalding, Lincs, PE11 4HQ",165000,51,80400,84600,25-07-2022,House,3,12,PE11 4HQ,Lincs,12 Whitehall,NA,Whitehall,Spalding
"63 Millfield Gardens, Crowland, Peterborough, Cambs, PE6 0HA",160000,47,84800,75200,01-09-2022,House,3,63,PE6 0HA,Cambs,63 Millfield Gardens,NA,Millfield Gardens,Peterborough
"12 Clarence Gardens, Spalding, Lincs, PE11 2RZ",125000,45,68750,56250,01-09-2022,House,3,12,PE11 2RZ,Lincs,12 Clarence Gardens,NA,Clarence Gardens,Spalding
"9 St Pauls Road, Spalding, Lincs, PE11 2LT",120000,63,44400,75600,05-09-2022,House,3,9,PE11 2LT,Lincs,9 St Pauls Road,NA,St Pauls Road,Spalding
"50 Spalding Common, Spalding, Lincs, PE11 3AU",120000,35,78000,42000,05-09-2022,House,3,50,PE11 3AU,Lincs,50 Spalding Common,NA,Spalding Common,Spalding
"1 Coronation Avenue, Throckenholt, Spalding, Lincs, PE12 0QT",163500,52,78900,84600,26-09-2022,House,3,1,PE12 0QT,Lincs,1 Coronation Avenue,NA,Coronation Avenue,Spalding
"74 Jekils Bank, Holbeach St Johns, Spalding, Lincs, PE12 8RF",137500,42,79750,57750,26-09-2022,House,3,74,PE12 8RF,Lincs,74 Jekils Bank,NA,Jekils Bank,Spalding
"22 St Marys Avenue, Pinchbeck, Spalding, Lincs, PE11 3RW",175000,42,101500,73500,10-10-2022,House,3,22,PE11 3RW,Lincs,22 St Marys Avenue,NA,St Marys Avenue,Spalding
"12 Counter Drain, Tongue End, Spalding, Lincs, PE11 3JJ",165000,51,80400,84600,10-10-2022,House,3,12,PE11 3JJ,Lincs,12 Counter Drain,NA,Counter Drain,Spalding
"6 Bridge Road, Little Sutton, Spalding, Lincs, PE12 9EG",160000,43,91200,68800,17-10-2022,House,3,6,PE12 9EG,Lincs,6 Bridge Road,NA,Bridge Road,Spalding
"126 Roman Bank, Spalding, Lincs, PE11 2HR",125000,58,52500,72500,17-10-2022,House,3,126,PE11 2HR,Lincs,126 Roman Bank,NA,Roman Bank,Spalding
"55 Northorpe Road, Donington, Spalding, Lincs, PE11 4XU",140000,47,74200,65800,25-10-2022,House,3,55,PE11 4XU,Lincs,55 Northorpe Road,NA,Northorpe Road,Spalding
"94 Railway Lane South, Sutton Bridge, Spalding, Lincs, PE12 9XA",140000,36,89600,50400,28-11-2022,House,3,94,PE12 9XA,Lincs,94 Railway Lane South,NA,Railway Lane South,Spalding
"2 Third Avenue, Spalding, Lincs, PE11 1LW",140000,53,65800,74200,05-12-2022,House,3,2,PE11 1LW,Lincs,2 Third Avenue,NA,Third Avenue,Spalding
"28 Broad Lane, Moulton, Spalding, Lincs, PE12 6PN",186500,36,119360,67140,05-12-2022,House,3,28,PE12 6PN,Lincs,28 Broad Lane,NA,Broad Lane,Spalding
"14 King George V Avenue, Holbeach, Spalding, Lincs, PE12 7PL",140000,43,79800,60200,05-12-2022,House,3,14,PE12 7PL,Lincs,14 King George V Avenue,NA,King George V Avenue,Spalding
"6 Parkin Road, Cowbit, Spalding, Lincs, PE12 6AN",160000,55,72800,87200,19-12-2022,House,3,6,PE12 6AN,Lincs,6 Parkin Road,NA,Parkin Road,Spalding
"5 Oakley Place, Holbeach Hurn, Spalding, Lincs, PE12 8JU",155000,56,67800,87200,16-01-2023,House,3,5,PE12 8JU,Lincs,5 Oakley Place,NA,Oakley Place,Spalding
"13 Royce Road, Spalding, Lincs, PE11 2JA",130000,44,72800,57200,30-01-2023,House,3,13,PE11 2JA,Lincs,13 Royce Road,NA,Royce Road,Spalding
